danceability,energy,loudness,speechiness,acousticness,instrumentalness,liveness,valence,tempo,duration_ms,popularity,track_genre
0.676,0.461,-6.746,0.143,0.0322,1.01e-06,0.358,0.715,87.917,230666,73,acoustic
0.42,0.166,-17.235,0.0763,0.924,5.56e-06,0.101,0.267,77.489,149610,55,acoustic
0.438,0.359,-9.734,0.0557,0.21,0.0,0.117,0.12,76.332,210826,57,acoustic
0.266,0.0596,-18.515,0.0363,0.905,7.07e-05,0.132,0.143,181.74,201933,71,acoustic
0.618,0.443,-9.681,0.0526,0.469,0.0,0.0829,0.167,119.949,198853,82,acoustic
0.688,0.481,-8.807,0.105,0.289,0.0,0.189,0.666,98.017,214240,58,acoustic
0.407,0.147,-8.822,0.0355,0.857,2.89e-06,0.0913,0.0765,141.284,229400,74,acoustic
0.703,0.444,-9.331,0.0417,0.559,0.0,0.0973,0.712,150.96,242946,80,acoustic
0.625,0.414,-8.7,0.0369,0.294,0.0,0.151,0.669,130.088,189613,74,acoustic
0.442,0.632,-6.77,0.0295,0.426,0.00419,0.0735,0.196,78.899,205594,56,acoustic
0.627,0.363,-8.127,0.0291,0.279,0.0,0.0928,0.301,99.905,244800,74,acoustic
0.483,0.303,-10.058,0.0429,0.694,0.0,0.115,0.139,133.406,240165,69,acoustic
0.489,0.314,-9.245,0.0331,0.749,0.0,0.113,0.607,124.234,198712,52,acoustic
0.691,0.234,-6.441,0.0285,0.777,0.0,0.12,0.209,87.103,248448,62,acoustic
0.755,0.78,-6.084,0.0327,0.124,2.83e-05,0.121,0.387,120.004,188133,56,acoustic
0.489,0.561,-7.933,0.0274,0.2,4.56e-05,0.179,0.238,83.457,244986,58,acoustic
0.706,0.112,-18.098,0.0391,0.827,4.03e-06,0.125,0.414,110.154,129750,56,acoustic
0.795,0.0841,-18.09,0.0461,0.742,1.17e-05,0.0853,0.609,91.803,169728,54,acoustic
0.625,0.414,-8.7,0.0369,0.294,0.0,0.151,0.669,130.088,189613,68,acoustic
0.717,0.32,-8.393,0.0283,0.83,0.0,0.107,0.322,107.946,260186,67,acoustic
0.703,0.444,-9.331,0.0417,0.559,0.0,0.0973,0.712,150.96,242946,75,acoustic
0.678,0.351,-8.654,0.0266,0.747,0.0,0.355,0.569,90.032,174174,63,acoustic
0.407,0.147,-8.822,0.0355,0.857,2.89e-06,0.0913,0.0765,141.284,229400,70,acoustic
0.572,0.454,-10.286,0.0258,0.477,1.37e-05,0.0974,0.515,140.182,216386,0,acoustic
0.796,0.667,-4.831,0.0392,0.381,0.0,0.221,0.754,97.988,231266,0,acoustic
0.755,0.454,-9.609,0.0352,0.757,0.0,0.236,0.33,120.06,302346,1,acoustic
0.62,0.309,-9.209,0.0495,0.788,0.0,0.146,0.664,145.363,131760,0,acoustic
0.633,0.429,-6.784,0.0381,0.0444,0.0,0.132,0.52,143.793,273653,0,acoustic
0.62,0.309,-9.209,0.0495,0.788,0.0,0.146,0.664,145.363,131760,0,acoustic
0.62,0.309,-9.209,0.0495,0.788,0.0,0.146,0.664,145.363,131760,0,acoustic
0.62,0.309,-9.209,0.0495,0.788,0.0,0.146,0.664,145.363,131760,0,acoustic
0.62,0.309,-9.209,0.0495,0.788,0.0,0.146,0.664,145.363,131760,0,acoustic
0.593,0.455,-8.192,0.0388,0.366,0.0,0.0914,0.564,202.019,234186,0,acoustic
0.296,0.206,-11.799,0.0412,0.782,0.000225,0.0959,0.202,165.4,259558,0,acoustic
0.296,0.206,-11.799,0.0412,0.782,0.000225,0.0959,0.202,165.4,259558,0,acoustic
0.296,0.206,-11.799,0.0412,0.782,0.000225,0.0959,0.202,165.4,259558,0,acoustic
0.409,0.153,-10.74,0.0306,0.939,2.56e-05,0.108,0.18,85.262,257493,0,acoustic
0.501,0.0952,-12.931,0.054,0.963,1.58e-05,0.0915,0.316,138.016,247791,0,acoustic
0.606,0.326,-10.031,0.0294,0.841,0.0,0.139,0.414,91.626,206267,0,acoustic
0.409,0.153,-10.74,0.0306,0.939,2.56e-05,0.108,0.18,85.262,257493,0,acoustic
0.474,0.519,-5.291,0.0253,0.281,0.0,0.107,0.326,151.832,306794,0,acoustic
0.568,0.301,-10.163,0.0373,0.796,3.37e-06,0.118,0.142,88.029,266960,0,acoustic
0.568,0.686,-6.635,0.033,0.15,1.81e-06,0.0881,0.725,172.075,230098,0,acoustic
0.568,0.686,-6.635,0.033,0.15,1.81e-06,0.0881,0.725,172.075,230098,0,acoustic
0.476,0.666,-3.438,0.0446,0.314,0.0,0.342,0.498,148.155,193943,0,acoustic
0.568,0.686,-6.635,0.033,0.15,1.81e-06,0.0881,0.725,172.075,230098,0,acoustic
0.568,0.686,-6.635,0.033,0.15,1.81e-06,0.0881,0.725,172.075,230098,0,acoustic
0.568,0.686,-6.635,0.033,0.15,1.81e-06,0.0881,0.725,172.075,230098,0,acoustic
0.568,0.686,-6.635,0.033,0.15,1.81e-06,0.0881,0.725,172.075,230098,0,acoustic
0.568,0.686,-6.635,0.033,0.15,1.81e-06,0.0881,0.725,172.075,230098,0,acoustic
0.596,0.2,-10.424,0.0305,0.91,0.000183,0.0884,0.308,107.893,213098,46,acoustic
0.373,0.914,-4.185,0.0565,0.076,0.0,0.669,0.56,168.21,232360,61,acoustic
0.494,0.652,-5.863,0.0314,0.0754,0.00256,0.125,0.298,137.018,241119,60,acoustic
0.447,0.393,-8.65,0.038,0.785,0.0,0.28,0.564,73.139,220239,68,acoustic
0.576,0.331,-9.389,0.0306,0.894,3.44e-05,0.129,0.407,149.02,171543,52,acoustic
0.536,0.89,-5.222,0.0375,0.078,0.0202,0.131,0.273,121.974,286865,62,acoustic
0.526,0.333,-13.02,0.0314,0.91,0.168,0.111,0.159,94.951,234473,51,acoustic
0.501,0.381,-9.448,0.036,0.687,0.00133,0.119,0.502,80.075,216000,0,acoustic
0.27,0.275,-10.357,0.0356,0.834,0.0,0.146,0.231,168.964,232760,67,acoustic
0.731,0.507,-6.477,0.046,0.572,0.0,0.0912,0.265,117.969,178600,57,acoustic
0.375,0.457,-7.018,0.0315,0.868,0.0145,0.191,0.415,174.839,254400,75,acoustic
0.43,0.791,-5.419,0.0302,0.0726,0.0193,0.11,0.217,171.864,244320,62,acoustic
0.616,0.282,-15.317,0.0331,0.983,0.833,0.13,0.435,96.638,124933,66,acoustic
0.705,0.347,-8.249,0.0301,0.674,0.0,0.12,0.36,80.057,222146,64,acoustic
0.582,0.255,-10.254,0.0306,0.772,0.0,0.0889,0.285,139.884,181852,62,acoustic
0.549,0.274,-12.565,0.0379,0.798,6.63e-06,0.103,0.207,86.664,186584,58,acoustic
0.787,0.355,-11.429,0.0288,0.896,0.0201,0.111,0.48,99.978,159600,65,acoustic
0.397,0.303,-7.508,0.0435,0.381,0.0,0.101,0.172,81.05,250266,67,acoustic
0.548,0.42,-7.842,0.0277,0.198,4.46e-06,0.0899,0.196,128.012,318908,65,acoustic
0.787,0.403,-11.989,0.033,0.603,0.00857,0.131,0.264,118.042,222351,44,acoustic
0.484,0.573,-6.183,0.0298,0.0882,1.14e-06,0.15,0.346,139.966,219480,55,acoustic
0.382,0.416,-9.303,0.0302,0.0733,0.0,0.0719,0.125,102.089,221693,70,acoustic
0.541,0.575,-9.463,0.0491,0.677,0.215,0.102,0.428,91.98,354400,57,acoustic
0.607,0.473,-8.555,0.034,0.712,0.0,0.66,0.54,119.698,177500,56,acoustic
0.417,0.595,-7.84,0.0396,0.158,0.000269,0.101,0.117,147.928,247840,56,acoustic
0.572,0.454,-10.286,0.0258,0.477,1.37e-05,0.0974,0.515,140.182,216386,67,acoustic
0.709,0.913,-5.148,0.0748,0.0182,0.0,0.167,0.519,108.024,229320,62,acoustic
0.537,0.342,-13.553,0.0273,0.645,0.266,0.0687,0.253,109.236,330933,45,acoustic
0.602,0.336,-11.106,0.0369,0.883,0.0017,0.143,0.335,90.894,172213,64,acoustic
0.643,0.638,-4.947,0.0407,0.204,0.0,0.0707,0.6,82.001,226106,65,acoustic
0.451,0.7,-6.597,0.0431,0.455,0.00233,0.405,0.37,150.055,235173,0,acoustic
0.546,0.391,-10.786,0.063,0.784,2.72e-06,0.0552,0.202,139.669,195213,0,acoustic
0.561,0.327,-10.835,0.0327,0.902,0.000469,0.111,0.298,161.858,236306,68,acoustic
0.479,0.541,-9.862,0.0543,0.74,0.0,0.108,0.3,85.994,181400,0,acoustic
0.479,0.541,-9.862,0.0543,0.74,0.0,0.108,0.3,85.994,181400,0,acoustic
0.436,0.4,-11.485,0.0272,0.904,0.00105,0.125,0.351,100.734,164500,61,acoustic
0.551,0.836,-3.838,0.0524,0.00502,2.1e-05,0.0425,0.758,185.063,220573,70,acoustic
0.409,0.153,-10.74,0.0306,0.939,2.56e-05,0.108,0.18,85.262,257493,0,acoustic
0.409,0.153,-10.74,0.0306,0.939,2.56e-05,0.108,0.18,85.262,257493,0,acoustic
0.6,0.845,-7.076,0.0311,0.048,0.0,0.24,0.392,97.631,210612,62,acoustic
0.492,0.145,-14.504,0.0422,0.872,9.68e-06,0.107,0.218,90.078,154440,0,acoustic
0.492,0.145,-14.504,0.0422,0.872,9.68e-06,0.107,0.218,90.078,154440,0,acoustic
0.447,0.555,-6.018,0.0349,0.218,3.46e-06,0.124,0.33,117.888,263866,0,acoustic
0.492,0.145,-14.504,0.0422,0.872,9.68e-06,0.107,0.218,90.078,154440,0,acoustic
0.492,0.145,-14.504,0.0422,0.872,9.68e-06,0.107,0.218,90.078,154440,0,acoustic
0.492,0.145,-14.504,0.0422,0.872,9.68e-06,0.107,0.218,90.078,154440,0,acoustic
0.492,0.145,-14.504,0.0422,0.872,9.68e-06,0.107,0.218,90.078,154440,0,acoustic
0.492,0.145,-14.504,0.0422,0.872,9.68e-06,0.107,0.218,90.078,154440,0,acoustic
0.661,0.937,-5.157,0.0979,0.322,1.04e-06,0.19,0.805,105.549,177613,0,acoustic
0.603,0.78,-5.531,0.0438,0.139,0.0,0.164,0.693,100.499,199040,0,acoustic
0.626,0.655,-6.69,0.0263,0.503,0.0,0.13,0.542,92.003,293040,58,acoustic
0.794,0.38,-8.769,0.0477,0.762,0.0,0.262,0.617,114.99,138495,50,acoustic
0.52,0.279,-10.739,0.0547,0.894,0.000105,0.103,0.0951,69.642,198626,59,acoustic
0.545,0.658,-7.174,0.0474,0.496,0.0,0.105,0.683,76.971,292566,57,acoustic
0.728,0.266,-7.322,0.0293,0.872,1.03e-05,0.114,0.307,115.189,199019,60,acoustic
0.66,0.407,-8.381,0.0571,0.236,0.0,0.109,0.257,133.86,181760,61,acoustic
0.357,0.161,-10.667,0.0388,0.971,1.4e-05,0.358,0.325,83.449,349920,49,acoustic
0.479,0.154,-11.282,0.0352,0.915,0.0,0.0974,0.36,147.207,204973,55,acoustic
0.592,0.769,-5.268,0.0311,0.319,4.66e-06,0.137,0.385,102.033,322146,51,acoustic
0.7,0.454,-10.39,0.0388,0.55,0.0022,0.121,0.34,80.011,210375,46,acoustic
0.402,0.197,-10.775,0.0295,0.858,1.05e-06,0.114,0.148,100.044,131000,57,acoustic
0.507,0.378,-9.019,0.0332,0.852,0.000212,0.0937,0.085,135.86,218531,58,acoustic
0.619,0.226,-13.453,0.0641,0.959,4.42e-05,0.106,0.188,124.96,195945,51,acoustic
0.404,0.571,-5.069,0.0303,0.182,2.08e-05,0.129,0.29,147.01,245933,63,acoustic
0.418,0.79,-6.599,0.0506,0.0284,9.96e-06,0.117,0.197,175.975,212386,53,acoustic
0.633,0.299,-7.798,0.0353,0.833,0.0,0.109,0.341,147.549,225165,60,acoustic
0.565,0.0392,-28.276,0.045,0.835,0.183,0.117,0.601,125.399,112008,47,acoustic
0.664,0.0755,-19.836,0.0389,0.91,0.0,0.164,0.575,80.004,123609,60,acoustic
0.585,0.303,-10.058,0.0398,0.694,0.0,0.115,0.142,136.703,240165,66,acoustic
0.65,0.271,-11.081,0.0314,0.794,6.9e-05,0.196,0.21,78.036,265843,67,acoustic
0.534,0.213,-8.64,0.0283,0.884,0.0,0.107,0.0998,98.385,194194,43,acoustic
0.456,0.386,-10.293,0.032,0.835,0.108,0.389,0.612,165.733,154600,54,acoustic
0.409,0.234,-13.711,0.0323,0.338,5e-05,0.0895,0.145,139.832,158960,60,acoustic
0.502,0.53,-9.573,0.0266,0.805,0.000738,0.0728,0.102,78.046,319000,49,acoustic
0.496,0.117,-12.884,0.0301,0.933,0.0,0.126,0.318,78.068,214360,57,acoustic
0.585,0.724,-6.513,0.0745,0.315,0.0681,0.0448,0.333,187.484,204480,42,acoustic
0.582,0.253,-11.43,0.0259,0.827,2.95e-05,0.091,0.294,90.186,277000,67,acoustic
0.637,0.14,-11.472,0.0407,0.903,0.0,0.107,0.392,139.78,214240,61,acoustic
0.672,0.623,-5.699,0.0297,0.241,0.0,0.0848,0.617,92.018,215173,71,acoustic
0.422,0.272,-10.772,0.0353,0.496,1.07e-05,0.0704,0.113,143.413,296862,49,acoustic
0.47,0.801,-6.426,0.0352,0.0758,3.53e-05,0.218,0.431,173.92,235813,61,acoustic
0.564,0.864,-5.121,0.0341,0.0761,0.0,0.182,0.534,95.984,228933,61,acoustic
0.521,0.495,-7.756,0.027,0.128,0.0,0.296,0.116,135.061,339196,20,acoustic
0.616,0.81,-6.51,0.0668,0.369,0.0,0.107,0.79,97.994,296843,22,acoustic
0.615,0.812,-6.573,0.0458,0.184,0.0,0.328,0.74,98.954,218240,35,acoustic
0.478,0.305,-13.062,0.0306,0.675,0.00139,0.169,0.0974,108.66,151773,60,acoustic
0.479,0.541,-9.862,0.0545,0.737,0.0,0.108,0.321,85.994,181400,59,acoustic
0.587,0.767,-5.713,0.0449,0.225,0.0,0.112,0.664,100.38,201706,73,acoustic
0.514,0.569,-7.866,0.03,0.601,2.21e-06,0.218,0.264,142.597,192260,22,acoustic
0.646,0.836,-6.203,0.0327,0.301,3.23e-05,0.29,0.727,105.991,198855,19,acoustic
0.57,0.711,-4.155,0.0703,0.119,0.0,0.352,0.648,163.117,191889,24,acoustic
0.678,0.199,-9.785,0.0307,0.957,3.23e-06,0.0968,0.262,72.006,171293,57,acoustic
0.589,0.867,-4.523,0.0385,0.041,0.0,0.306,0.795,94.52,256440,35,acoustic
0.626,0.926,-4.441,0.0477,0.0265,0.0,0.159,0.548,99.997,221425,20,acoustic
0.686,0.556,-8.5,0.0271,0.532,0.0,0.0922,0.36,112.997,255047,18,acoustic
0.56,0.832,-5.595,0.0352,0.108,0.0,0.232,0.802,100.957,208793,19,acoustic
0.619,0.793,-5.964,0.0661,0.263,0.0,0.0828,0.892,177.991,214552,23,acoustic
0.56,0.278,-12.501,0.0921,0.733,0.0,0.112,0.594,102.187,264280,19,acoustic
0.595,0.805,-7.926,0.0543,0.0167,1.06e-05,0.0691,0.359,102.44,289041,18,acoustic
0.438,0.827,-6.531,0.0328,0.0512,0.000402,0.319,0.645,143.377,322080,65,acoustic
0.582,0.375,-13.277,0.0329,0.702,0.0631,0.136,0.106,129.909,238971,55,acoustic
0.453,0.295,-12.881,0.0291,0.518,0.00011,0.293,0.14,146.022,276575,47,acoustic
0.636,0.625,-7.895,0.0277,0.222,5.35e-05,0.119,0.342,93.931,249120,56,acoustic
0.639,0.201,-16.613,0.0526,0.907,2.26e-05,0.124,0.4,88.107,111734,53,acoustic
0.69,0.423,-9.194,0.0294,0.883,0.0123,0.111,0.59,130.121,210760,49,acoustic
0.599,0.349,-9.269,0.0301,0.819,0.0,0.112,0.444,147.913,255688,51,acoustic
0.519,0.264,-11.171,0.0601,0.918,0.000253,0.237,0.192,140.354,181786,53,acoustic
0.643,0.569,-7.459,0.0276,0.544,2.17e-05,0.178,0.275,120.507,244600,66,acoustic
0.573,0.624,-9.076,0.0324,0.471,0.117,0.114,0.529,161.025,174546,56,acoustic
0.654,0.821,-5.472,0.0264,0.00666,0.00299,0.228,0.613,111.958,234330,47,acoustic
0.426,0.399,-8.447,0.034,0.761,0.00112,0.118,0.217,115.979,255600,51,acoustic
0.505,0.21,-11.349,0.0295,0.907,0.0,0.11,0.323,80.721,176542,55,acoustic
0.693,0.43,-9.395,0.0442,0.565,0.0,0.0928,0.731,151.001,243494,60,acoustic
0.739,0.287,-14.007,0.059,0.969,0.961,0.111,0.557,80.64,188695,40,acoustic
0.453,0.146,-8.976,0.0343,0.867,3.49e-06,0.0945,0.0915,137.905,229400,58,acoustic
0.606,0.54,-6.271,0.0339,0.182,0.000144,0.144,0.249,79.952,216853,55,acoustic
0.595,0.646,-5.495,0.0327,0.11,0.0,0.258,0.563,120.049,149000,50,acoustic
0.736,0.145,-9.215,0.0336,0.855,0.0,0.108,0.235,129.832,157231,52,acoustic
0.479,0.126,-13.974,0.0303,0.966,0.0,0.113,0.279,96.327,226603,54,acoustic
0.583,0.786,-3.142,0.0301,0.0208,0.0,0.188,0.573,123.055,258826,73,acoustic
0.549,0.291,-13.457,0.0388,0.858,0.000846,0.129,0.376,75.153,194013,38,acoustic
0.418,0.489,-8.373,0.0323,0.287,0.0288,0.42,0.398,72.891,242439,53,acoustic
0.498,0.12,-17.721,0.0487,0.851,0.0,0.171,0.338,121.187,232500,55,acoustic
0.769,0.135,-12.049,0.061,0.986,0.905,0.106,0.471,103.939,156787,41,acoustic
0.434,0.469,-7.849,0.0265,0.52,0.000328,0.108,0.0568,136.282,263823,46,acoustic
0.452,0.198,-9.374,0.0335,0.931,2.24e-06,0.1,0.217,119.499,250916,63,acoustic
0.544,0.5,-8.253,0.026,0.0325,3.78e-06,0.109,0.177,93.621,238493,66,acoustic
0.662,0.187,-9.003,0.0268,0.969,0.000273,0.0922,0.233,104.988,215906,54,acoustic
0.497,0.13,-15.571,0.0436,0.841,0.0,0.111,0.179,130.769,181136,62,acoustic
0.528,0.291,-9.696,0.0401,0.914,0.0,0.121,0.355,76.805,157466,57,acoustic
0.461,0.522,-7.513,0.043,0.36,0.0,0.123,0.446,157.768,233728,68,acoustic
0.483,0.506,-6.058,0.0347,0.394,0.0,0.0946,0.705,87.337,216612,62,acoustic
0.392,0.423,-7.813,0.0348,0.27,0.0,0.117,0.288,113.537,245186,53,acoustic
0.42,0.2,-18.827,0.0492,0.929,0.49,0.0758,0.164,87.248,219613,44,acoustic
0.657,0.716,-5.675,0.0301,0.014,0.0,0.0483,0.435,93.924,248960,57,acoustic
0.495,0.185,-13.824,0.0288,0.692,0.00403,0.109,0.196,101.89,252466,52,acoustic
0.55,0.499,-9.502,0.0338,0.472,2.26e-06,0.0798,0.144,86.966,246613,53,acoustic
0.534,0.359,-9.311,0.0296,0.449,1.2e-05,0.331,0.267,131.804,198786,53,acoustic
0.378,0.52,-10.965,0.0382,0.777,0.0888,0.0979,0.357,73.744,226640,55,acoustic
0.606,0.349,-13.967,0.0319,0.764,0.306,0.112,0.156,80.071,203869,66,acoustic
0.486,0.555,-9.466,0.0271,0.818,0.00269,0.109,0.0992,77.987,317441,49,acoustic
0.577,0.446,-11.343,0.0313,0.554,0.0782,0.116,0.262,81.005,261640,60,acoustic
0.59,0.407,-9.079,0.0361,0.861,9.95e-06,0.094,0.276,145.852,211933,38,acoustic
0.538,0.315,-10.057,0.0291,0.96,0.00596,0.0979,0.4,91.921,218800,67,acoustic
0.447,0.158,-7.571,0.036,0.872,1.58e-06,0.0816,0.142,140.942,233266,57,acoustic
0.401,0.58,-6.86,0.0541,0.906,0.217,0.134,0.526,173.277,156453,60,acoustic
0.502,0.311,-13.421,0.0285,0.617,4.32e-05,0.129,0.4,107.612,165133,64,acoustic
0.678,0.612,-9.764,0.0339,0.1,0.316,0.164,0.857,118.381,216626,0,acoustic
0.65,0.406,-13.492,0.0761,0.568,0.0,0.484,0.862,79.642,251426,0,acoustic
0.649,0.399,-7.894,0.0256,0.184,0.000108,0.113,0.342,97.498,209293,0,acoustic
0.523,0.445,-6.359,0.0329,0.188,0.0,0.18,0.336,78.957,308146,61,acoustic
0.538,0.162,-13.31,0.0299,0.847,0.0,0.114,0.366,94.981,221170,50,acoustic
0.519,0.429,-7.707,0.0317,0.658,0.0,0.111,0.396,129.491,330786,47,acoustic
0.585,0.103,-12.682,0.0309,0.801,0.0,0.126,0.179,133.057,234135,58,acoustic
0.578,0.763,-4.824,0.0998,0.0916,2.8e-06,0.0743,0.394,96.808,173250,30,acoustic
0.223,0.891,-3.626,0.138,0.325,0.0,0.287,0.333,159.888,336619,52,acoustic
0.382,0.157,-16.157,0.0361,0.878,0.000473,0.112,0.224,136.11,144830,55,acoustic
0.642,0.374,-10.606,0.032,0.423,1.54e-06,0.435,0.0979,129.863,221538,67,acoustic
0.436,0.239,-12.83,0.0282,0.861,8.48e-05,0.0902,0.137,73.761,192972,45,acoustic
0.702,0.326,-6.638,0.0272,0.705,0.0,0.168,0.628,79.904,278640,56,acoustic
0.593,0.292,-12.755,0.0364,0.828,0.0,0.174,0.375,111.121,212864,37,acoustic
0.285,0.186,-12.729,0.0288,0.76,7.3e-05,0.104,0.203,153.848,219466,54,acoustic
0.636,0.625,-7.895,0.0277,0.222,5.35e-05,0.119,0.342,93.931,249120,66,acoustic
0.698,0.285,-7.632,0.0553,0.927,0.0,0.0883,0.53,135.027,148400,63,acoustic
0.601,0.439,-7.589,0.0269,0.0642,0.0,0.0942,0.275,99.976,244800,58,acoustic
0.332,0.298,-14.174,0.0569,0.875,0.00784,0.114,0.243,83.555,270840,55,acoustic
0.386,0.452,-7.715,0.0278,0.417,0.0,0.0881,0.287,169.837,279826,65,acoustic
0.62,0.668,-5.719,0.0305,0.088,0.0,0.362,0.183,118.013,244067,69,acoustic
0.394,0.281,-11.12,0.0414,0.826,0.0,0.0854,0.485,90.044,214738,44,acoustic
0.59,0.552,-10.496,0.0407,0.654,0.000359,0.128,0.635,155.101,207677,39,acoustic
0.539,0.717,-7.385,0.031,0.000298,0.111,0.125,0.212,117.973,265506,54,acoustic
0.543,0.138,-14.331,0.0531,0.791,0.0,0.185,0.3,115.65,188494,44,acoustic
0.62,0.547,-6.772,0.0248,0.112,0.0,0.19,0.208,98.032,210354,70,acoustic
0.761,0.311,-10.597,0.0692,0.647,0.0,0.15,0.553,109.891,200706,64,acoustic
0.674,0.122,-17.963,0.0427,0.882,0.0,0.139,0.339,130.014,199256,40,acoustic
0.429,0.358,-9.076,0.0346,0.614,0.0,0.0875,0.187,134.279,205666,47,acoustic
0.456,0.101,-11.75,0.038,0.876,1.74e-06,0.0776,0.155,139.896,229573,40,acoustic
0.647,0.567,-8.971,0.0328,0.0318,0.0,0.133,0.374,125.871,240952,55,acoustic
0.322,0.213,-14.915,0.0318,0.611,0.0,0.113,0.16,160.389,199594,57,acoustic
0.482,0.381,-13.93,0.0311,0.455,0.00295,0.114,0.42,81.712,317280,48,acoustic
0.393,0.207,-11.865,0.0392,0.877,0.0,0.104,0.262,163.99,231965,54,acoustic
0.423,0.207,-8.811,0.0289,0.887,0.0,0.0948,0.209,149.664,200800,53,acoustic
0.522,0.152,-14.996,0.0303,0.788,2.37e-05,0.148,0.133,144.055,261665,60,acoustic
0.547,0.313,-7.982,0.0315,0.612,7.97e-06,0.111,0.261,133.737,231605,54,acoustic
0.504,0.321,-13.807,0.0316,0.149,0.000107,0.147,0.577,170.134,306200,62,acoustic
0.466,0.161,-14.498,0.0492,0.979,0.000238,0.231,0.171,139.167,224847,51,acoustic
0.619,0.28,-10.238,0.0317,0.73,0.0,0.103,0.292,129.948,250063,61,acoustic
0.596,0.429,-10.16,0.0377,0.775,0.0107,0.0962,0.229,148.086,201933,51,acoustic
0.645,0.169,-15.744,0.0317,0.844,0.00019,0.109,0.178,167.826,158013,63,acoustic
0.522,0.256,-11.216,0.0258,0.86,0.000806,0.142,0.13,76.349,296386,65,acoustic
0.681,0.168,-13.397,0.0291,0.793,0.000134,0.109,0.29,128.615,160453,64,acoustic
0.736,0.364,-5.966,0.0349,0.741,0.0,0.0932,0.371,110.023,182442,57,acoustic
0.451,0.528,-6.984,0.0364,0.366,0.0,0.0811,0.527,139.28,181360,54,acoustic
0.371,0.674,-3.72,0.0488,0.169,0.0,0.0889,0.92,87.603,169318,37,acoustic
0.731,0.572,-7.889,0.0445,0.105,0.00012,0.133,0.947,154.038,218573,63,acoustic
0.69,0.334,-5.626,0.066,0.947,0.0,0.0895,0.8,74.721,149160,53,acoustic
0.594,0.307,-13.062,0.0249,0.796,0.0414,0.15,0.24,94.026,183293,0,acoustic
0.608,0.917,-5.341,0.0601,0.236,0.0,0.13,0.936,117.875,169266,36,acoustic
0.687,0.494,-9.421,0.0505,0.324,5.5e-05,0.0867,0.621,93.269,272640,0,acoustic
0.687,0.494,-9.421,0.0505,0.324,5.5e-05,0.0867,0.621,93.269,272640,0,acoustic
0.652,0.15,-12.699,0.0363,0.923,0.0,0.102,0.361,104.018,176509,55,acoustic
0.765,0.241,-8.865,0.0373,0.873,0.0,0.111,0.182,123.95,179886,57,acoustic
0.589,0.249,-10.086,0.0329,0.717,0.0,0.106,0.363,150.096,184200,54,acoustic
0.588,0.604,-7.602,0.024,0.343,6.86e-05,0.252,0.351,92.02,447306,44,acoustic
0.735,0.203,-13.237,0.0539,0.854,0.00164,0.105,0.479,113.913,108346,51,acoustic
0.655,0.147,-14.409,0.0371,0.88,0.0,0.266,0.328,116.103,160768,42,acoustic
0.363,0.819,-3.128,0.0634,0.0591,0.0,0.0988,0.468,122.527,304320,47,acoustic
0.473,0.263,-8.609,0.033,0.814,0.0,0.142,0.315,87.145,201508,54,acoustic
0.676,0.768,-5.695,0.0294,0.149,0.00147,0.345,0.493,105.999,241132,73,acoustic
0.41,0.221,-11.673,0.0315,0.768,0.0,0.106,0.228,139.529,263710,56,acoustic
0.439,0.217,-13.166,0.0413,0.933,0.0,0.126,0.373,144.413,246345,56,acoustic
0.582,0.347,-14.769,0.0305,0.317,0.00678,0.111,0.0797,97.957,257173,59,acoustic
0.426,0.127,-13.287,0.0648,0.863,4.3e-06,0.0993,0.149,62.535,159012,57,acoustic
0.696,0.261,-12.107,0.0361,0.737,1.24e-05,0.11,0.361,136.053,178546,56,acoustic
0.549,0.24,-7.778,0.0338,0.947,0.0,0.106,0.167,119.58,268800,57,acoustic
0.541,0.192,-13.995,0.0282,0.893,0.0,0.193,0.317,139.938,197850,51,acoustic
0.662,0.711,-4.924,0.0279,0.0686,1.17e-05,0.085,0.352,119.989,222400,48,acoustic
0.665,0.185,-13.852,0.0381,0.913,0.0,0.334,0.458,82.474,142379,52,acoustic
0.591,0.175,-12.959,0.038,0.927,0.0,0.133,0.352,139.902,194667,54,acoustic
0.489,0.183,-14.769,0.033,0.907,3.95e-05,0.106,0.486,79.961,212400,55,acoustic
0.618,0.083,-23.665,0.057,0.745,0.000123,0.146,0.597,90.865,196304,41,acoustic
0.664,0.319,-8.149,0.0271,0.862,0.0,0.121,0.258,105.036,230868,49,acoustic
0.408,0.266,-12.9,0.0404,0.875,0.000498,0.104,0.35,143.651,186738,37,acoustic
0.623,0.132,-13.668,0.035,0.893,0.0,0.217,0.266,82.105,193536,52,acoustic
0.494,0.214,-11.041,0.0363,0.92,1.07e-05,0.107,0.35,125.981,196819,58,acoustic
0.374,0.183,-13.225,0.0281,0.897,0.0387,0.109,0.134,82.042,201440,48,acoustic
0.559,0.455,-8.937,0.0306,0.421,2.08e-06,0.103,0.396,159.985,204998,56,acoustic
0.642,0.408,-8.168,0.0396,0.729,0.0,0.185,0.411,119.81,219093,46,acoustic
0.48,0.618,-7.335,0.0501,0.844,8.93e-05,0.325,0.344,82.051,171800,55,acoustic
0.271,0.0937,-15.035,0.0367,0.939,0.0,0.108,0.147,164.721,211624,54,acoustic
0.594,0.695,-8.872,0.0259,0.19,3.58e-06,0.119,0.172,104.977,196240,57,acoustic
0.574,0.344,-8.995,0.0345,0.421,0.0,0.0804,0.0987,147.924,199459,49,acoustic
0.647,0.298,-7.91,0.0311,0.861,0.0,0.12,0.31,106.244,169253,55,acoustic
0.486,0.0399,-21.56,0.0405,0.953,8.74e-06,0.115,0.155,95.066,137066,51,acoustic
0.734,0.0423,-24.831,0.0583,0.916,0.0,0.108,0.14,123.905,128798,39,acoustic
0.711,0.231,-13.033,0.0346,0.832,0.00115,0.105,0.186,125.062,257972,60,acoustic
0.629,0.174,-9.697,0.141,0.616,0.0,0.118,0.305,134.295,146066,60,acoustic
0.615,0.406,-12.619,0.0358,0.541,1.67e-05,0.0982,0.541,166.035,172708,53,acoustic
0.503,0.357,-9.36,0.0272,0.727,0.0,0.128,0.438,136.135,246280,64,acoustic
0.45,0.183,-9.003,0.0309,0.762,3.41e-06,0.11,0.219,61.192,331984,34,acoustic
0.525,0.461,-9.489,0.0878,0.775,2.14e-06,0.362,0.202,147.997,216052,50,acoustic
0.555,0.934,-5.04,0.113,0.00268,0.0,0.122,0.422,144.874,243933,65,acoustic
0.678,0.363,-10.9,0.0318,0.872,0.000101,0.0798,0.543,75.004,199786,56,acoustic
0.555,0.452,-9.636,0.0554,0.694,0.0,0.0595,0.321,179.921,256933,57,acoustic
0.586,0.396,-9.953,0.0319,0.896,0.543,0.0992,0.16,142.591,279916,43,acoustic
0.588,0.142,-15.196,0.0329,0.863,0.000162,0.0953,0.288,119.656,250866,64,acoustic
0.724,0.652,-6.869,0.0247,0.46,0.000142,0.101,0.75,106.911,94053,58,acoustic
0.567,0.224,-10.024,0.0299,0.887,0.0,0.109,0.2,124.44,231813,64,acoustic
0.544,0.839,-8.991,0.0568,0.784,0.0,0.341,0.967,87.609,150047,35,acoustic
0.555,0.68,-8.358,0.0323,0.126,0.000906,0.0506,0.903,84.518,216773,36,acoustic
0.69,0.306,-9.193,0.0356,0.805,0.0,0.0968,0.424,115.671,145771,54,acoustic
0.513,0.317,-17.036,0.0363,0.365,0.003,0.118,0.177,84.853,279260,43,acoustic
0.494,0.152,-9.843,0.0313,0.947,0.0,0.123,0.304,134.178,162963,49,acoustic
0.634,0.267,-7.396,0.044,0.841,0.0,0.11,0.391,143.514,166189,55,acoustic
0.694,0.471,-8.62,0.0281,0.411,0.0,0.233,0.466,95.003,244188,54,acoustic
0.643,0.11,-14.28,0.0294,0.876,1.38e-05,0.112,0.152,101.995,165067,55,acoustic
0.422,0.41,-14.151,0.0467,0.00855,0.0,0.104,0.354,83.952,208571,39,acoustic
0.543,0.288,-8.608,0.0258,0.667,0.0,0.113,0.293,95.435,189240,51,acoustic
0.332,0.282,-7.257,0.044,0.825,0.0,0.104,0.234,187.057,182553,52,acoustic
0.43,0.121,-15.148,0.0404,0.908,0.0,0.161,0.461,91.211,183093,56,acoustic
0.432,0.197,-9.251,0.0414,0.87,0.0,0.11,0.348,163.985,243724,48,acoustic
0.592,0.769,-5.268,0.0311,0.319,4.66e-06,0.137,0.385,102.033,322146,41,acoustic
0.733,0.297,-14.452,0.0359,0.935,2.75e-06,0.108,0.766,103.953,209554,40,acoustic
0.394,0.249,-10.484,0.0396,0.927,0.0,0.115,0.329,79.549,198403,57,acoustic
0.41,0.234,-15.236,0.0421,0.798,0.00304,0.108,0.19,93.72,67746,53,acoustic
0.48,0.158,-15.239,0.0807,0.809,0.886,0.117,0.498,86.107,129032,30,acoustic
0.255,0.625,-8.31,0.0323,0.63,0.000211,0.0976,0.191,84.611,218004,49,acoustic
0.524,0.328,-10.001,0.0403,0.817,0.0,0.118,0.599,99.941,222911,26,acoustic
0.464,0.653,-7.514,0.101,0.199,0.0,0.0979,0.416,162.196,206693,53,acoustic
0.659,0.331,-8.987,0.0321,0.809,0.0,0.0996,0.0877,105.01,246979,52,acoustic
0.592,0.49,-8.508,0.0263,0.395,0.0,0.333,0.437,99.994,282950,51,acoustic
0.467,0.851,-4.203,0.0526,0.000353,0.0,0.33,0.644,93.873,222626,35,acoustic
0.564,0.391,-7.655,0.0311,0.478,0.0,0.127,0.101,130.03,219692,54,acoustic
0.498,0.384,-10.752,0.0976,0.818,0.000937,0.13,0.25,79.856,170786,50,acoustic
0.386,0.428,-9.949,0.0295,0.951,0.882,0.162,0.73,172.311,70133,53,acoustic
0.702,0.259,-9.73,0.0403,0.878,5.34e-06,0.108,0.246,120.102,200346,48,acoustic
0.747,0.265,-14.141,0.0354,0.745,0.0169,0.11,0.2,138.017,229653,49,acoustic
0.522,0.498,-7.247,0.0257,0.0758,1.51e-06,0.25,0.221,145.908,354213,35,acoustic
0.715,0.438,-6.147,0.0373,0.353,1.75e-06,0.108,0.447,81.07,183969,60,acoustic
0.642,0.374,-10.606,0.032,0.423,1.54e-06,0.435,0.0979,129.863,221538,65,acoustic
0.354,0.415,-6.578,0.0289,0.797,0.0,0.107,0.421,175.537,192545,52,acoustic
0.447,0.158,-7.571,0.036,0.872,1.58e-06,0.0816,0.142,140.942,233266,57,acoustic
0.687,0.748,-4.54,0.0785,0.24,0.0,0.373,0.872,88.944,193695,59,acoustic
0.588,0.914,-7.442,0.0341,0.832,0.856,0.103,0.971,128.553,205800,50,acoustic
0.456,0.205,-8.437,0.0313,0.92,0.00011,0.149,0.161,117.663,272612,49,acoustic
0.512,0.248,-10.359,0.0275,0.75,2.96e-05,0.114,0.158,109.692,211240,54,acoustic
0.582,0.282,-9.229,0.0316,0.793,2.01e-06,0.0744,0.278,118.019,204293,52,acoustic
0.568,0.18,-11.707,0.0284,0.758,6.17e-05,0.111,0.228,112.033,252386,46,acoustic
0.71,0.271,-9.541,0.0283,0.658,4.59e-06,0.115,0.686,131.88,203253,62,acoustic
0.574,0.704,-4.65,0.0318,0.0931,0.000281,0.136,0.338,117.086,291332,32,acoustic
0.64,0.895,-3.068,0.0316,0.273,0.0,0.247,0.94,115.941,172373,33,acoustic
0.669,0.854,-5.899,0.0431,0.0653,0.0,0.288,0.706,120.035,161328,58,acoustic
0.615,0.358,-9.694,0.0552,0.705,0.0,0.113,0.432,146.06,220306,57,acoustic
0.415,0.619,-7.624,0.123,0.946,2.75e-05,0.799,0.739,77.009,192392,34,acoustic
0.565,0.895,-5.354,0.04,0.194,0.0,0.101,0.592,149.919,207228,55,acoustic
0.586,0.702,-4.418,0.132,0.59,0.0,0.146,0.644,177.598,122874,33,acoustic
0.564,0.604,-5.055,0.0549,0.0287,4.74e-06,0.108,0.341,113.091,223015,33,acoustic
0.543,0.359,-6.571,0.0302,0.651,0.0,0.0981,0.346,109.735,155000,0,acoustic
0.543,0.359,-6.571,0.0302,0.651,0.0,0.0981,0.346,109.735,155000,0,acoustic
0.543,0.359,-6.571,0.0302,0.651,0.0,0.0981,0.346,109.735,155000,0,acoustic
0.638,0.287,-11.174,0.0412,0.81,0.0,0.0804,0.445,128.025,224170,52,acoustic
0.515,0.46,-11.261,0.0436,0.891,0.14,0.0874,0.259,140.067,239004,21,acoustic
0.622,0.221,-14.335,0.0583,0.901,0.0,0.107,0.297,131.827,181311,50,acoustic
0.44,0.0353,-20.858,0.0522,0.99,0.00312,0.108,0.362,181.988,144653,55,acoustic
0.457,0.064,-19.928,0.0339,0.941,0.108,0.107,0.0647,147.824,235135,46,acoustic
0.649,0.821,-6.483,0.0313,0.0302,0.000141,0.0843,0.661,121.938,248360,56,acoustic
0.495,0.329,-11.661,0.0386,0.652,7.61e-05,0.0606,0.0919,72.992,198344,40,acoustic
0.71,0.615,-8.23,0.133,0.0384,0.0,0.283,0.746,90.263,239697,21,acoustic
0.69,0.204,-12.427,0.0301,0.932,1.73e-06,0.119,0.525,139.587,186334,55,acoustic
0.596,0.195,-11.02,0.0264,0.926,0.0,0.139,0.176,82.114,226877,50,acoustic
0.66,0.743,-8.302,0.0506,0.0329,0.00136,0.098,0.445,130.025,273260,41,acoustic
0.733,0.657,-6.843,0.0272,0.013,6.73e-05,0.317,0.433,109.954,196920,44,acoustic
0.589,0.296,-9.335,0.083,0.842,0.0,0.0736,0.611,165.799,145056,57,acoustic
0.686,0.377,-9.59,0.0589,0.638,0.0,0.128,0.551,92.042,196026,33,acoustic
0.659,0.338,-10.367,0.0376,0.842,0.0,0.277,0.495,145.877,193027,56,acoustic
0.732,0.83,-6.63,0.0309,0.201,3.04e-05,0.0802,0.871,111.664,233280,32,acoustic
0.522,0.202,-13.38,0.0861,0.918,0.0,0.185,0.457,147.992,213091,35,acoustic
0.565,0.698,-8.596,0.0295,0.54,0.0183,0.124,0.155,120.013,253546,55,acoustic
0.474,0.408,-11.42,0.0332,0.603,2.77e-05,0.104,0.238,143.881,317400,33,acoustic
0.543,0.244,-8.062,0.0511,0.864,0.0,0.112,0.29,126.341,167616,46,acoustic
0.672,0.644,-9.063,0.236,0.795,0.0,0.146,0.549,148.135,211672,38,acoustic
0.515,0.769,-5.696,0.031,0.0456,0.00436,0.0961,0.644,153.046,274245,65,acoustic
0.759,0.684,-5.751,0.0315,0.269,0.0,0.13,0.759,107.948,170040,60,acoustic
0.62,0.21,-9.633,0.0274,0.911,2.22e-06,0.108,0.163,98.558,267765,54,acoustic
0.497,0.254,-11.716,0.0341,0.891,0.0441,0.122,0.0676,110.864,250146,37,acoustic
0.644,0.603,-5.83,0.0263,0.306,0.0,0.262,0.516,113.413,290480,34,acoustic
0.45,0.254,-9.873,0.0414,0.827,0.0,0.204,0.248,92.644,198218,55,acoustic
0.548,0.3,-12.71,0.0298,0.757,9.28e-06,0.0851,0.264,135.902,225400,51,acoustic
0.521,0.507,-7.007,0.0319,0.0162,4.43e-05,0.148,0.153,108.168,259877,48,acoustic
0.587,0.842,-6.04,0.0268,0.278,0.0,0.163,0.693,97.013,288426,34,acoustic
0.543,0.324,-11.258,0.0316,0.452,2.81e-05,0.412,0.181,139.883,219363,51,acoustic
0.742,0.636,-6.744,0.0331,0.446,0.0,0.0817,0.48,95.002,208426,54,acoustic
0.707,0.402,-9.773,0.0251,0.677,0.0,0.104,0.313,94.99,283480,32,acoustic
0.52,0.308,-11.996,0.0331,0.776,0.00285,0.115,0.187,125.93,205586,54,acoustic
0.392,0.251,-9.845,0.0363,0.807,0.0,0.0797,0.508,204.961,304293,61,acoustic
0.531,0.296,-7.594,0.0304,0.84,0.0,0.124,0.212,106.359,239573,55,acoustic
0.681,0.608,-8.369,0.0339,0.62,0.000425,0.136,0.315,123.991,227128,55,acoustic
0.569,0.861,-4.547,0.0406,0.0425,0.0,0.204,0.511,77.983,243066,34,acoustic
0.707,0.296,-11.633,0.078,0.283,0.0,0.0601,0.65,88.006,369200,33,acoustic
0.519,0.0646,-18.898,0.0433,0.982,3.84e-06,0.105,0.395,121.696,77093,45,acoustic
0.608,0.705,-5.178,0.0253,0.078,8.36e-05,0.179,0.621,111.204,244840,33,acoustic
0.585,0.734,-5.365,0.032,0.0334,0.0,0.0934,0.413,117.84,275266,34,acoustic
0.527,0.89,-5.651,0.0665,0.00433,0.0,0.118,0.425,102.644,330720,34,acoustic
0.495,0.22,-11.16,0.0355,0.847,1.4e-06,0.0957,0.345,126.618,163960,49,acoustic
0.628,0.424,-8.539,0.0416,0.395,4.28e-06,0.106,0.157,99.696,193874,33,acoustic
0.639,0.666,-7.775,0.0636,0.271,0.0,0.111,0.372,98.384,213732,62,acoustic
0.245,0.624,-5.606,0.0368,0.11,0.0,0.363,0.462,162.586,227053,33,acoustic
0.387,0.526,-7.611,0.0301,0.244,0.000386,0.105,0.334,130.719,215440,31,acoustic
0.539,0.675,-6.987,0.0709,0.188,0.0,0.198,0.719,142.041,136543,32,acoustic
0.487,0.837,-5.865,0.0623,0.0133,0.0,0.102,0.207,160.025,223707,32,acoustic
0.529,0.24,-9.066,0.037,0.938,0.0,0.0659,0.487,131.266,188181,54,acoustic
0.666,0.289,-12.404,0.0317,0.641,8.2e-06,0.109,0.415,109.965,171760,50,acoustic
0.451,0.0318,-19.933,0.0421,0.983,0.0532,0.0989,0.148,123.985,306243,58,acoustic
0.359,0.208,-10.567,0.036,0.943,0.0,0.0931,0.105,83.155,192389,49,acoustic
0.403,0.237,-10.001,0.0391,0.906,0.0,0.111,0.163,144.174,218472,52,acoustic
0.693,0.111,-12.356,0.0379,0.937,1.47e-06,0.0858,0.247,110.813,177818,49,acoustic
0.598,0.819,-2.619,0.0911,0.00081,0.0,0.218,0.878,158.115,251266,53,acoustic
0.596,0.27,-11.486,0.0265,0.785,0.134,0.0647,0.155,100.006,239400,54,acoustic
0.589,0.334,-10.08,0.029,0.832,0.0,0.133,0.208,80.036,241413,50,acoustic
0.735,0.275,-8.994,0.0304,0.746,0.0,0.131,0.294,116.004,216800,57,acoustic
0.605,0.168,-11.388,0.0496,0.887,0.0,0.12,0.398,119.836,161306,53,acoustic
0.612,0.107,-15.867,0.0302,0.936,0.0,0.109,0.637,78.393,153105,57,acoustic
0.568,0.177,-11.277,0.0374,0.93,0.0,0.0905,0.354,103.822,202167,49,acoustic
0.451,0.0665,-13.862,0.0516,0.967,1.06e-06,0.109,0.349,64.289,173426,52,acoustic
0.595,0.0477,-14.672,0.0662,0.923,0.0,0.0909,0.513,118.162,144644,51,acoustic
0.307,0.11,-15.253,0.0388,0.733,6.04e-06,0.111,0.32,201.008,212760,46,acoustic
0.3,0.27,-14.397,0.0371,0.9,4.47e-05,0.1,0.214,144.589,241758,41,acoustic
0.731,0.191,-11.359,0.122,0.735,0.671,0.131,0.274,149.91,169600,57,acoustic
0.545,0.745,-3.098,0.0286,0.0452,0.0,0.0907,0.413,106.094,306626,50,acoustic
0.356,0.23,-16.957,0.0519,0.923,0.801,0.112,0.11,129.532,214466,42,acoustic
0.432,0.796,-7.262,0.0606,0.000153,0.00209,0.266,0.271,141.868,160466,47,acoustic
0.693,0.664,-5.852,0.0336,0.0309,0.0,0.223,0.436,132.059,178826,55,acoustic
0.624,0.334,-11.89,0.0391,0.321,3.27e-06,0.113,0.397,157.92,138506,56,acoustic
0.423,0.572,-5.109,0.0347,0.0158,0.0,0.231,0.17,165.394,230613,49,acoustic
0.555,0.0879,-12.141,0.0477,0.968,0.0,0.096,0.428,84.174,111842,50,acoustic
0.496,0.391,-9.844,0.0311,0.826,0.0126,0.108,0.492,108.868,183213,56,acoustic
0.671,0.299,-10.582,0.0284,0.753,1.71e-06,0.0975,0.286,95.008,220507,52,acoustic
0.379,0.267,-8.981,0.0293,0.605,0.00322,0.152,0.229,135.198,248506,50,acoustic
0.499,0.209,-16.668,0.0305,0.882,0.00491,0.088,0.138,82.892,269986,53,acoustic
0.649,0.336,-12.053,0.0299,0.27,0.0,0.137,0.47,71.967,272773,33,acoustic
0.746,0.257,-9.878,0.0312,0.772,0.0,0.107,0.348,132.032,189646,54,acoustic
0.393,0.268,-6.741,0.0385,0.697,0.0,0.11,0.225,110.456,262820,50,acoustic
0.629,0.673,-4.379,0.0262,0.294,0.0109,0.139,0.419,114.243,195213,54,acoustic
0.458,0.363,-6.473,0.032,0.892,3.79e-06,0.155,0.492,134.252,228311,55,acoustic
0.452,0.268,-9.405,0.0311,0.961,2.85e-05,0.119,0.265,66.805,155792,32,acoustic
0.616,0.791,-6.246,0.0293,0.0599,3.97e-06,0.318,0.589,126.764,256506,33,acoustic
0.619,0.278,-7.072,0.0267,0.836,0.0,0.121,0.233,129.948,240000,50,acoustic
0.634,0.176,-14.703,0.0307,0.931,1.6e-06,0.136,0.335,107.974,193333,56,acoustic
0.549,0.437,-8.64,0.0313,0.682,1.59e-05,0.224,0.688,153.604,273066,63,acoustic
0.292,0.339,-13.153,0.032,0.923,0.879,0.111,0.343,100.69,162309,48,acoustic
0.504,0.0273,-21.441,0.0415,0.931,1.1e-05,0.109,0.395,120.24,190106,54,acoustic
0.636,0.869,-5.095,0.0284,0.129,0.0554,0.272,0.369,124.183,319320,31,acoustic
0.486,0.913,-6.416,0.0616,2.45e-05,0.289,0.225,0.334,136.073,237093,31,acoustic
0.396,0.198,-9.096,0.031,0.912,0.0,0.0972,0.19,138.624,235586,60,acoustic
0.578,0.727,-4.872,0.0332,0.0304,1.99e-05,0.172,0.885,170.593,231840,67,acoustic
0.684,0.509,-7.608,0.0334,0.571,0.0,0.402,0.69,132.297,163666,33,acoustic
0.623,0.567,-7.779,0.037,0.831,6.44e-06,0.104,0.929,129.949,122026,32,acoustic
0.228,0.574,-7.959,0.0421,0.517,0.00148,0.128,0.389,182.379,165799,31,acoustic
0.809,0.313,-12.182,0.0428,0.876,0.0,0.112,0.35,114.955,160666,0,acoustic
0.482,0.772,-5.128,0.0318,0.0265,0.0,0.269,0.586,129.91,195640,31,acoustic
0.425,0.249,-12.219,0.0355,0.87,0.00175,0.124,0.235,123.632,254296,45,acoustic
0.298,0.044,-20.176,0.035,0.983,0.124,0.101,0.115,85.708,256361,56,acoustic
0.468,0.254,-11.839,0.0303,0.938,0.000442,0.107,0.242,135.862,297266,45,acoustic
0.507,0.191,-16.342,0.0408,0.99,0.933,0.108,0.221,132.131,170125,42,acoustic
0.515,0.249,-10.108,0.044,0.793,0.0,0.102,0.213,108.89,273026,46,acoustic
0.565,0.89,-5.481,0.0285,0.00537,6.61e-05,0.213,0.744,119.862,182826,50,acoustic
0.635,0.433,-7.682,0.029,0.86,0.43,0.0877,0.489,130.111,217373,45,acoustic
0.657,0.192,-13.108,0.0365,0.894,0.0,0.157,0.305,130.087,208102,56,acoustic
0.459,0.14,-15.482,0.0367,0.895,0.00565,0.138,0.146,128.904,241120,43,acoustic
0.391,0.31,-8.706,0.0268,0.614,3.6e-06,0.1,0.295,83.46,235000,39,acoustic
0.371,0.208,-13.167,0.0462,0.912,0.0,0.105,0.309,199.805,172766,53,acoustic
0.453,0.461,-9.328,0.0329,0.165,0.0,0.109,0.0844,106.84,239855,45,acoustic
0.627,0.363,-8.127,0.0291,0.279,0.0,0.0928,0.301,99.905,244800,32,acoustic
0.706,0.248,-12.724,0.0386,0.879,0.0,0.101,0.401,125.515,141286,53,acoustic
0.724,0.28,-12.788,0.0303,0.755,0.0,0.326,0.527,106.966,145514,54,acoustic
0.535,0.444,-11.212,0.0291,0.669,0.0278,0.104,0.217,83.99,223386,51,acoustic
0.658,0.125,-15.901,0.0323,0.877,0.0,0.287,0.507,106.686,136542,55,acoustic
0.711,0.168,-16.504,0.0367,0.868,1.99e-05,0.114,0.299,109.937,211358,33,acoustic
0.504,0.415,-19.308,0.121,0.879,0.494,0.35,0.626,114.263,76453,55,acoustic
0.309,0.175,-11.816,0.0331,0.913,6.15e-05,0.118,0.198,155.69,273126,46,acoustic
0.628,0.027,-13.64,0.0485,0.944,0.0006,0.0909,0.203,122.007,268736,30,acoustic
0.49,0.674,-7.276,0.0322,0.19,0.000143,0.0634,0.288,122.807,205658,46,acoustic
0.316,0.413,-12.216,0.0334,0.856,0.00245,0.143,0.245,155.69,256680,60,acoustic
0.47,0.271,-7.636,0.0342,0.799,0.0,0.119,0.0943,145.902,265386,51,acoustic
0.515,0.317,-10.286,0.0283,0.816,0.0,0.0973,0.512,79.91,219306,47,acoustic
0.493,0.435,-12.334,0.0423,0.656,0.000327,0.118,0.485,87.952,142200,60,acoustic
0.589,0.809,-5.6,0.0283,0.0479,0.0,0.116,0.628,87.013,218813,51,acoustic
0.313,0.321,-8.713,0.0352,0.746,0.0,0.0948,0.243,53.845,222250,60,acoustic
0.302,0.0783,-14.968,0.0325,0.956,9.88e-05,0.12,0.231,140.485,117760,52,acoustic
0.643,0.436,-12.245,0.0273,0.724,0.459,0.11,0.422,91.485,200800,54,acoustic
0.482,0.178,-11.141,0.0292,0.843,2.46e-06,0.15,0.298,110.128,185053,52,acoustic
0.539,0.353,-10.191,0.0464,0.571,0.626,0.0877,0.321,54.571,60413,51,acoustic
0.707,0.531,-7.21,0.0245,0.855,0.000182,0.175,0.49,107.994,244813,30,acoustic
0.707,0.467,-7.511,0.0367,0.832,5.33e-06,0.114,0.478,110.096,169733,30,acoustic
0.661,0.342,-16.361,0.043,0.844,0.000128,0.26,0.588,146.118,188400,62,acoustic
0.523,0.554,-7.596,0.0303,0.749,3.29e-06,0.323,0.769,152.979,274480,64,acoustic
0.572,0.348,-13.454,0.0294,0.44,0.000721,0.235,0.34,73.304,275266,57,acoustic
0.554,0.4,-11.806,0.0699,0.979,0.348,0.102,0.547,101.191,124400,31,acoustic
0.726,0.537,-8.896,0.114,0.316,0.0,0.0707,0.882,96.889,145706,71,acoustic
0.501,0.672,-10.225,0.0637,0.674,0.000162,0.0674,0.961,122.041,265195,31,acoustic
0.505,0.462,-5.692,0.0271,0.623,0.0,0.113,0.113,139.914,235722,30,acoustic
0.415,0.713,-5.529,0.0345,0.0555,0.0,0.0811,0.361,83.69,188952,30,acoustic
0.458,0.823,-4.268,0.0616,0.382,0.0,0.205,0.422,131.638,241250,30,acoustic
0.474,0.876,-5.052,0.0341,0.00277,6.15e-06,0.39,0.607,91.948,146129,30,acoustic
0.444,0.674,-6.675,0.0341,0.586,0.000147,0.109,0.698,111.377,161205,30,acoustic
0.566,0.733,-5.302,0.0699,0.083,1.55e-06,0.362,0.636,178.828,215213,59,acoustic
0.367,0.892,-3.91,0.133,0.00012,0.000268,0.276,0.799,81.928,196813,30,acoustic
0.258,0.729,-6.457,0.0398,0.395,0.00442,0.131,0.462,116.943,184217,30,acoustic
0.568,0.686,-6.635,0.033,0.15,1.81e-06,0.0881,0.725,172.075,230098,63,acoustic
0.571,0.696,-8.688,0.0739,0.14,0.0,0.0973,0.662,155.133,129472,30,acoustic
0.385,0.114,-13.005,0.0314,0.917,0.0,0.128,0.269,93.314,249728,44,acoustic
0.588,0.569,-7.721,0.0295,0.303,0.0342,0.101,0.209,101.988,213055,54,acoustic
0.276,0.289,-10.879,0.0325,0.968,0.00321,0.137,0.118,86.465,168571,28,acoustic
0.664,0.301,-8.135,0.0296,0.739,0.0,0.103,0.268,115.877,202219,47,acoustic
0.506,0.24,-14.737,0.0305,0.854,0.0749,0.101,0.0621,130.96,242347,41,acoustic
0.595,0.18,-11.391,0.0298,0.89,0.0,0.113,0.261,79.922,188735,43,acoustic
0.644,0.412,-9.14,0.0307,0.796,0.127,0.0906,0.206,118.49,256648,65,acoustic
0.607,0.178,-15.471,0.0499,0.737,0.0,0.387,0.422,127.956,174677,53,acoustic
0.63,0.342,-13.377,0.0245,0.817,0.00432,0.0965,0.552,77.515,209583,47,acoustic
0.689,0.299,-9.431,0.0301,0.833,0.0,0.115,0.52,96.825,164478,55,acoustic
0.473,0.305,-8.48,0.0311,0.833,0.0,0.109,0.524,81.153,138201,45,acoustic
0.62,0.668,-5.719,0.0305,0.088,0.0,0.362,0.183,118.013,244067,69,acoustic
0.751,0.565,-9.106,0.0513,0.0777,0.0121,0.0855,0.679,119.996,198040,37,acoustic
0.62,0.468,-9.648,0.0268,0.715,3.93e-05,0.106,0.217,110.969,266078,34,acoustic
0.478,0.398,-10.124,0.0286,0.0222,0.0183,0.0826,0.371,159.906,291676,53,acoustic
0.376,0.702,-5.733,0.0299,0.00373,0.00116,0.138,0.241,134.817,382786,31,acoustic
0.403,0.631,-5.94,0.0356,0.0502,3.97e-05,0.193,0.328,78.522,322906,31,acoustic
0.44,0.119,-12.574,0.0318,0.927,1.26e-06,0.137,0.279,145.186,243979,47,acoustic
0.407,0.357,-11.659,0.0436,0.775,0.00105,0.94,0.253,112.207,262954,45,acoustic
0.385,0.134,-14.672,0.0476,0.899,0.0,0.113,0.427,203.816,168042,51,acoustic
0.429,0.258,-12.408,0.0317,0.868,0.888,0.108,0.0897,108.796,131800,51,acoustic
0.609,0.76,-5.16,0.0283,0.131,0.0,0.41,0.44,117.135,326600,31,acoustic
0.721,0.0963,-15.973,0.0502,0.945,1.03e-06,0.133,0.576,124.868,166320,48,acoustic
0.675,0.278,-9.569,0.0343,0.845,0.0,0.114,0.353,123.962,178319,48,acoustic
0.403,0.29,-10.262,0.0328,0.757,0.0,0.0972,0.248,139.482,249386,51,acoustic
0.627,0.518,-7.178,0.0286,0.436,0.0,0.128,0.337,95.991,200893,55,acoustic
0.403,0.925,-3.166,0.0537,0.000435,0.755,0.323,0.543,169.978,292493,32,acoustic
0.449,0.209,-14.494,0.0896,0.896,0.0,0.156,0.431,93.618,189673,54,acoustic
0.589,0.867,-4.523,0.0385,0.041,0.0,0.306,0.795,94.52,256440,60,acoustic
0.789,0.261,-14.396,0.0456,0.803,0.0,0.0962,0.491,117.961,147809,47,acoustic
0.663,0.239,-9.517,0.0308,0.827,0.0,0.109,0.488,83.102,246644,29,acoustic
0.498,0.113,-16.097,0.0333,0.691,0.000287,0.108,0.296,168.383,228426,51,acoustic
0.586,0.149,-13.369,0.0348,0.881,0.0,0.187,0.341,75.121,207400,41,acoustic
0.444,0.143,-11.449,0.0302,0.925,6.92e-05,0.118,0.132,100.341,188354,48,acoustic
0.606,0.415,-8.317,0.0475,0.695,0.00149,0.174,0.405,137.775,168712,61,acoustic
0.745,0.436,-9.617,0.043,0.597,0.0213,0.61,0.771,114.216,188200,60,acoustic
0.526,0.139,-11.316,0.0325,0.879,0.0,0.109,0.203,100.852,181496,45,acoustic
0.614,0.283,-8.008,0.027,0.472,0.0,0.114,0.331,107.673,280226,58,acoustic
0.473,0.493,-6.733,0.0302,0.84,6.57e-06,0.0915,0.54,169.998,254306,29,acoustic
0.439,0.207,-9.573,0.0297,0.608,0.0,0.186,0.264,136.514,276146,57,acoustic
0.665,0.487,-9.409,0.0243,0.639,6.75e-05,0.091,0.326,94.978,274720,29,acoustic
0.534,0.26,-12.406,0.0319,0.834,0.00405,0.102,0.151,113.877,159820,49,acoustic
0.457,0.26,-7.952,0.0406,0.0594,0.0,0.346,0.38,106.756,178573,30,acoustic
0.5,0.611,-10.826,0.0788,0.834,1.41e-05,0.241,0.894,88.372,175046,30,acoustic
0.448,0.516,-7.449,0.0292,0.341,0.00497,0.0929,0.29,100.672,180771,31,acoustic
0.699,0.343,-6.052,0.0296,0.506,0.0,0.56,0.383,114.021,191052,29,acoustic
0.564,0.209,-8.922,0.0317,0.724,3.99e-05,0.107,0.402,109.024,214666,59,acoustic
0.404,0.577,-8.272,0.0294,0.605,0.249,0.0712,0.637,112.215,167466,30,acoustic
0.501,0.44,-8.167,0.0352,0.818,0.0,0.104,0.311,89.881,252760,30,acoustic
0.461,0.893,-6.028,0.121,0.00323,0.0,0.654,0.4,179.92,136815,29,acoustic
0.675,0.243,-13.392,0.0413,0.797,0.0,0.214,0.707,142.87,190909,55,acoustic
0.505,0.31,-10.423,0.03,0.885,0.00359,0.0996,0.34,82.591,218133,49,acoustic
0.547,0.599,-8.174,0.0301,0.00396,0.409,0.0847,0.0571,120.054,181093,50,acoustic
0.589,0.893,-2.948,0.0397,0.0273,0.0,0.343,0.94,92.011,212506,55,acoustic
0.503,0.123,-14.312,0.0327,0.868,2.56e-05,0.111,0.343,183.571,172454,49,acoustic
0.611,0.534,-8.899,0.0744,0.423,0.0,0.145,0.38,159.985,234046,32,acoustic
0.55,0.408,-8.404,0.0318,0.719,0.0,0.11,0.331,129.152,330200,53,acoustic
0.656,0.3,-9.905,0.0349,0.87,0.0,0.0956,0.369,120.006,190981,46,acoustic
0.524,0.566,-5.443,0.0364,0.0411,0.0,0.25,0.362,159.914,240449,23,acoustic
0.34,0.309,-12.98,0.05,0.855,0.903,0.168,0.153,176.899,89268,41,acoustic
0.598,0.291,-8.627,0.0328,0.466,6.52e-05,0.12,0.38,123.978,213453,49,acoustic
0.514,0.319,-8.978,0.0941,0.805,0.0,0.211,0.677,203.651,235106,59,acoustic
0.448,0.256,-10.17,0.0483,0.875,0.0,0.113,0.174,77.272,219976,43,acoustic
0.441,0.423,-7.572,0.0282,0.839,0.000359,0.122,0.153,88.865,259493,31,acoustic
0.636,0.169,-11.191,0.035,0.887,0.0,0.124,0.467,138.236,222052,46,acoustic
0.445,0.289,-19.113,0.0329,0.437,0.00641,0.0988,0.172,104.006,148573,50,acoustic
0.435,0.208,-15.75,0.0558,0.647,0.000921,0.147,0.189,69.027,244900,41,acoustic
0.656,0.349,-6.841,0.0289,0.784,0.0,0.138,0.289,118.026,232500,48,acoustic
0.609,0.0866,-19.163,0.0412,0.912,0.0,0.113,0.411,167.892,195535,36,acoustic
0.448,0.885,-3.755,0.0562,0.111,3.65e-06,0.0476,0.134,178.151,255893,44,acoustic
0.545,0.255,-14.844,0.0311,0.362,1.77e-05,0.0841,0.831,98.088,149013,56,acoustic
0.626,0.682,-5.656,0.0397,0.277,0.000325,0.0985,0.636,75.02,207933,29,acoustic
0.572,0.317,-9.108,0.0241,0.705,0.00385,0.528,0.38,78.009,238733,52,acoustic
0.368,0.871,-3.032,0.0661,0.0356,0.0,0.149,0.636,107.721,236853,31,acoustic
0.51,0.32,-10.371,0.0392,0.823,0.000193,0.124,0.425,92.385,182744,47,acoustic
0.55,0.334,-10.73,0.0288,0.517,0.000169,0.101,0.143,72.235,307534,56,acoustic
0.487,0.162,-11.238,0.106,0.933,0.829,0.117,0.49,82.33,81000,37,acoustic
0.309,0.349,-8.402,0.0322,0.828,2.7e-06,0.0907,0.192,180.075,145720,24,acoustic
0.38,0.468,-4.245,0.0318,0.243,0.0,0.0973,0.303,143.504,208400,23,acoustic
0.716,0.525,-8.733,0.027,0.647,0.00868,0.0893,0.423,96.993,287760,28,acoustic
0.407,0.222,-7.991,0.0324,0.853,2.03e-06,0.11,0.204,123.618,243680,51,acoustic
0.657,0.43,-10.202,0.0314,0.534,0.000238,0.12,0.335,91.967,236379,51,acoustic
0.534,0.492,-8.905,0.0261,0.584,1.12e-06,0.185,0.328,82.465,216933,51,acoustic
0.603,0.374,-10.875,0.0258,0.256,0.0356,0.127,0.542,135.946,265173,50,acoustic
0.725,0.746,-8.214,0.0338,0.00721,0.0,0.0575,0.656,102.87,245800,31,acoustic
0.448,0.755,-5.719,0.0429,0.028,0.0,0.273,0.575,156.045,358040,30,acoustic
0.595,0.879,-4.849,0.0405,0.0319,0.0,0.344,0.839,124.784,280546,31,acoustic
0.686,0.285,-10.912,0.0291,0.689,0.0,0.129,0.672,103.995,230915,29,acoustic
0.693,0.367,-11.66,0.0323,0.351,2.9e-05,0.111,0.286,129.879,274632,61,acoustic
0.71,0.402,-9.91,0.0274,0.873,0.232,0.103,0.136,106.024,244528,28,acoustic
0.691,0.552,-9.114,0.0264,0.497,0.000589,0.197,0.685,119.931,137880,55,acoustic
0.642,0.237,-16.142,0.0387,0.724,1.71e-06,0.0574,0.694,137.4,152100,29,acoustic
0.48,0.77,-3.547,0.0542,0.397,0.0,0.254,0.744,126.225,162282,30,acoustic
0.785,0.732,-6.177,0.0513,0.059,3.74e-06,0.524,0.798,137.946,255680,29,acoustic
0.668,0.304,-9.415,0.0354,0.811,0.0,0.0826,0.567,112.338,216894,30,acoustic
0.758,0.406,-10.474,0.0306,0.901,4.3e-05,0.0908,0.383,109.984,239000,29,acoustic
0.49,0.749,-2.244,0.0649,0.389,0.0,0.0792,0.739,144.87,128731,29,acoustic
0.389,0.864,-3.218,0.117,0.0362,6.31e-06,0.193,0.548,98.11,381910,30,acoustic
0.387,0.524,-9.633,0.0493,0.777,5.74e-06,0.718,0.858,95.623,196161,29,acoustic
0.408,0.974,-5.501,0.15,8.77e-05,0.0,0.278,0.578,197.008,156533,28,acoustic
0.486,0.0745,-14.271,0.0599,0.922,0.0,0.104,0.396,145.912,155050,42,acoustic
0.638,0.329,-13.683,0.0422,0.979,0.0597,0.338,0.475,94.125,125677,49,acoustic
0.522,0.382,-6.765,0.031,0.389,0.0,0.133,0.519,169.861,169058,53,acoustic
0.49,0.204,-10.992,0.0315,0.901,0.0,0.0893,0.373,167.573,196724,50,acoustic
0.674,0.116,-13.448,0.0375,0.862,0.0,0.0979,0.21,129.976,199114,52,acoustic
0.778,0.445,-8.228,0.0468,0.45,1.28e-06,0.119,0.502,130.01,156923,36,acoustic
0.259,0.195,-13.639,0.0331,0.264,0.433,0.352,0.183,146.011,254615,49,acoustic
0.408,0.095,-18.102,0.0397,0.948,0.0,0.106,0.357,137.546,222186,40,acoustic
0.663,0.26,-9.587,0.0303,0.865,0.0,0.101,0.243,107.931,236298,51,acoustic
0.625,0.818,-6.296,0.0669,0.0516,1.13e-05,0.132,0.307,123.905,203024,41,acoustic
0.529,0.0546,-23.684,0.0364,0.924,0.0428,0.108,0.517,78.451,228013,55,acoustic
0.57,0.468,-4.192,0.047,0.758,0.0,0.206,0.335,137.855,226470,52,acoustic
0.566,0.168,-12.483,0.0372,0.812,0.0,0.125,0.238,116.286,181596,51,acoustic
0.598,0.249,-10.847,0.0603,0.194,0.0,0.0892,0.292,113.829,192631,49,acoustic
0.713,0.281,-11.057,0.0379,0.137,0.0258,0.111,0.397,148.301,318840,54,acoustic
0.547,0.328,-11.118,0.0321,0.163,0.0926,0.0884,0.186,139.959,267862,46,acoustic
0.806,0.263,-10.43,0.0502,0.787,0.0,0.182,0.868,115.854,174884,45,acoustic
0.548,0.889,-6.106,0.0309,0.0324,0.0,0.359,0.789,95.289,347200,30,acoustic
0.643,0.617,-4.95,0.041,0.194,0.0,0.0989,0.592,82.029,226098,53,acoustic
0.428,0.813,-4.478,0.025,0.0622,0.00388,0.154,0.347,91.053,282133,48,acoustic
0.432,0.664,-4.662,0.0302,0.215,0.0,0.15,0.294,156.216,251640,52,acoustic
0.366,0.482,-7.9,0.0278,0.288,0.00655,0.117,0.278,169.677,298280,51,acoustic
0.325,0.424,-12.733,0.0438,0.341,0.000267,0.23,0.494,173.352,241546,59,acoustic
0.46,0.195,-12.093,0.0459,0.867,1.65e-05,0.112,0.384,176.119,197170,53,acoustic
0.613,0.812,-3.524,0.0355,0.259,0.0,0.185,0.394,119.979,178093,47,acoustic
0.492,0.33,-8.967,0.0285,0.266,0.0,0.297,0.109,132.005,230545,28,acoustic
0.57,0.454,-7.613,0.0987,0.881,0.889,0.0983,0.381,101.476,163813,30,acoustic
0.494,0.465,-6.095,0.027,0.705,0.0,0.0693,0.275,132.501,212080,29,acoustic
0.74,0.377,-10.013,0.0583,0.65,0.0,0.178,0.408,78.988,156773,48,acoustic
0.49,0.263,-9.248,0.0462,0.92,0.0,0.103,0.361,73.834,171486,52,acoustic
0.465,0.211,-14.143,0.0384,0.812,0.00199,0.102,0.256,83.257,312133,28,acoustic
0.477,0.34,-11.666,0.0319,0.849,0.000488,0.0992,0.261,173.86,248386,51,acoustic
0.411,0.191,-10.178,0.0308,0.916,0.0,0.1,0.155,74.92,291386,53,acoustic
0.592,0.304,-9.833,0.0298,0.564,0.0,0.107,0.307,114.72,254026,52,acoustic
0.439,0.292,-10.92,0.0308,0.744,6.27e-05,0.0987,0.153,82.222,236000,42,acoustic
0.659,0.83,-4.659,0.0445,0.588,0.0,0.111,0.937,127.014,133840,29,acoustic
0.373,0.716,-7.358,0.0313,0.082,0.000239,0.105,0.374,134.764,229533,29,acoustic
0.236,0.578,-5.477,0.0404,0.327,0.00015,0.206,0.227,75.367,279373,60,acoustic
0.337,0.287,-15.051,0.0332,0.898,0.978,0.12,0.393,107.031,60306,51,acoustic
0.462,0.424,-7.038,0.0301,0.883,0.0,0.147,0.564,97.675,124742,28,acoustic
0.51,0.485,-4.432,0.0334,0.612,5.08e-06,0.126,0.451,154.97,169000,27,acoustic
0.56,0.755,-3.923,0.0278,0.286,0.000498,0.243,0.491,147.138,196213,28,acoustic
0.711,0.483,-11.211,0.0298,0.434,0.012,0.0284,0.884,91.652,169997,58,acoustic
0.759,0.159,-13.035,0.0453,0.957,0.000472,0.103,0.329,115.945,120720,54,acoustic
0.38,0.396,-6.507,0.0366,0.202,0.0,0.133,0.192,103.621,149274,28,acoustic
0.598,0.599,-10.265,0.0823,0.326,1.49e-05,0.117,0.94,90.206,127033,29,acoustic
0.651,0.425,-6.002,0.0309,0.879,4.54e-06,0.156,0.302,104.819,169404,28,acoustic
0.306,0.948,-2.877,0.0989,0.64,0.0,0.353,0.903,135.76,202594,28,acoustic
0.469,0.457,-10.102,0.0412,0.692,0.0,0.0531,0.893,84.064,125100,28,acoustic
0.442,0.898,-4.662,0.0613,0.000158,4.11e-06,0.1,0.446,144.299,202400,28,acoustic
0.592,0.0833,-16.517,0.0835,0.946,0.0791,0.0941,0.205,143.243,406103,52,acoustic
0.698,0.389,-6.246,0.0321,0.885,0.0,0.136,0.704,76.897,247805,46,acoustic
0.396,0.293,-10.739,0.0367,0.732,0.116,0.102,0.199,145.556,191765,47,acoustic
0.559,0.118,-16.34,0.0421,0.979,0.935,0.109,0.289,97.1,192397,39,acoustic
0.52,0.171,-14.5,0.0423,0.853,0.0,0.174,0.23,123.565,154732,50,acoustic
0.231,0.636,-7.257,0.0339,0.00402,0.0,0.0504,0.244,202.098,215746,43,acoustic
0.807,0.0459,-19.883,0.0481,0.852,6.14e-06,0.102,0.275,110.512,218590,30,acoustic
0.619,0.299,-7.744,0.0279,0.846,4.99e-05,0.243,0.31,115.405,251960,53,acoustic
0.605,0.316,-8.924,0.0319,0.869,2.87e-05,0.14,0.344,134.054,165223,51,acoustic
0.529,0.663,-7.036,0.0251,0.368,0.00225,0.107,0.223,96.991,228387,31,acoustic
0.459,0.57,-5.672,0.0293,0.199,0.0,0.137,0.361,72.978,272320,29,acoustic
0.515,0.0686,-17.61,0.0401,0.936,0.000129,0.117,0.33,113.185,235960,43,acoustic
0.46,0.319,-8.621,0.0356,0.861,0.0,0.118,0.329,145.765,194129,55,acoustic
0.829,0.751,-4.937,0.0645,0.0142,0.014,0.0414,0.96,129.993,225533,50,acoustic
0.524,0.852,-4.708,0.0298,0.0159,6.35e-06,0.112,0.635,92.748,326413,30,acoustic
0.626,0.575,-7.507,0.0535,0.0694,3.34e-06,0.114,0.222,119.97,208226,46,acoustic
0.491,0.304,-9.379,0.0291,0.5,0.0,0.0975,0.459,149.288,148000,46,acoustic
0.586,0.514,-6.267,0.0269,0.56,0.000347,0.122,0.27,142.021,260040,52,acoustic
0.653,0.174,-11.07,0.052,0.991,0.00248,0.106,0.611,138.981,101539,44,acoustic
0.558,0.172,-13.379,0.0513,0.874,0.0,0.1,0.518,90.146,178666,51,acoustic
0.45,0.335,-6.833,0.0301,0.788,1.66e-06,0.115,0.166,125.484,236800,53,acoustic
0.254,0.349,-10.02,0.0379,0.85,2.95e-05,0.234,0.303,170.214,149426,47,acoustic
0.625,0.285,-13.819,0.0524,0.897,0.91,0.108,0.173,141.611,148127,48,acoustic
0.518,0.828,-5.725,0.04,0.03,1.33e-05,0.0456,0.69,84.835,221413,56,acoustic
0.591,0.647,-8.34,0.0277,0.067,6.57e-05,0.231,0.678,79.68,190751,48,acoustic
0.609,0.53,-5.465,0.0648,0.84,2.02e-05,0.133,0.919,150.405,234600,47,acoustic
0.524,0.797,-6.611,0.0298,0.0567,0.0,0.0796,0.766,105.901,330026,29,acoustic
0.71,0.646,-5.945,0.0313,0.789,3.75e-06,0.106,0.615,120.028,181466,28,acoustic
0.578,0.636,-5.506,0.0342,0.0874,0.0,0.124,0.556,124.9,217466,28,acoustic
0.748,0.786,-7.788,0.0641,0.328,0.0,0.34,0.917,104.833,172373,67,acoustic
0.399,0.461,-10.694,0.0411,0.157,5.52e-05,0.116,0.205,96.591,279068,29,acoustic
0.625,0.81,-5.995,0.033,0.146,2.72e-05,0.135,0.741,104.066,146360,56,acoustic
0.64,0.496,-11.124,0.0413,0.616,4.63e-05,0.183,0.954,116.632,253333,54,acoustic
0.446,0.142,-12.119,0.0373,0.91,1.57e-06,0.0943,0.192,115.911,236000,25,acoustic
0.444,0.771,-4.607,0.0485,0.13,0.0,0.273,0.45,148.028,226826,49,acoustic
0.408,0.685,-10.773,0.0754,0.84,0.0133,0.614,0.905,159.831,269139,28,acoustic
0.658,0.678,-6.807,0.0284,0.00897,0.0,0.0914,0.63,131.976,288133,28,acoustic
0.427,0.695,-5.378,0.0343,0.487,0.0,0.0836,0.368,160.142,214560,29,acoustic
0.549,0.78,-5.08,0.0291,0.0116,0.0,0.195,0.804,119.369,97866,53,acoustic
0.284,0.108,-9.352,0.0473,0.674,4.65e-06,0.204,0.282,148.956,94466,28,acoustic
0.522,0.403,-10.989,0.0358,0.642,0.00605,0.152,0.621,123.196,148035,28,acoustic
0.719,0.849,-4.233,0.0352,0.018,1.37e-06,0.0379,0.886,120.063,243840,28,acoustic
0.544,0.911,-2.73,0.204,0.661,0.0,0.344,0.851,114.776,204926,28,acoustic
0.672,0.879,-3.693,0.114,0.629,4.09e-06,0.169,0.74,119.996,168118,28,acoustic
0.573,0.789,-5.435,0.05,0.000488,0.00965,0.126,0.332,128.077,174466,28,acoustic
0.495,0.811,-3.1,0.0411,0.534,0.000286,0.136,0.9,173.56,272100,28,acoustic
0.48,0.6,-8.976,0.0398,0.24,0.0,0.533,0.944,92.545,157000,29,acoustic
0.57,0.427,-5.873,0.0296,0.368,1.73e-05,0.156,0.186,98.995,216093,0,acoustic
0.57,0.427,-5.873,0.0296,0.368,1.73e-05,0.156,0.186,98.995,216093,0,acoustic
0.612,0.484,-9.773,0.0319,0.643,0.0,0.118,0.254,138.961,220213,0,acoustic
0.401,0.546,-5.846,0.0319,0.395,5.03e-05,0.12,0.15,89.331,245726,32,acoustic
0.759,0.275,-10.707,0.0626,0.81,0.0,0.177,0.457,73.553,172857,35,acoustic
0.737,0.391,-7.934,0.068,0.807,0.0,0.367,0.836,93.936,155904,49,acoustic
0.639,0.439,-7.157,0.0489,0.872,0.0,0.0918,0.51,133.87,175200,52,acoustic
0.532,0.667,-7.065,0.0295,0.14,0.0194,0.193,0.67,144.901,208386,31,acoustic
0.656,0.826,-3.929,0.0323,0.00453,3.65e-06,0.0791,0.894,117.648,246786,28,acoustic
0.597,0.334,-8.559,0.0279,0.86,0.0,0.123,0.342,134.94,219650,48,acoustic
0.496,0.11,-15.584,0.042,0.911,1.44e-05,0.0829,0.235,145.277,252640,48,acoustic
0.613,0.346,-11.33,0.0398,0.89,0.913,0.0994,0.128,95.981,214784,41,acoustic
0.61,0.796,-5.431,0.0656,0.0365,0.0,0.274,0.51,159.944,216040,47,acoustic
0.63,0.367,-11.054,0.0232,0.052,0.000202,0.103,0.547,98.995,274133,28,acoustic
0.659,0.236,-12.56,0.0304,0.84,6.32e-05,0.206,0.216,78.088,251933,60,acoustic
0.559,0.448,-4.11,0.0275,0.537,1.85e-05,0.0915,0.354,148.02,296653,47,acoustic
0.804,0.457,-7.845,0.197,0.6,0.0,0.15,0.552,98.035,201506,30,acoustic
0.637,0.46,-9.07,0.0384,0.855,4.8e-05,0.114,0.345,93.955,201861,49,acoustic
0.795,0.667,-4.831,0.0392,0.379,0.0,0.221,0.754,97.987,231266,51,acoustic
0.57,0.413,-7.034,0.0345,0.535,0.0,0.076,0.278,152.032,239802,50,acoustic
0.565,0.566,-7.258,0.0272,0.472,0.000426,0.148,0.551,92.017,247666,28,acoustic
0.776,0.319,-7.496,0.031,0.791,0.0,0.159,0.501,98.016,155510,51,acoustic
0.328,0.53,-8.124,0.0509,0.0602,0.0,0.057,0.753,162.031,164786,45,acoustic
0.438,0.448,-7.676,0.0666,0.706,0.0,0.159,0.366,118.37,183472,54,acoustic
0.546,0.411,-9.308,0.0475,0.701,9.73e-05,0.0955,0.528,79.785,218502,54,acoustic
0.424,0.253,-13.259,0.0366,0.825,0.0,0.117,0.16,129.812,269209,57,acoustic
0.586,0.415,-7.834,0.0276,0.836,6.01e-05,0.122,0.704,140.005,242880,27,acoustic
0.532,0.203,-8.524,0.0668,0.829,0.0,0.108,0.543,89.646,259920,57,acoustic
0.735,0.355,-19.032,0.0387,0.656,0.094,0.119,0.724,93.553,318333,55,acoustic
0.315,0.516,-8.112,0.0622,0.859,0.947,0.115,0.184,188.325,98000,30,acoustic
0.625,0.776,-7.354,0.0354,0.0299,0.0,0.23,0.617,88.002,182306,27,acoustic
0.594,0.744,-10.096,0.0304,0.648,0.00305,0.261,0.778,102.344,219640,41,acoustic
0.414,0.42,-5.647,0.0301,0.303,9.13e-06,0.194,0.376,97.136,361693,28,acoustic
0.615,0.812,-6.573,0.0458,0.184,0.0,0.328,0.74,98.954,218240,57,acoustic
0.381,0.334,-11.36,0.0271,0.202,0.000203,0.411,0.171,102.632,233626,51,acoustic
0.466,0.14,-13.118,0.0301,0.921,0.00659,0.358,0.351,147.328,174124,27,acoustic
0.636,0.776,-4.765,0.0362,0.00662,5.47e-06,0.0741,0.402,95.999,250987,27,acoustic
0.545,0.642,-7.344,0.0279,0.517,1.75e-06,0.116,0.555,78.51,189282,58,acoustic
0.532,0.54,-6.304,0.0346,0.724,0.000376,0.0464,0.765,169.826,209606,27,acoustic
0.615,0.312,-10.054,0.0301,0.727,8.29e-05,0.256,0.354,135.145,212960,27,acoustic
0.664,0.45,-7.007,0.0257,0.781,1.71e-05,0.311,0.26,83.987,294853,27,acoustic
0.466,0.421,-7.428,0.0318,0.00798,1.09e-05,0.0717,0.788,146.791,179920,28,acoustic
0.342,0.731,-6.015,0.0545,0.0675,6.24e-05,0.191,0.665,181.81,330454,27,acoustic
0.583,0.534,-11.147,0.0411,0.569,0.0,0.351,0.943,123.094,175046,28,acoustic
0.699,0.761,-7.264,0.103,0.806,0.00115,0.588,0.706,115.048,153653,30,acoustic
0.645,0.626,-7.551,0.0364,0.259,0.00887,0.115,0.307,118.585,174709,28,acoustic
0.577,0.453,-8.77,0.0489,0.395,0.0,0.176,0.51,132.944,258866,28,acoustic
0.529,0.936,-4.061,0.0757,0.256,0.000454,0.752,0.849,91.952,172121,28,acoustic
0.455,0.961,-4.527,0.0824,1.09e-05,0.0131,0.357,0.417,95.069,119946,27,acoustic
0.455,0.938,-4.316,0.0756,0.0022,1.21e-05,0.142,0.552,143.887,159640,27,acoustic
0.662,0.268,-7.394,0.0358,0.858,0.0,0.11,0.394,111.594,244821,27,acoustic
0.486,0.423,-11.703,0.0426,0.784,0.0,0.32,0.75,127.551,182204,28,acoustic
0.285,0.938,-5.414,0.0795,0.00145,0.000273,0.387,0.286,159.017,245386,27,acoustic
0.673,0.85,-5.021,0.0337,0.0345,1.14e-05,0.0943,0.793,100.008,235240,65,acoustic
0.753,0.574,-4.57,0.0483,0.0512,3.71e-06,0.141,0.527,89.024,290000,49,acoustic
0.639,0.496,-6.844,0.0375,0.713,0.254,0.0545,0.467,140.394,445533,52,acoustic
0.748,0.428,-7.019,0.0314,0.542,0.0,0.0994,0.565,115.067,193876,39,acoustic
0.458,0.815,-7.16,0.0515,0.00374,1.07e-05,0.115,0.362,118.226,221826,38,acoustic
0.483,0.806,-5.111,0.0321,0.0881,0.000895,0.0991,0.19,147.049,318439,45,acoustic
0.64,0.547,-4.129,0.038,0.00676,4.95e-05,0.0585,0.95,159.992,239933,41,acoustic
0.483,0.143,-11.535,0.035,0.958,0.0,0.119,0.342,104.932,194782,49,acoustic
0.512,0.671,-7.738,0.0283,0.0314,0.161,0.0749,0.397,82.342,163200,28,acoustic
0.817,0.305,-7.73,0.0451,0.874,0.0,0.115,0.52,148.017,186503,51,acoustic
0.505,0.835,-4.301,0.0296,0.46,0.000352,0.165,0.484,144.171,256760,35,acoustic
0.591,0.269,-8.554,0.0301,0.911,0.0,0.0945,0.246,124.441,172633,54,acoustic
0.474,0.0699,-27.372,0.038,0.992,0.898,0.116,0.243,114.606,167186,48,acoustic
0.427,0.229,-11.564,0.0364,0.935,7.37e-06,0.0958,0.222,125.195,255510,60,acoustic
0.563,0.542,-10.862,0.0962,0.706,3.59e-05,0.355,0.785,133.285,181000,57,acoustic
0.354,0.175,-9.779,0.0388,0.781,7.63e-05,0.153,0.323,111.089,276386,45,acoustic
0.514,0.239,-14.957,0.101,0.982,0.954,0.106,0.338,119.998,196487,34,acoustic
0.285,0.305,-10.523,0.0285,0.26,0.0192,0.195,0.0419,133.513,269826,40,acoustic
0.802,0.183,-17.1,0.403,0.809,0.0,0.109,0.664,91.078,183337,46,acoustic
0.614,0.517,-6.205,0.0302,0.747,0.0,0.134,0.424,133.868,217898,42,acoustic
0.63,0.301,-6.952,0.0288,0.877,0.0,0.12,0.395,104.959,221070,36,acoustic
0.543,0.329,-9.46,0.0449,0.69,0.0,0.112,0.141,136.549,240640,16,acoustic
0.397,0.312,-10.504,0.0307,0.772,0.0,0.117,0.141,179.605,229519,46,acoustic
0.686,0.347,-6.075,0.0341,0.725,0.0,0.411,0.539,145.837,140547,26,acoustic
0.654,0.316,-18.692,0.041,0.786,0.0563,0.131,0.697,94.485,317133,52,acoustic
0.747,0.294,-10.272,0.0366,0.956,2.37e-05,0.104,0.412,119.948,317146,26,acoustic
0.277,0.291,-9.851,0.0306,0.901,2.47e-05,0.103,0.175,75.119,245160,50,acoustic
0.54,0.0674,-13.778,0.0368,0.888,0.000382,0.109,0.12,141.988,251440,60,acoustic
0.444,0.44,-11.076,0.0391,0.741,2e-05,0.102,0.339,76.959,186143,50,acoustic
0.676,0.762,-4.172,0.0351,0.461,0.0,0.0574,0.81,119.003,207493,61,acoustic
0.664,0.274,-11.005,0.0425,0.899,0.0,0.354,0.392,75.01,148812,26,acoustic
0.717,0.436,-8.531,0.056,0.0569,0.0,0.11,0.319,128.112,199093,27,acoustic
0.517,0.578,-7.37,0.0293,0.367,1.42e-06,0.176,0.398,138.178,191973,28,acoustic
0.595,0.384,-12.114,0.0305,0.682,2.37e-06,0.0796,0.691,90.726,230773,55,acoustic
0.337,0.605,-7.84,0.0277,0.862,0.0031,0.944,0.424,59.327,270466,45,acoustic
0.746,0.421,-7.944,0.0756,0.409,0.0,0.113,0.545,97.152,279781,26,acoustic
0.71,0.782,-6.276,0.0835,0.0684,8.66e-06,0.0845,0.523,123.04,219853,28,acoustic
0.585,0.441,-9.271,0.0311,0.501,0.534,0.0967,0.0591,114.091,199880,48,acoustic
0.673,0.637,-7.546,0.0281,0.295,0.000383,0.184,0.541,105.043,89760,27,acoustic
0.491,0.913,-4.526,0.0567,1.88e-05,2.26e-06,0.327,0.59,89.987,212893,27,acoustic
0.643,0.407,-6.086,0.0355,0.414,0.000385,0.116,0.332,132.449,236293,26,acoustic
0.495,0.531,-6.372,0.0582,0.696,0.0,0.165,0.827,155.227,73066,28,acoustic
0.582,0.541,-5.499,0.059,0.324,0.0,0.0646,0.562,154.871,185250,28,acoustic
0.463,0.656,-3.078,0.0468,0.0845,0.00224,0.16,0.798,176.907,122600,28,acoustic
0.5,0.764,-7.834,0.0626,0.168,0.0,0.226,0.966,126.899,91893,29,acoustic
0.709,0.156,-17.424,0.0357,0.924,7.77e-05,0.0895,0.188,109.799,175336,27,acoustic
0.434,0.832,-9.513,0.0716,0.348,3.2e-05,0.158,0.591,93.674,214099,28,acoustic
0.424,0.942,-3.338,0.118,0.0025,1.14e-06,0.23,0.447,143.671,159019,27,acoustic
0.606,0.326,-10.031,0.0294,0.841,0.0,0.139,0.414,91.626,206267,60,acoustic
0.488,0.627,-5.867,0.0534,0.416,0.0,0.103,0.757,118.434,233306,28,acoustic
0.782,0.684,-5.774,0.0398,0.021,0.0,0.125,0.858,108.171,241466,48,acoustic
0.664,0.263,-7.988,0.0274,0.814,0.0,0.0817,0.371,96.214,188712,43,acoustic
0.601,0.372,-6.148,0.0292,0.835,0.0,0.129,0.444,146.086,233488,54,acoustic
0.652,0.586,-8.281,0.0402,0.469,0.0,0.0846,0.554,144.031,245653,49,acoustic
0.47,0.292,-9.899,0.0284,0.904,0.000104,0.0889,0.168,66.109,198386,45,acoustic
0.673,0.658,-8.864,0.0343,0.176,1.57e-05,0.08,0.863,97.989,319533,27,acoustic
0.655,0.587,-8.736,0.045,0.26,6.07e-06,0.0953,0.521,91.494,219066,52,acoustic
0.287,0.245,-20.674,0.0493,0.915,0.836,0.112,0.624,84.056,139612,41,acoustic
0.456,0.134,-11.248,0.0364,0.976,2.25e-05,0.107,0.316,127.976,178615,51,acoustic
0.676,0.118,-11.443,0.032,0.935,0.0,0.292,0.517,103.948,119423,48,acoustic
0.58,0.188,-9.34,0.0511,0.935,0.0,0.264,0.431,121.648,201885,52,acoustic
0.809,0.555,-5.689,0.0617,0.481,1.46e-06,0.133,0.473,104.085,219653,39,acoustic
0.422,0.248,-8.245,0.03,0.95,1.16e-06,0.325,0.219,134.042,279386,27,acoustic
0.49,0.456,-9.767,0.0447,0.0156,0.0,0.0825,0.405,154.805,222400,41,acoustic
0.605,0.396,-7.586,0.0667,0.387,0.0,0.0556,0.325,132.08,200227,43,acoustic
0.463,0.156,-13.416,0.189,0.89,0.0,0.115,0.478,180.191,145753,45,acoustic
0.532,0.928,-1.963,0.0397,0.108,0.0291,0.201,0.808,113.927,245600,27,acoustic
0.387,0.41,-8.124,0.031,0.608,0.00589,0.102,0.149,117.391,150346,41,acoustic
0.758,0.206,-14.68,0.0729,0.628,0.0,0.148,0.25,124.873,214860,33,acoustic
0.631,0.29,-9.159,0.0279,0.857,0.0,0.181,0.398,96.593,257390,47,acoustic
0.545,0.169,-10.145,0.0457,0.953,0.0,0.152,0.291,138.199,202928,48,acoustic
0.579,0.612,-5.088,0.0266,0.702,0.00195,0.254,0.623,155.921,251720,44,acoustic
0.524,0.687,-4.039,0.0267,0.00135,0.0,0.169,0.619,99.919,246306,64,acoustic
0.747,0.0926,-11.531,0.0308,0.921,0.0,0.112,0.328,77.94,280652,49,acoustic
0.422,0.119,-15.182,0.0354,0.555,0.0,0.0959,0.405,179.844,204333,49,acoustic
0.539,0.356,-9.749,0.0321,0.764,0.00154,0.127,0.489,73.703,186373,45,acoustic
0.737,0.238,-9.052,0.034,0.891,0.00336,0.0959,0.234,119.085,169315,26,acoustic
0.642,0.15,-11.316,0.0351,0.832,0.0,0.126,0.27,104.978,251164,47,acoustic
0.731,0.485,-10.113,0.0387,0.284,0.00464,0.147,0.463,106.052,322140,27,acoustic
0.587,0.311,-8.987,0.0307,0.817,0.0,0.0863,0.374,113.683,260853,26,acoustic
0.277,0.198,-11.923,0.0306,0.498,0.00623,0.0984,0.134,149.937,306853,48,acoustic
0.676,0.334,-10.572,0.0508,0.862,0.0,0.32,0.867,158.0,162040,59,acoustic
0.673,0.424,-11.49,0.0305,0.3,0.0,0.229,0.709,115.038,199866,26,acoustic
0.602,0.52,-10.831,0.028,0.732,0.221,0.0982,0.523,151.912,251453,53,acoustic
0.582,0.181,-11.294,0.0386,0.821,0.0,0.237,0.172,133.431,149783,26,acoustic
0.489,0.124,-10.145,0.0436,0.952,0.0,0.243,0.257,91.386,210901,26,acoustic
0.696,0.379,-9.724,0.0284,0.772,1.55e-06,0.101,0.359,112.967,306092,26,acoustic
0.65,0.628,-7.16,0.0232,0.0483,0.0,0.119,0.7,84.141,235080,48,acoustic
0.501,0.684,-5.368,0.0302,0.485,0.0,0.083,0.369,80.039,214560,61,acoustic
0.389,0.494,-10.78,0.131,0.186,0.000138,0.0557,0.909,86.872,70506,27,acoustic
0.721,0.446,-10.053,0.0305,0.797,8.59e-05,0.136,0.542,118.001,188040,26,acoustic
0.467,0.855,-5.375,0.0515,0.174,9.32e-06,0.11,0.565,135.813,135320,50,acoustic
0.37,0.703,-6.765,0.0755,0.366,0.0,0.394,0.482,143.848,111641,26,acoustic
0.336,0.761,-6.312,0.0399,0.000546,0.00284,0.113,0.501,127.065,163385,27,acoustic
0.524,0.578,-5.974,0.0267,0.000971,6.55e-06,0.326,0.29,75.032,240866,26,acoustic
0.548,0.666,-2.277,0.036,0.281,0.0,0.231,0.582,98.806,88626,26,acoustic
0.459,0.823,-6.481,0.037,0.00332,1.75e-05,0.189,0.55,152.062,228960,49,acoustic
0.316,0.879,-9.414,0.113,0.827,0.00239,0.278,0.647,88.614,207151,27,acoustic
0.741,0.66,-5.116,0.0408,0.521,8.14e-06,0.0941,0.856,81.061,162293,27,acoustic
0.474,0.843,-4.453,0.209,0.0205,2.71e-06,0.0636,0.901,131.992,158906,26,acoustic
0.629,0.441,-4.614,0.126,0.0339,0.0,0.234,0.782,78.177,182000,47,acoustic
0.685,0.483,-9.082,0.0253,0.0772,6.09e-05,0.113,0.331,93.032,578064,33,acoustic
0.627,0.246,-11.41,0.0342,0.788,0.0,0.118,0.52,141.303,247683,57,acoustic
0.592,0.686,-6.904,0.0389,0.178,0.0,0.111,0.397,101.015,197546,44,acoustic
0.663,0.178,-12.252,0.0532,0.676,0.0,0.279,0.541,82.372,163913,58,acoustic
0.53,0.0776,-15.478,0.0462,0.937,0.0,0.122,0.282,179.911,197195,48,acoustic
0.537,0.674,-5.32,0.0284,0.426,0.0,0.128,0.329,92.049,210226,39,acoustic
0.699,0.189,-11.421,0.0469,0.944,0.0,0.103,0.328,129.794,209669,45,acoustic
0.683,0.459,-8.848,0.119,0.257,0.000102,0.0759,0.287,93.083,206451,49,acoustic
0.375,0.298,-11.928,0.0395,0.822,0.0,0.137,0.425,174.03,252567,44,acoustic
0.421,0.107,-15.191,0.0335,0.948,0.0,0.0881,0.118,104.218,216841,44,acoustic
0.516,0.311,-13.521,0.0306,0.936,0.000281,0.107,0.558,129.958,254306,51,acoustic
0.709,0.119,-20.33,0.0459,0.902,0.436,0.109,0.336,135.223,59823,41,acoustic
0.57,0.271,-11.334,0.0304,0.82,3.27e-06,0.108,0.273,125.862,186660,58,acoustic
0.404,0.167,-12.463,0.0604,0.891,0.0,0.103,0.298,202.996,151618,54,acoustic
0.559,0.241,-10.688,0.0289,0.963,2.3e-05,0.187,0.142,118.916,227413,41,acoustic
0.768,0.331,-6.687,0.0292,0.576,0.0,0.216,0.663,107.044,118878,46,acoustic
0.592,0.773,-7.093,0.0281,0.223,0.00057,0.116,0.729,121.097,253600,26,acoustic
0.354,0.206,-11.799,0.0365,0.779,0.00021,0.0959,0.202,139.056,259558,56,acoustic
0.495,0.865,-3.21,0.0414,0.000791,6.68e-06,0.247,0.881,156.924,278613,27,acoustic
0.356,0.193,-10.476,0.0311,0.14,2.6e-05,0.116,0.14,145.428,257706,46,acoustic
0.417,0.264,-10.353,0.0328,0.279,0.0,0.0966,0.501,86.328,177613,26,acoustic
0.731,0.868,-6.217,0.0271,0.111,0.0,0.258,0.975,111.154,177666,27,acoustic
0.421,0.441,-8.012,0.0271,0.413,8.35e-06,0.118,0.0992,138.07,294736,52,acoustic
0.6,0.65,-5.127,0.0282,0.00921,0.0469,0.0781,0.49,139.975,258271,26,acoustic
0.501,0.716,-4.661,0.0411,0.189,0.0,0.0606,0.363,70.919,203070,55,acoustic
0.717,0.554,-5.389,0.044,0.0592,0.0,0.11,0.324,128.039,200720,26,acoustic
0.578,0.742,-5.494,0.026,0.00511,3.52e-06,0.117,0.2,107.028,286950,51,acoustic
0.636,0.735,-5.162,0.0318,0.036,1.23e-06,0.0915,0.537,120.969,212373,51,acoustic
0.516,0.144,-18.858,0.051,0.992,0.952,0.115,0.433,134.688,138748,49,acoustic
0.379,0.53,-7.229,0.0355,0.468,0.000216,0.0818,0.577,62.06,217400,47,acoustic
0.821,0.376,-13.622,0.0487,0.669,1.39e-05,0.106,0.824,119.039,170000,58,acoustic
0.371,0.51,-8.942,0.0468,0.296,8.19e-05,0.0952,0.147,113.32,382474,27,acoustic
0.507,0.399,-10.917,0.0358,0.871,0.000377,0.113,0.225,115.588,157600,58,acoustic
0.452,0.797,-5.229,0.0325,0.28,0.244,0.136,0.642,114.18,221598,26,acoustic
0.456,0.285,-8.768,0.0501,0.769,0.0,0.125,0.282,129.262,173546,27,acoustic
0.351,0.109,-11.997,0.0435,0.879,0.0,0.158,0.64,76.851,149610,26,acoustic
0.294,0.294,-9.848,0.0301,0.9,2.48e-05,0.103,0.18,75.217,245160,27,acoustic
0.638,0.543,-9.678,0.0432,0.636,0.01,0.355,0.922,140.864,163013,27,acoustic
0.382,0.9,-4.938,0.0685,0.018,0.0,0.0911,0.644,79.965,201866,26,acoustic
0.651,0.86,-7.8,0.138,0.609,0.00646,0.0735,0.29,115.0,207762,58,acoustic
0.582,0.437,-7.047,0.0524,0.451,0.0,0.149,0.922,130.467,104200,27,acoustic
0.461,0.799,-6.565,0.139,0.744,0.0,0.433,0.797,167.255,219219,27,acoustic
0.712,0.933,-2.773,0.0509,0.326,0.0,0.286,0.865,152.02,73501,26,acoustic
0.44,0.947,-3.115,0.0652,0.0477,9.95e-06,0.0488,0.892,185.147,168240,26,acoustic
0.563,0.452,-8.96,0.048,0.877,1.38e-05,0.145,0.581,91.98,150439,27,acoustic
0.335,0.696,-9.472,0.0307,0.642,0.0,0.12,0.403,95.24,403911,26,acoustic
0.572,0.567,-6.147,0.0341,0.517,2.47e-05,0.158,0.498,135.217,268906,29,acoustic
0.654,0.834,-4.436,0.0425,0.0172,0.000229,0.089,0.904,139.377,232815,26,acoustic
0.446,0.787,-7.334,0.0714,0.0328,0.0,0.141,0.586,125.642,270920,26,acoustic
0.444,0.316,-7.751,0.0429,0.841,0.0,0.138,0.571,201.64,170712,42,acoustic
0.558,0.209,-8.934,0.0515,0.852,0.0,0.111,0.41,174.887,188181,51,acoustic
0.807,0.403,-8.759,0.0316,0.901,0.0,0.12,0.95,105.037,141142,53,acoustic
0.738,0.39,-8.437,0.0334,0.409,0.0,0.107,0.547,113.979,178947,66,acoustic
0.568,0.213,-11.882,0.0379,0.955,0.0,0.113,0.302,72.932,181897,51,acoustic
0.654,0.135,-10.535,0.033,0.938,0.0,0.0983,0.16,100.027,217777,40,acoustic
0.551,0.161,-13.903,0.0331,0.954,0.000925,0.116,0.356,129.786,179236,38,acoustic
0.484,0.292,-13.097,0.035,0.868,0.000372,0.0903,0.0771,95.446,252013,43,acoustic
0.309,0.159,-13.101,0.0315,0.912,0.000264,0.1,0.139,87.493,211360,44,acoustic
0.627,0.307,-6.994,0.0313,0.742,0.0,0.106,0.471,104.669,189732,47,acoustic
0.512,0.884,-4.09,0.0368,5.53e-06,0.0,0.123,0.48,124.003,209200,27,acoustic
0.409,0.222,-11.358,0.0281,0.882,0.00426,0.213,0.151,63.419,260000,52,acoustic
0.655,0.0883,-19.0,0.0488,0.971,0.897,0.109,0.373,119.985,181819,43,acoustic
0.737,0.295,-7.179,0.0332,0.83,0.0,0.0984,0.369,107.107,210186,56,acoustic
0.512,0.359,-11.59,0.0277,0.567,0.0226,0.13,0.132,129.83,267306,48,acoustic
0.564,0.731,-7.538,0.0295,0.517,3.48e-06,0.105,0.257,95.036,244173,43,acoustic
0.464,0.72,-7.466,0.0583,0.0166,0.0488,0.0803,0.199,160.057,252628,33,acoustic
0.614,0.441,-9.375,0.0294,0.76,4.18e-05,0.142,0.148,117.991,282387,25,acoustic
0.292,0.281,-11.569,0.0288,0.751,0.000801,0.113,0.164,89.256,283266,47,acoustic
0.652,0.263,-9.836,0.0447,0.758,2.69e-06,0.106,0.192,119.957,281213,39,acoustic
0.747,0.221,-10.528,0.0358,0.93,0.0,0.116,0.369,118.029,211364,47,acoustic
0.621,0.519,-13.328,0.102,0.837,0.00246,0.162,0.775,117.005,167266,50,acoustic
0.324,0.873,-3.67,0.0664,0.00119,0.0,0.443,0.775,93.059,223333,27,acoustic
0.723,0.93,-3.292,0.128,0.239,0.0,0.155,0.69,124.94,178659,47,acoustic
0.755,0.918,-3.558,0.0397,0.356,2.23e-06,0.319,0.634,111.017,300626,26,acoustic
0.502,0.309,-12.12,0.0308,0.575,0.000894,0.0953,0.273,119.236,361013,51,acoustic
0.586,0.115,-20.442,0.0563,0.836,0.926,0.11,0.885,179.941,133500,26,acoustic
0.674,0.52,-10.106,0.0511,0.272,2.41e-06,0.151,0.422,116.029,213620,37,acoustic
0.491,0.561,-7.225,0.0246,0.108,0.0,0.139,0.22,151.943,187908,25,acoustic
0.405,0.428,-9.506,0.0277,0.0182,1.44e-06,0.14,0.331,145.515,236200,45,acoustic
0.667,0.0119,-16.177,0.0636,0.867,0.0,0.288,0.408,133.277,242001,25,acoustic
0.675,0.366,-13.493,0.0759,0.719,0.00105,0.191,0.411,72.662,246773,26,acoustic
0.602,0.404,-7.344,0.0272,0.31,0.0,0.14,0.243,83.054,230186,44,acoustic
0.439,0.532,-5.071,0.0473,0.618,0.0,0.142,0.437,129.936,198136,27,acoustic
0.608,0.15,-12.729,0.0321,0.863,0.0,0.124,0.434,81.988,126951,25,acoustic
0.556,0.511,-5.425,0.0298,0.782,4.54e-05,0.0989,0.537,81.613,180000,24,acoustic
0.682,0.666,-4.823,0.0381,0.0602,7.99e-05,0.208,0.79,93.992,104306,27,acoustic
0.644,0.34,-6.759,0.027,0.491,0.0,0.0829,0.298,129.997,226786,25,acoustic
0.554,0.655,-8.074,0.0388,0.00193,0.56,0.28,0.363,100.423,220832,27,acoustic
0.565,0.611,-9.124,0.0676,0.345,2.46e-05,0.0527,0.914,137.289,149214,27,acoustic
0.879,0.411,-5.146,0.0376,0.61,0.0,0.296,0.609,119.013,141176,25,acoustic
0.425,0.752,-4.649,0.0398,0.305,0.0,0.157,0.844,105.466,230691,27,acoustic
0.49,0.198,-13.405,0.0341,0.973,0.0212,0.125,0.636,106.71,154106,28,acoustic
0.279,0.498,-8.52,0.035,0.217,0.0,0.348,0.492,183.874,274133,26,acoustic
0.503,0.354,-7.493,0.0329,0.938,0.0,0.0987,0.372,72.295,209530,25,acoustic
0.531,0.289,-13.246,0.0505,0.854,0.0,0.0918,0.611,124.157,203702,26,acoustic
0.308,0.854,-8.006,0.0494,0.0593,0.00718,0.903,0.689,193.395,197266,27,acoustic
0.721,0.785,-4.473,0.0292,0.0882,8.32e-05,0.104,0.878,111.993,159666,26,acoustic
0.773,0.208,-9.482,0.0438,0.956,0.0,0.149,0.538,109.822,142363,25,acoustic
0.484,0.953,-3.557,0.0927,0.000165,0.00155,0.0658,0.667,97.429,152053,25,acoustic
0.751,0.29,-8.17,0.0456,0.846,0.0,0.113,0.683,75.034,161000,50,acoustic
0.527,0.578,-8.65,0.0327,0.197,3.34e-05,0.102,0.405,148.134,230746,43,acoustic
0.485,0.126,-15.597,0.052,0.71,0.0,0.106,0.345,152.541,221568,46,acoustic
0.588,0.291,-11.464,0.0352,0.763,1.56e-06,0.624,0.336,101.158,224666,34,acoustic
0.609,0.443,-9.681,0.0546,0.469,0.0,0.0829,0.166,119.967,198853,35,acoustic
0.289,0.432,-6.091,0.037,0.771,0.0,0.215,0.225,85.504,193762,26,acoustic
0.576,0.196,-13.639,0.0322,0.865,0.0,0.117,0.502,118.075,238010,45,acoustic
0.524,0.768,-7.821,0.0309,0.00816,0.0213,0.0666,0.0562,117.947,236100,40,acoustic
0.456,0.285,-7.999,0.0298,0.856,4.26e-06,0.192,0.228,177.561,248483,51,acoustic
0.426,0.0812,-21.651,0.0843,0.948,0.889,0.107,0.243,85.204,72167,47,acoustic
0.531,0.5,-8.593,0.0282,0.534,0.000861,0.101,0.319,78.076,202348,46,acoustic
0.655,0.502,-7.962,0.0349,0.579,0.0,0.117,0.368,123.931,247704,45,acoustic
0.641,0.147,-14.812,0.0337,0.954,1.91e-06,0.111,0.287,111.913,166943,55,acoustic
0.474,0.727,-5.892,0.0329,0.123,2.82e-06,0.244,0.83,79.633,326706,26,acoustic
0.617,0.319,-8.445,0.029,0.609,0.0,0.122,0.324,133.821,233306,48,acoustic
0.333,0.266,-6.42,0.0318,0.951,3.32e-05,0.108,0.33,129.249,273480,26,acoustic
0.543,0.638,-6.875,0.0258,0.103,0.000232,0.132,0.481,102.719,206653,45,acoustic
0.615,0.545,-12.572,0.0268,0.383,2.9e-06,0.16,0.47,110.335,263266,27,acoustic
0.655,0.686,-5.701,0.028,0.371,1.13e-06,0.113,0.544,112.974,186109,54,acoustic
0.491,0.185,-18.994,0.0452,0.947,0.929,0.195,0.674,90.465,191506,37,acoustic
0.213,0.185,-10.929,0.0327,0.757,8.54e-05,0.111,0.182,72.844,221786,50,acoustic
0.345,0.919,-8.154,0.0751,0.189,0.0,0.17,0.407,174.147,238866,27,acoustic
0.649,0.336,-6.823,0.0322,0.782,0.0,0.0942,0.337,95.988,213900,52,acoustic
0.392,0.253,-6.563,0.0354,0.746,0.0,0.321,0.368,203.571,136470,51,acoustic
0.542,0.0325,-18.346,0.0452,0.964,0.000855,0.105,0.288,131.935,372600,25,acoustic
0.762,0.805,-4.696,0.0358,0.283,0.0,0.106,0.963,116.141,260893,26,acoustic
0.644,0.723,-4.954,0.0288,0.16,0.0,0.13,0.625,105.969,235000,26,acoustic
0.488,0.294,-14.717,0.0261,0.917,0.841,0.0876,0.26,76.647,273026,38,acoustic
0.704,0.488,-7.89,0.039,0.56,1.57e-05,0.0811,0.745,179.76,344514,25,acoustic
0.369,0.319,-12.088,0.0288,0.752,0.000837,0.154,0.476,160.359,236840,47,acoustic
0.568,0.24,-13.851,0.0292,0.902,0.099,0.111,0.508,94.933,305866,25,acoustic
0.483,0.219,-13.27,0.0482,0.972,0.0,0.116,0.641,149.581,216584,26,acoustic
0.419,0.855,-4.782,0.0327,7.69e-05,0.0,0.272,0.261,154.098,257054,25,acoustic
0.566,0.835,-7.985,0.0377,0.0167,0.0326,0.172,0.549,95.009,167999,25,acoustic
0.633,0.647,-6.348,0.0318,0.133,0.00021,0.0858,0.775,150.805,220213,26,acoustic
0.662,0.268,-7.394,0.0358,0.858,0.0,0.11,0.394,111.594,244821,25,acoustic
0.391,0.322,-10.845,0.0322,0.88,0.0,0.118,0.278,180.048,226320,25,acoustic
0.448,0.821,-6.405,0.0328,0.566,0.0,0.339,0.618,104.687,191552,26,acoustic
0.301,0.552,-7.19,0.0495,0.161,0.0,0.143,0.761,166.406,153342,26,acoustic
0.524,0.578,-5.974,0.0267,0.000971,6.55e-06,0.326,0.29,75.032,240866,25,acoustic
0.479,0.285,-12.619,0.0327,0.942,0.0437,0.111,0.618,104.933,261000,25,acoustic
0.609,0.693,-6.395,0.0273,0.000315,0.0,0.3,0.452,119.992,215586,25,acoustic
0.608,0.61,-13.99,0.0702,0.0278,0.335,0.0369,0.669,121.275,340266,26,acoustic
0.555,0.508,-12.851,0.108,0.361,0.000968,0.12,0.961,122.037,140560,26,acoustic
0.446,0.621,-5.065,0.037,0.721,0.0,0.0881,0.867,113.896,144009,26,acoustic
0.633,0.832,-6.84,0.0863,0.0274,7.57e-06,0.0957,0.838,130.912,196226,26,acoustic
0.621,0.294,-13.468,0.11,0.558,2.54e-05,0.0946,0.728,78.599,180920,29,acoustic
0.648,0.389,-8.275,0.0927,0.807,9.78e-05,0.11,0.378,86.36,186461,26,acoustic
0.303,0.506,-6.89,0.0325,0.496,0.0,0.178,0.412,161.463,217293,26,acoustic
0.335,0.881,-6.48,0.0934,0.00805,0.0,0.11,0.173,96.9,297093,25,acoustic
0.443,0.778,-7.564,0.266,0.241,0.0,0.215,0.628,128.25,168000,64,afrobeat
0.58,0.8,-7.528,0.345,0.281,0.0,0.0708,0.483,81.303,318360,44,afrobeat
0.805,0.746,-5.211,0.185,0.238,0.0,0.215,0.717,127.922,171989,42,afrobeat
0.582,0.66,-4.988,0.0544,0.399,0.0,0.127,0.484,83.789,205440,46,afrobeat
0.776,0.314,-9.513,0.034,0.881,0.000723,0.139,0.476,124.055,220800,44,afrobeat
0.711,0.515,-8.238,0.0514,0.679,0.000324,0.0971,0.679,90.91,258359,43,afrobeat
0.637,0.818,-6.851,0.281,0.19,0.0,0.102,0.599,90.571,254520,41,afrobeat
0.79,0.814,-6.358,0.0268,0.243,0.0102,0.528,0.914,124.03,261400,39,afrobeat
0.797,0.609,-10.537,0.131,0.00375,0.0191,0.128,0.913,142.035,244933,40,afrobeat
0.506,0.876,-5.877,0.316,0.194,1.86e-06,0.353,0.676,124.218,172440,43,afrobeat
0.788,0.574,-9.068,0.319,0.0626,0.0,0.203,0.764,160.027,240226,46,afrobeat
0.708,0.782,-6.419,0.284,0.0507,0.0,0.251,0.717,94.038,180000,39,afrobeat
0.619,0.781,-6.548,0.333,0.148,0.0,0.183,0.728,182.026,177240,40,afrobeat
0.844,0.915,-4.06,0.129,0.393,0.00238,0.0847,0.872,145.997,232826,38,afrobeat
0.66,0.728,-6.177,0.337,0.178,0.0,0.0516,0.594,91.101,279720,41,afrobeat
0.606,0.6,-7.785,0.139,0.0469,0.0,0.327,0.529,159.971,273973,42,afrobeat
0.67,0.273,-10.77,0.0388,0.946,0.00136,0.179,0.443,128.87,161342,38,afrobeat
0.772,0.789,-7.159,0.298,0.101,0.0,0.0575,0.549,84.96,175800,38,afrobeat
0.434,0.877,-5.945,0.247,0.849,0.0,0.653,0.662,82.109,271840,44,afrobeat
0.755,0.709,-5.066,0.289,0.0528,0.0,0.0825,0.657,140.989,138480,37,afrobeat
0.437,0.357,-7.6,0.0294,0.676,1.11e-06,0.118,0.26,120.088,146000,36,afrobeat
0.789,0.899,-6.363,0.138,0.125,0.0,0.103,0.847,97.999,226040,44,afrobeat
0.763,0.577,-7.085,0.125,0.0875,0.00163,0.101,0.658,90.015,217400,41,afrobeat
0.518,0.918,-5.548,0.276,0.325,0.0,0.79,0.62,98.777,188666,37,afrobeat
0.637,0.715,-7.032,0.074,0.0518,4.65e-05,0.122,0.347,109.859,198920,48,afrobeat
0.87,0.737,-8.372,0.126,0.268,0.00369,0.0504,0.952,136.07,222560,37,afrobeat
0.633,0.805,-5.523,0.0329,0.0529,0.0,0.146,0.925,143.028,226648,42,afrobeat
0.428,0.3,-10.214,0.157,0.638,5.18e-05,0.0987,0.278,81.403,257146,44,afrobeat
0.83,0.604,-5.25,0.0355,0.563,0.00108,0.221,0.82,144.008,227640,44,afrobeat
0.817,0.619,-6.922,0.0542,0.263,0.00317,0.0889,0.614,103.041,212826,41,afrobeat
0.526,0.711,-4.373,0.0465,0.585,0.0,0.0728,0.651,176.27,223600,45,afrobeat
0.573,0.859,-4.346,0.0473,0.108,3.04e-05,0.0779,0.521,147.906,244533,41,afrobeat
0.651,0.861,-6.625,0.109,0.43,0.0,0.981,0.8,98.474,243373,41,afrobeat
0.721,0.741,-6.597,0.0354,0.441,0.00849,0.0775,0.977,131.001,327836,36,afrobeat
0.753,0.653,-5.511,0.0508,0.76,8.56e-06,0.0756,0.706,115.802,235560,41,afrobeat
0.571,0.69,-8.18,0.542,0.299,0.0,0.103,0.228,155.991,218880,41,afrobeat
0.715,0.556,-6.102,0.0453,0.667,0.0,0.132,0.902,87.973,284875,46,afrobeat
0.634,0.393,-9.583,0.0283,0.35,0.000987,0.151,0.54,87.996,249600,39,afrobeat
0.731,0.575,-6.252,0.041,0.703,0.0,0.121,0.704,143.986,248520,37,afrobeat
0.776,0.8,-4.704,0.0438,0.00631,0.0731,0.35,0.583,143.989,309493,39,afrobeat
0.486,0.867,-5.237,0.0892,0.129,0.00176,0.0731,0.358,109.003,269986,38,afrobeat
0.77,0.819,-6.487,0.0703,0.0191,0.0133,0.377,0.732,92.996,249960,42,afrobeat
0.611,0.738,-7.341,0.0443,0.142,0.00837,0.0575,0.725,119.791,265200,37,afrobeat
0.674,0.518,-6.658,0.0806,0.733,3.81e-06,0.085,0.554,133.935,105360,37,afrobeat
0.692,0.749,-4.948,0.0427,0.442,7.13e-05,0.132,0.7,111.986,171480,36,afrobeat
0.717,0.784,-5.138,0.0353,0.73,0.0126,0.0851,0.978,168.146,140280,36,afrobeat
0.817,0.771,-5.132,0.087,0.704,0.0,0.0885,0.76,111.099,206760,37,afrobeat
0.374,0.934,-5.322,0.322,0.058,0.0,0.804,0.389,167.661,238346,35,afrobeat
0.569,0.907,-5.619,0.31,0.602,4.35e-05,0.862,0.562,94.346,211280,37,afrobeat
0.689,0.564,-7.276,0.126,0.149,0.941,0.0909,0.758,87.474,194293,40,afrobeat
0.353,0.548,-5.391,0.0332,0.709,0.0,0.664,0.67,200.152,205597,25,afrobeat
0.778,0.399,-8.984,0.0858,0.0751,0.835,0.103,0.321,137.305,67720,64,afrobeat
0.824,0.72,-8.189,0.142,0.416,0.101,0.102,0.374,116.982,253097,32,afrobeat
0.724,0.833,-6.962,0.0705,0.289,0.000242,0.0991,0.875,144.999,149720,37,afrobeat
0.725,0.618,-9.842,0.046,0.325,0.000133,0.384,0.479,112.681,195040,36,afrobeat
0.522,0.672,-9.058,0.039,0.0785,0.418,0.0864,0.75,155.833,246613,33,afrobeat
0.455,0.738,-6.826,0.0358,0.161,0.0678,0.0996,0.335,125.351,250354,36,afrobeat
0.618,0.945,-4.49,0.112,0.0372,0.00323,0.257,0.76,169.967,220670,35,afrobeat
0.585,0.588,-8.147,0.115,0.405,5.19e-06,0.321,0.429,100.808,206999,33,afrobeat
0.864,0.623,-5.966,0.0344,0.452,0.00967,0.105,0.84,132.008,267853,33,afrobeat
0.694,0.82,-7.885,0.048,0.113,0.897,0.147,0.588,99.922,174538,34,afrobeat
0.685,0.732,-8.589,0.0322,0.00506,0.778,0.064,0.856,127.999,210373,35,afrobeat
0.483,0.994,-6.676,0.0762,0.000444,0.765,0.057,0.702,182.051,148000,35,afrobeat
0.721,0.654,-7.877,0.0231,0.314,1.28e-05,0.828,0.826,102.978,321351,33,afrobeat
0.683,0.823,-6.475,0.0559,0.138,0.067,0.176,0.837,120.03,242373,35,afrobeat
0.614,0.209,-11.445,0.0327,0.868,0.000676,0.182,0.416,119.948,246568,35,afrobeat
0.793,0.658,-6.332,0.0552,0.652,1.11e-06,0.082,0.96,114.039,219071,34,afrobeat
0.591,0.873,-6.877,0.111,0.105,0.0181,0.0676,0.882,162.121,339413,35,afrobeat
0.702,0.689,-6.112,0.221,0.152,0.0,0.0878,0.242,84.063,303120,35,afrobeat
0.64,0.732,-7.078,0.0642,0.641,0.000142,0.114,0.831,112.956,214177,33,afrobeat
0.383,0.711,-8.113,0.0671,0.174,0.000572,0.16,0.432,137.036,148905,37,afrobeat
0.692,0.746,-6.359,0.0362,0.393,0.000496,0.257,0.613,107.981,426306,36,afrobeat
0.779,0.918,-6.912,0.268,0.126,4.61e-05,0.701,0.391,100.041,156733,34,afrobeat
0.653,0.868,-6.12,0.336,0.649,0.0,0.953,0.733,82.15,213960,32,afrobeat
0.795,0.664,-10.679,0.0519,0.188,0.89,0.172,0.854,136.029,220653,32,afrobeat
0.726,0.72,-6.841,0.31,0.327,0.0,0.287,0.874,149.995,165160,34,afrobeat
0.422,0.862,-6.534,0.153,0.602,0.00904,0.294,0.826,80.526,199360,34,afrobeat
0.795,0.573,-9.838,0.0554,0.403,0.004,0.102,0.65,135.123,261552,32,afrobeat
0.6,0.826,-5.654,0.0476,0.0555,0.0,0.0835,0.77,98.046,213680,34,afrobeat
0.759,0.79,-4.355,0.0656,0.264,3.91e-05,0.0707,0.914,135.953,181013,34,afrobeat
0.572,0.874,-7.523,0.127,0.525,8.57e-06,0.711,0.681,94.006,267480,33,afrobeat
0.549,0.901,-6.208,0.296,0.721,0.0,0.913,0.35,152.298,213773,33,afrobeat
0.666,0.761,-5.472,0.0926,0.000143,0.712,0.112,0.797,143.035,173413,33,afrobeat
0.838,0.914,-4.026,0.124,0.378,0.00398,0.0979,0.855,146.0,232293,35,afrobeat
0.797,0.99,-8.001,0.0458,0.000375,0.419,0.0333,0.926,125.023,214960,35,afrobeat
0.688,0.864,-4.957,0.151,0.269,0.000172,0.0357,0.667,180.052,247000,36,afrobeat
0.696,0.724,-4.86,0.0345,0.65,0.0,0.104,0.965,99.929,222408,33,afrobeat
0.469,0.824,-10.785,0.0944,0.478,0.268,0.076,0.781,220.081,274933,0,afrobeat
0.801,0.736,-8.897,0.0395,0.343,0.000183,0.0429,0.942,105.009,356333,0,afrobeat
0.817,0.794,-8.324,0.0752,0.0563,0.229,0.0687,0.921,116.423,265586,0,afrobeat
0.54,0.945,-5.021,0.271,0.315,0.0,0.405,0.551,92.013,273426,34,afrobeat
0.358,0.905,-5.776,0.453,0.304,0.0,0.454,0.468,176.67,191453,33,afrobeat
0.778,0.711,-11.367,0.0643,0.352,0.0473,0.969,0.858,108.127,527506,0,afrobeat
0.285,0.734,-6.956,0.0506,0.3,0.0231,0.903,0.243,140.224,392480,35,afrobeat
0.806,0.478,-11.387,0.107,0.77,0.00036,0.0856,0.959,89.938,334520,0,afrobeat
0.532,0.908,-6.124,0.238,0.367,0.000142,0.992,0.737,126.229,369773,33,afrobeat
0.837,0.598,-9.047,0.181,0.391,0.238,0.0598,0.983,145.219,191506,34,afrobeat
0.784,0.869,-6.595,0.0369,0.0107,0.83,0.0422,0.672,99.175,247626,0,afrobeat
0.778,0.711,-11.367,0.0643,0.352,0.0473,0.969,0.858,108.127,527506,0,afrobeat
0.766,0.375,-13.456,0.0763,0.297,0.862,0.128,0.62,81.626,336933,3,afrobeat
0.829,0.878,-5.951,0.101,0.0959,0.0,0.776,0.883,87.991,239306,75,afrobeat
0.605,0.666,-5.77,0.0413,0.0234,0.647,0.0841,0.0865,100.138,145880,49,afrobeat
0.361,0.31,-12.102,0.0398,0.802,0.687,0.128,0.408,177.659,355840,19,afrobeat
0.6,0.476,-8.558,0.084,0.7,0.00488,0.104,0.572,142.033,213480,30,afrobeat
0.74,0.8,-6.65,0.0422,0.211,0.0969,0.11,0.763,96.998,306750,34,afrobeat
0.531,0.249,-10.041,0.0866,0.759,0.0812,0.0909,0.106,104.039,400362,31,afrobeat
0.806,0.573,-9.905,0.0557,0.317,0.125,0.149,0.696,104.994,210870,34,afrobeat
0.71,0.846,-3.981,0.0479,0.0798,0.00352,0.395,0.505,118.025,235567,29,afrobeat
0.562,0.876,-4.999,0.0356,0.00127,0.00513,0.265,0.547,124.003,315600,35,afrobeat
0.658,0.715,-7.416,0.269,0.0174,0.0,0.307,0.543,189.895,237026,33,afrobeat
0.881,0.834,-5.625,0.175,0.216,3.97e-05,0.127,0.941,94.967,232826,30,afrobeat
0.724,0.902,-6.758,0.0322,0.102,0.000205,0.386,0.385,122.023,311453,30,afrobeat
0.677,0.929,-6.017,0.0418,0.309,0.00129,0.318,0.709,129.996,199095,32,afrobeat
0.649,0.51,-11.928,0.228,0.466,0.00202,0.0983,0.476,174.931,190600,31,afrobeat
0.6,0.65,-16.989,0.0412,0.000416,0.795,0.178,0.868,131.078,213992,30,afrobeat
0.564,0.903,-6.173,0.0786,0.0221,0.00198,0.3,0.568,164.047,289947,31,afrobeat
0.758,0.819,-5.945,0.0528,0.0646,0.000168,0.138,0.827,117.971,303213,33,afrobeat
0.519,0.804,-4.716,0.084,0.696,0.268,0.0947,0.841,104.883,390280,31,afrobeat
0.457,0.231,-17.316,0.0597,0.759,0.523,0.11,0.444,133.083,295866,30,afrobeat
0.588,0.711,-8.105,0.038,0.924,0.00698,0.31,0.951,145.818,78880,31,afrobeat
0.69,0.695,-10.241,0.036,0.0186,0.00351,0.456,0.564,106.032,247226,31,afrobeat
0.715,0.686,-9.727,0.036,0.227,0.657,0.11,0.86,130.945,169066,30,afrobeat
0.463,0.718,-11.202,0.0275,0.205,0.0874,0.0541,0.855,174.112,254080,33,afrobeat
0.523,0.282,-11.418,0.0791,0.776,0.00288,0.0819,0.317,132.44,214253,31,afrobeat
0.716,0.713,-6.294,0.0289,0.41,0.00067,0.153,0.896,119.957,241322,30,afrobeat
0.539,0.968,-5.323,0.0476,0.00049,0.0616,0.169,0.673,98.113,179840,32,afrobeat
0.682,0.703,-6.92,0.0531,0.356,0.00012,0.116,0.575,91.973,217866,31,afrobeat
0.744,0.771,-9.034,0.0892,0.608,0.052,0.103,0.661,149.822,239920,35,afrobeat
0.683,0.862,-4.55,0.0619,0.157,0.00298,0.297,0.609,108.001,227573,31,afrobeat
0.532,0.844,-6.393,0.104,0.18,0.000174,0.0869,0.0822,137.954,392638,31,afrobeat
0.535,0.644,-8.617,0.0442,0.543,0.918,0.0939,0.744,149.872,406573,31,afrobeat
0.713,0.605,-8.45,0.0348,0.733,3.13e-06,0.552,0.885,100.014,267997,31,afrobeat
0.596,0.394,-12.497,0.0334,0.94,0.431,0.321,0.694,97.048,75026,30,afrobeat
0.605,0.708,-5.546,0.0923,0.425,0.0,0.229,0.708,113.755,303882,33,afrobeat
0.718,0.46,-11.107,0.0272,0.646,0.0012,0.123,0.509,95.564,186773,30,afrobeat
0.73,0.775,-8.161,0.0372,0.000472,0.00188,0.0833,0.491,107.153,223666,35,afrobeat
0.469,0.824,-10.785,0.0944,0.478,0.268,0.076,0.781,220.081,274933,0,afrobeat
0.778,0.711,-11.367,0.0643,0.352,0.0473,0.969,0.858,108.127,527506,0,afrobeat
0.657,0.72,-6.375,0.0858,0.00356,0.000948,0.0809,0.413,142.006,181706,33,afrobeat
0.683,0.783,-7.155,0.0438,0.0941,0.84,0.104,0.634,141.94,221506,32,afrobeat
0.777,0.598,-13.803,0.0412,0.023,0.89,0.106,0.684,100.007,160948,30,afrobeat
0.801,0.423,-4.918,0.0703,0.486,0.0106,0.0934,0.468,139.987,183159,30,afrobeat
0.767,0.815,-9.309,0.0397,0.31,0.000122,0.142,0.787,111.992,261640,0,afrobeat
0.824,0.932,-4.664,0.256,0.414,0.0136,0.0594,0.471,105.01,183706,31,afrobeat
0.469,0.824,-10.785,0.0944,0.478,0.268,0.076,0.781,220.081,274933,0,afrobeat
0.438,0.702,-6.294,0.0405,0.587,0.0,0.504,0.249,84.176,247680,30,afrobeat
0.778,0.711,-11.367,0.0643,0.352,0.0473,0.969,0.858,108.127,527506,0,afrobeat
0.758,0.728,-5.127,0.044,0.00343,0.000182,0.294,0.846,120.961,169786,32,afrobeat
0.687,0.876,-6.438,0.0344,0.00421,0.0328,0.139,0.884,126.015,260693,33,afrobeat
0.778,0.711,-11.367,0.0643,0.352,0.0473,0.969,0.858,108.127,527506,0,afrobeat
0.714,0.44,-10.676,0.0953,0.319,0.000148,0.0685,0.532,91.997,133053,45,afrobeat
0.57,0.225,-17.168,0.029,0.306,0.0586,0.0689,0.408,151.78,429973,16,afrobeat
0.605,0.835,-6.477,0.14,0.0764,0.0,0.122,0.903,171.958,180973,42,afrobeat
0.497,0.916,-3.984,0.103,0.0774,1.97e-05,0.0635,0.934,136.705,243560,27,afrobeat
0.742,0.617,-10.134,0.044,0.397,0.888,0.14,0.847,101.999,162146,27,afrobeat
0.716,0.509,-6.926,0.0753,0.683,0.891,0.0884,0.374,170.117,139133,28,afrobeat
0.76,0.649,-9.064,0.0579,0.0417,0.0,0.0825,0.715,105.009,261885,30,afrobeat
0.754,0.818,-7.047,0.0342,0.000998,6.26e-05,0.93,0.78,105.0,247646,31,afrobeat
0.607,0.34,-15.83,0.0486,0.826,0.344,0.0752,0.667,143.074,417600,27,afrobeat
0.501,0.911,-6.49,0.154,0.0342,0.165,0.512,0.724,82.34,337493,29,afrobeat
0.642,0.933,-5.562,0.0431,0.00928,2.31e-05,0.337,0.743,131.982,252600,30,afrobeat
0.555,0.623,-7.464,0.0916,0.258,8.17e-05,0.259,0.464,90.922,250200,27,afrobeat
0.634,0.892,-4.395,0.0519,0.0183,0.000177,0.233,0.648,99.998,232826,28,afrobeat
0.714,0.889,-4.857,0.0367,0.0483,4.02e-05,0.413,0.935,122.757,191472,32,afrobeat
0.735,0.864,-4.801,0.0742,0.00434,0.598,0.765,0.851,90.037,235200,31,afrobeat
0.714,0.532,-9.327,0.0296,0.573,0.0,0.0909,0.795,129.972,247750,28,afrobeat
0.466,0.342,-15.497,0.195,0.746,1.74e-05,0.582,0.628,120.066,252573,29,afrobeat
0.789,0.869,-6.758,0.0482,0.168,0.391,0.0944,0.909,124.947,356800,28,afrobeat
0.604,0.904,-5.338,0.0483,0.0787,0.708,0.144,0.557,92.962,397573,27,afrobeat
0.732,0.613,-8.872,0.0352,0.765,1.16e-06,0.137,0.924,102.481,217217,29,afrobeat
0.646,0.651,-10.789,0.0328,0.0025,0.739,0.17,0.672,133.985,297360,27,afrobeat
0.762,0.858,-4.589,0.0313,0.321,0.0629,0.276,0.836,126.005,219746,29,afrobeat
0.741,0.564,-9.052,0.051,0.225,6.71e-05,0.0964,0.359,117.859,191466,28,afrobeat
0.596,0.686,-7.915,0.103,0.28,0.00969,0.0726,0.729,103.949,286613,28,afrobeat
0.77,0.797,-4.778,0.0345,0.555,0.000122,0.0928,0.964,96.879,180480,26,afrobeat
0.84,0.632,-7.338,0.0599,0.0674,0.0,0.164,0.764,93.985,167717,30,afrobeat
0.783,0.491,-9.672,0.0351,0.044,0.000361,0.147,0.339,134.955,278093,30,afrobeat
0.695,0.514,-9.933,0.0326,0.283,0.00019,0.116,0.439,132.065,220413,30,afrobeat
0.598,0.929,-4.382,0.0629,0.0072,0.406,0.369,0.655,92.603,230635,26,afrobeat
0.738,0.925,-4.205,0.0429,0.0125,0.836,0.153,0.704,131.065,142333,28,afrobeat
0.765,0.912,-3.823,0.153,0.316,1.25e-06,0.0785,0.568,107.999,198213,30,afrobeat
0.833,0.579,-9.205,0.101,0.451,0.294,0.152,0.819,94.008,264293,29,afrobeat
0.75,0.775,-7.086,0.0382,0.00914,0.0061,0.075,0.962,119.982,337882,31,afrobeat
0.39,0.661,-9.916,0.0321,0.61,0.726,0.298,0.205,123.257,179306,28,afrobeat
0.551,0.806,-8.328,0.0558,0.026,0.00122,0.0762,0.671,143.876,321666,30,afrobeat
0.667,0.548,-4.813,0.0298,0.0181,0.739,0.206,0.823,104.668,220306,28,afrobeat
0.747,0.521,-9.483,0.0325,0.638,0.0304,0.118,0.498,120.035,222613,30,afrobeat
0.75,0.855,-4.441,0.0436,0.0789,0.00157,0.0851,0.879,150.03,158066,29,afrobeat
0.714,0.431,-9.564,0.0327,0.781,0.00816,0.116,0.501,125.94,194777,27,afrobeat
0.537,0.744,-7.267,0.0655,0.0896,0.337,0.202,0.826,153.109,358053,30,afrobeat
0.689,0.886,-8.548,0.0462,0.563,0.897,0.0744,0.884,107.983,247693,27,afrobeat
0.603,0.849,-8.917,0.0392,0.1,0.138,0.106,0.674,143.027,263146,29,afrobeat
0.736,0.948,-5.486,0.0443,0.0586,0.694,0.854,0.848,130.013,198720,28,afrobeat
0.718,0.428,-13.17,0.0307,0.676,0.00865,0.159,0.551,139.956,190000,28,afrobeat
0.827,0.359,-12.863,0.0909,0.332,0.703,0.0911,0.684,135.421,434600,29,afrobeat
0.806,0.99,-7.994,0.0455,0.000385,0.509,0.0305,0.921,125.026,214266,28,afrobeat
0.781,0.755,-7.015,0.0395,0.564,0.00267,0.126,0.597,118.168,287533,30,afrobeat
0.51,0.933,-4.89,0.18,0.0185,0.0,0.278,0.789,176.083,202040,28,afrobeat
0.764,0.857,-4.618,0.0323,0.289,0.0528,0.245,0.792,126.009,219826,30,afrobeat
0.552,0.499,-12.078,0.131,0.65,0.0685,0.117,0.665,131.952,200026,29,afrobeat
0.571,0.508,-8.118,0.0254,0.532,0.951,0.161,0.102,96.825,174826,55,afrobeat
0.729,0.866,-5.656,0.193,0.267,0.0,0.146,0.711,131.913,224634,45,afrobeat
0.599,0.499,-14.386,0.196,0.105,0.0,0.0986,0.765,159.915,158000,38,afrobeat
0.699,0.858,-6.603,0.089,0.0332,0.000204,0.0978,0.432,115.113,204521,49,afrobeat
0.547,0.356,-10.199,0.0366,0.954,0.917,0.0891,0.504,81.032,376640,52,afrobeat
0.827,0.604,-8.976,0.244,0.643,1.86e-05,0.163,0.766,140.923,163500,26,afrobeat
0.795,0.598,-7.021,0.0329,0.312,0.00807,0.0552,0.883,108.992,211850,25,afrobeat
0.655,0.774,-5.295,0.171,0.0283,0.00235,0.0651,0.462,192.004,180000,25,afrobeat
0.701,0.718,-5.677,0.0301,0.00647,0.0,0.173,0.608,93.028,188133,27,afrobeat
0.353,0.721,-6.3,0.129,0.0643,0.344,0.112,0.652,170.026,168560,26,afrobeat
0.73,0.646,-6.751,0.0345,0.669,0.00171,0.0866,0.938,98.012,158040,24,afrobeat
0.746,0.828,-6.568,0.0409,0.113,0.0028,0.0635,0.31,104.974,187500,26,afrobeat
0.498,0.695,-6.89,0.0335,0.055,9.9e-06,0.126,0.59,175.815,237613,25,afrobeat
0.706,0.608,-8.304,0.031,0.227,4.36e-05,0.112,0.215,120.407,190000,27,afrobeat
0.667,0.218,-10.563,0.0351,0.941,1.45e-06,0.191,0.224,113.842,105438,27,afrobeat
0.725,0.611,-7.218,0.128,0.086,0.0,0.504,0.415,101.012,166373,25,afrobeat
0.587,0.686,-5.113,0.122,0.00428,0.00705,0.0428,0.71,183.938,183213,25,afrobeat
0.681,0.579,-6.141,0.0434,0.212,0.0,0.333,0.588,120.037,255761,27,afrobeat
0.893,0.728,-7.742,0.0893,0.327,0.000288,0.041,0.924,94.067,207307,25,afrobeat
0.553,0.773,-6.446,0.0343,0.173,0.865,0.185,0.597,96.617,167217,24,afrobeat
0.784,0.597,-6.307,0.068,0.685,0.000273,0.11,0.961,81.984,220320,26,afrobeat
0.668,0.874,-2.771,0.0731,0.587,0.0,0.109,0.836,107.346,177453,26,afrobeat
0.719,0.202,-9.86,0.0593,0.819,0.000266,0.0692,0.806,75.073,134008,27,afrobeat
0.756,0.652,-5.466,0.0501,0.742,8.49e-06,0.079,0.697,115.83,235560,24,afrobeat
0.827,0.603,-5.248,0.0354,0.552,0.000798,0.214,0.83,144.001,227640,25,afrobeat
0.893,0.671,-8.777,0.0619,0.646,0.2,0.117,0.933,99.998,193893,26,afrobeat
0.596,0.358,-13.075,0.0366,0.221,0.00233,0.19,0.606,81.112,73293,24,afrobeat
0.707,0.283,-16.795,0.0652,0.848,0.00054,0.339,0.796,79.771,228413,26,afrobeat
0.608,0.706,-10.1,0.138,0.00226,0.000728,0.329,0.504,177.914,197506,27,afrobeat
0.738,0.868,-5.411,0.061,0.00763,0.0638,0.0844,0.802,119.988,268580,28,afrobeat
0.698,0.542,-5.923,0.0276,0.639,0.000261,0.104,0.724,88.058,311453,26,afrobeat
0.762,0.902,-4.341,0.0507,0.0256,3.93e-05,0.198,0.882,133.984,234626,26,afrobeat
0.776,0.793,-7.276,0.16,0.0702,7.82e-06,0.288,0.771,112.003,258104,27,afrobeat
0.732,0.825,-7.509,0.0453,0.0707,0.00598,0.204,0.79,117.893,249520,29,afrobeat
0.695,0.895,-8.202,0.048,0.116,0.734,0.311,0.962,120.069,387165,25,afrobeat
0.686,0.212,-16.961,0.0495,0.791,5.73e-05,0.288,0.189,134.12,253293,27,afrobeat
0.443,0.453,-9.763,0.12,0.532,0.0,0.167,0.477,93.877,95733,27,afrobeat
0.609,0.92,-4.989,0.034,0.00647,0.143,0.194,0.661,133.924,252106,28,afrobeat
0.802,0.702,-7.722,0.0525,0.229,0.581,0.173,0.855,113.073,479053,25,afrobeat
0.486,0.803,-6.157,0.0363,7.89e-05,0.854,0.222,0.253,105.904,319026,27,afrobeat
0.474,0.625,-6.241,0.0443,0.87,0.00138,0.237,0.553,108.396,66706,26,afrobeat
0.742,0.939,-4.784,0.106,0.363,0.00604,0.157,0.965,154.955,126120,28,afrobeat
0.736,0.938,-4.176,0.156,0.168,5.29e-05,0.215,0.561,104.981,174680,28,afrobeat
0.555,0.665,-10.47,0.0622,0.0352,0.596,0.116,0.399,178.064,262480,28,afrobeat
0.583,0.932,-7.734,0.0762,0.00208,0.0119,0.0674,0.492,96.899,258160,28,afrobeat
0.737,0.571,-6.756,0.0303,0.0585,0.000707,0.126,0.655,119.054,232773,27,afrobeat
0.778,0.243,-15.168,0.0596,0.64,0.00204,0.0823,0.714,166.027,175866,25,afrobeat
0.594,0.305,-12.028,0.0482,0.718,0.0231,0.108,0.694,166.7,210266,26,afrobeat
0.591,0.748,-7.136,0.0292,0.0679,0.837,0.286,0.961,127.636,167493,27,afrobeat
0.731,0.747,-6.612,0.0305,0.0136,0.0301,0.09,0.962,125.98,274346,29,afrobeat
0.631,0.502,-10.195,0.242,0.835,3.75e-05,0.155,0.776,156.183,124840,44,afrobeat
0.439,0.475,-12.559,0.0361,0.449,0.253,0.0903,0.428,111.717,655440,48,afrobeat
0.628,0.585,-8.036,0.0421,0.147,0.927,0.0465,0.618,100.95,162266,55,afrobeat
0.588,0.576,-6.945,0.0367,0.218,0.0357,0.172,0.66,129.155,436840,53,afrobeat
0.868,0.367,-13.304,0.039,0.303,0.0066,0.0895,0.522,130.038,203000,24,afrobeat
0.538,0.533,-12.113,0.0518,0.0184,0.0133,0.109,0.365,74.973,238293,23,afrobeat
0.772,0.33,-9.51,0.0342,0.886,0.001,0.136,0.472,124.041,220800,24,afrobeat
0.547,0.627,-7.311,0.0359,0.0513,0.00145,0.112,0.615,174.967,237584,24,afrobeat
0.641,0.884,-5.472,0.0602,0.0567,0.0,0.0219,0.883,104.962,300973,25,afrobeat
0.704,0.692,-6.2,0.186,0.223,0.0,0.0796,0.614,92.527,224000,25,afrobeat
0.561,0.346,-17.938,0.0555,0.701,0.0129,0.0922,0.775,112.232,175026,25,afrobeat
0.568,0.901,-5.337,0.0983,0.0894,0.000215,0.184,0.745,78.567,201116,22,afrobeat
0.683,0.536,-8.362,0.0465,0.115,0.692,0.179,0.845,83.986,322700,25,afrobeat
0.549,0.489,-13.621,0.0458,0.35,0.926,0.122,0.648,77.593,37702,25,afrobeat
0.659,0.74,-6.524,0.198,0.108,0.0,0.115,0.91,190.001,250080,25,afrobeat
0.776,0.788,-7.785,0.18,0.0732,0.0578,0.0773,0.871,99.91,166866,24,afrobeat
0.595,0.633,-9.633,0.165,0.0172,0.209,0.0911,0.888,146.919,261240,23,afrobeat
0.641,0.926,-7.718,0.0572,0.11,0.0246,0.09,0.883,90.934,591693,48,afrobeat
0.815,0.602,-10.192,0.196,0.3,0.00548,0.0737,0.805,109.704,251400,56,afrobeat
0.699,0.62,-4.885,0.185,0.0887,0.0,0.17,0.311,158.04,217674,25,afrobeat
0.49,0.82,-7.138,0.0684,0.799,0.0558,0.131,0.854,102.572,416040,26,afrobeat
0.726,0.871,-4.826,0.111,0.0714,7.87e-06,0.157,0.773,175.999,227826,27,afrobeat
0.786,0.729,-8.323,0.0425,0.0484,0.844,0.151,0.907,100.995,169800,25,afrobeat
0.669,0.843,-5.726,0.03,0.0641,0.000297,0.109,0.842,131.461,198773,26,afrobeat
0.525,0.424,-9.356,0.101,0.00552,0.0044,0.062,0.631,203.01,203646,23,afrobeat
0.821,0.779,-4.283,0.113,0.0976,0.0,0.0659,0.464,105.003,173071,25,afrobeat
0.868,0.793,-3.828,0.0315,0.255,1.31e-06,0.0884,0.972,121.977,262731,24,afrobeat
0.382,0.931,-7.296,0.0591,0.137,0.649,0.0553,0.801,105.214,241520,24,afrobeat
0.575,0.295,-19.252,0.204,0.877,0.000763,0.336,0.564,79.991,285880,25,afrobeat
0.641,0.66,-5.595,0.357,0.208,0.0,0.128,0.549,169.881,216093,26,afrobeat
0.715,0.897,-4.822,0.0635,0.432,0.0,0.15,0.839,96.891,174102,25,afrobeat
0.723,0.951,-5.076,0.0467,0.0681,0.0034,0.0478,0.762,110.076,221406,24,afrobeat
0.44,0.728,-5.895,0.0348,0.00144,0.848,0.253,0.518,136.243,268333,24,afrobeat
0.869,0.797,-4.455,0.0318,0.414,0.0,0.0852,0.973,121.996,262425,24,afrobeat
0.457,0.332,-10.365,0.0356,0.791,8.22e-06,0.102,0.305,164.096,265086,23,afrobeat
0.852,0.442,-9.292,0.0403,0.446,0.228,0.0879,0.946,107.426,505973,24,afrobeat
0.43,0.829,-9.146,0.162,0.0845,0.0,0.112,0.445,141.277,319077,24,afrobeat
0.623,0.952,-7.348,0.0391,0.241,0.0113,0.121,0.714,108.004,305693,26,afrobeat
0.659,0.736,-8.119,0.202,0.00473,0.0,0.239,0.63,96.971,272466,25,afrobeat
0.854,0.928,-7.29,0.0621,0.152,0.0189,0.0481,0.782,122.487,428853,23,afrobeat
0.623,0.66,-5.582,0.0546,0.405,1.68e-05,0.136,0.961,106.887,243617,25,afrobeat
0.646,0.701,-6.938,0.0444,0.00283,0.00146,0.0414,0.944,172.055,205511,23,afrobeat
0.588,0.745,-5.754,0.0886,0.515,0.0,0.179,0.432,95.071,279376,25,afrobeat
0.579,0.833,-9.369,0.0428,0.0785,0.165,0.221,0.732,95.838,364053,26,afrobeat
0.618,0.942,-4.511,0.13,0.0359,0.00416,0.247,0.736,170.005,220613,26,afrobeat
0.816,0.77,-5.94,0.032,0.61,0.948,0.323,0.964,127.971,209066,24,afrobeat
0.605,0.842,-9.482,0.0553,0.0133,0.664,0.341,0.39,116.151,348826,27,afrobeat
0.736,0.951,-3.983,0.0436,0.0149,0.329,0.0833,0.932,116.001,224586,26,afrobeat
0.674,0.869,-9.837,0.0398,0.374,0.154,0.089,0.813,117.999,304440,25,afrobeat
0.768,0.91,-2.398,0.0343,0.015,0.000121,0.143,0.96,123.023,226613,27,afrobeat
0.974,0.922,-3.983,0.174,0.0974,1.08e-06,0.0978,0.657,127.989,183779,42,afrobeat
0.675,0.588,-7.168,0.177,0.789,0.0,0.95,0.879,79.989,189866,71,afrobeat
0.782,0.922,-4.028,0.0497,0.00655,0.0118,0.0728,0.761,104.015,255227,12,afrobeat
0.648,0.874,-5.851,0.0342,0.0104,0.932,0.107,0.339,101.994,470837,43,afrobeat
0.7,0.756,-10.714,0.0575,0.00182,0.711,0.0575,0.944,114.28,386160,45,afrobeat
0.382,0.507,-8.179,0.0323,0.787,0.0124,0.235,0.494,135.787,143120,55,afrobeat
0.678,0.634,-6.606,0.274,0.656,0.0,0.31,0.574,159.682,159008,23,afrobeat
0.831,0.835,-3.768,0.142,0.128,0.00227,0.134,0.8,114.997,264306,49,afrobeat
0.72,0.73,-6.385,0.0814,0.28,0.276,0.0392,0.773,93.414,146813,23,afrobeat
0.729,0.807,-5.803,0.0916,0.117,2.93e-05,0.072,0.488,98.969,240680,22,afrobeat
0.701,0.715,-7.829,0.0451,0.313,0.958,0.0418,0.774,139.733,100146,23,afrobeat
0.337,0.623,-5.735,0.182,0.162,0.0,0.0817,0.461,56.499,173871,23,afrobeat
0.863,0.687,-9.997,0.16,0.0575,6.84e-05,0.0472,0.77,133.901,286876,22,afrobeat
0.662,0.93,-7.483,0.0378,0.176,0.0,0.112,0.954,125.014,237599,22,afrobeat
0.542,0.869,-6.18,0.0954,0.225,0.891,0.0453,0.962,190.509,252000,57,afrobeat
0.839,0.233,-13.539,0.0413,0.745,0.747,0.105,0.777,125.597,194293,51,afrobeat
0.518,0.649,-7.188,0.045,0.112,0.162,0.191,0.683,180.202,276970,23,afrobeat
0.711,0.811,-5.59,0.127,0.122,7.09e-06,0.0775,0.417,100.065,186648,23,afrobeat
0.647,0.688,-8.47,0.0308,0.0145,0.077,0.0998,0.395,123.996,211500,22,afrobeat
0.879,0.731,-9.609,0.0715,0.0584,0.455,0.0595,0.945,119.997,301259,21,afrobeat
0.693,0.569,-9.466,0.0303,0.62,0.857,0.157,0.626,130.011,251413,25,afrobeat
0.483,0.887,-8.489,0.924,0.977,0.000231,0.292,0.613,74.325,69942,22,afrobeat
0.589,0.827,-6.01,0.0337,0.0239,0.154,0.174,0.911,117.74,181655,21,afrobeat
0.625,0.703,-5.571,0.132,0.172,0.00493,0.174,0.487,114.113,407295,24,afrobeat
0.566,0.621,-5.62,0.0263,0.00773,0.0323,0.257,0.402,150.033,268040,23,afrobeat
0.683,0.83,-5.994,0.0504,0.54,0.629,0.0595,0.883,127.237,201013,22,afrobeat
0.503,0.886,-5.085,0.101,0.0251,8.98e-05,0.304,0.587,133.931,216071,0,afrobeat
0.537,0.619,-11.404,0.0339,0.101,0.887,0.582,0.897,119.222,321160,23,afrobeat
0.781,0.848,-9.61,0.0898,0.0276,0.767,0.0472,0.641,109.49,201400,23,afrobeat
0.749,0.391,-16.177,0.0767,0.603,3.66e-06,0.116,0.351,96.035,222040,23,afrobeat
0.44,0.742,-5.234,0.124,0.227,0.000159,0.399,0.368,129.169,323291,23,afrobeat
0.742,0.577,-6.253,0.0434,0.669,1.02e-06,0.117,0.704,144.011,248520,22,afrobeat
0.738,0.709,-6.431,0.0478,0.00267,0.0196,0.135,0.851,104.987,361160,22,afrobeat
0.666,0.528,-6.618,0.082,0.752,1.02e-05,0.0897,0.532,133.916,105360,22,afrobeat
0.886,0.646,-11.349,0.0825,0.00475,0.0215,0.0615,0.936,125.007,302341,22,afrobeat
0.571,0.845,-6.674,0.0837,0.0484,0.734,0.139,0.586,128.627,214306,23,afrobeat
0.815,0.768,-5.136,0.091,0.731,0.0,0.0877,0.76,111.077,206760,22,afrobeat
0.558,0.778,-6.747,0.0304,0.000658,0.663,0.134,0.385,131.049,142226,24,afrobeat
0.688,0.948,-4.961,0.074,0.0334,0.0,0.307,0.957,126.703,206093,25,afrobeat
0.665,0.792,-4.255,0.0521,0.317,0.0,0.279,0.945,121.831,237180,23,afrobeat
0.677,0.268,-20.8,0.22,0.817,0.152,0.694,0.62,151.64,271080,23,afrobeat
0.875,0.684,-6.257,0.0607,0.0284,3.55e-05,0.206,0.926,115.031,205520,25,afrobeat
0.734,0.444,-10.782,0.0523,0.489,0.941,0.626,0.624,136.305,431640,23,afrobeat
0.697,0.878,-7.686,0.0601,0.0557,0.000552,0.0918,0.751,102.012,256000,20,afrobeat
0.528,0.862,-7.348,0.0349,0.182,0.000103,0.0421,0.844,110.192,182493,23,afrobeat
0.424,0.754,-6.66,0.0327,0.0799,1.27e-06,0.105,0.883,100.955,361001,22,afrobeat
0.454,0.98,-7.526,0.382,0.0972,0.979,0.115,0.348,161.12,96524,22,afrobeat
0.532,0.93,-5.064,0.0966,0.0136,0.000119,0.496,0.785,169.997,197600,25,afrobeat
0.858,0.912,-8.237,0.0622,0.173,0.0254,0.0448,0.798,122.496,427160,7,afrobeat
0.695,0.385,-12.691,0.0309,0.509,0.0172,0.0709,0.26,120.149,225933,23,afrobeat
0.787,0.751,-5.288,0.0621,0.394,0.000193,0.11,0.834,105.003,155468,40,afrobeat
0.731,0.831,-7.615,0.0366,0.0132,0.000148,0.0338,0.973,120.919,229480,27,afrobeat
0.858,0.634,-5.085,0.0498,0.406,0.0,0.0697,0.824,105.018,260220,38,afrobeat
0.63,0.735,-7.682,0.0346,0.464,0.8,0.0817,0.727,106.589,180226,51,afrobeat
0.71,0.615,-7.143,0.24,0.0207,9.14e-05,0.428,0.605,95.0,131395,21,afrobeat
0.699,0.493,-8.809,0.227,0.0737,2.39e-05,0.0669,0.528,140.029,255122,21,afrobeat
0.537,0.501,-11.22,0.093,0.0684,0.00366,0.0753,0.914,93.849,318785,45,afrobeat
0.589,0.427,-13.527,0.0295,0.804,0.905,0.124,0.376,99.648,238906,12,afrobeat
0.549,0.254,-14.48,0.0416,0.962,0.931,0.0994,0.541,81.484,368539,49,afrobeat
0.431,0.328,-17.312,0.0327,0.503,0.00107,0.347,0.695,90.316,365173,12,afrobeat
0.594,0.614,-10.175,0.0553,0.00298,0.712,0.0739,0.825,159.94,181520,22,afrobeat
0.534,0.847,-8.527,0.0842,0.316,0.436,0.101,0.852,119.205,219768,21,afrobeat
0.887,0.568,-10.146,0.194,0.263,0.00285,0.0951,0.127,127.923,207986,21,afrobeat
0.613,0.9,-8.293,0.0507,0.00838,0.253,0.0641,0.664,121.032,267091,21,afrobeat
0.738,0.355,-15.786,0.0595,0.292,0.00155,0.256,0.705,154.019,266000,22,afrobeat
0.59,0.613,-9.547,0.0347,0.394,0.277,0.361,0.868,147.171,220000,22,afrobeat
0.753,0.514,-8.159,0.055,0.474,0.00147,0.184,0.65,120.073,232800,21,afrobeat
0.536,0.702,-5.748,0.0679,0.2,0.0,0.147,0.711,82.83,245708,22,afrobeat
0.54,0.797,-10.777,0.0617,0.434,0.165,0.12,0.935,128.291,288933,22,afrobeat
0.876,0.72,-9.916,0.102,0.032,0.000164,0.0431,0.901,132.984,275433,21,afrobeat
0.723,0.636,-10.265,0.25,0.3,2.37e-05,0.144,0.813,79.958,192000,21,afrobeat
0.329,0.84,-9.316,0.0662,0.222,0.837,0.148,0.962,174.761,65026,22,afrobeat
0.586,0.827,-6.044,0.0453,0.00549,0.888,0.0435,0.809,167.962,290693,21,afrobeat
0.81,0.858,-3.704,0.0696,0.12,4.2e-05,0.0771,0.69,110.993,240000,21,afrobeat
0.776,0.673,-6.067,0.0666,0.427,0.486,0.261,0.617,141.032,224281,22,afrobeat
0.651,0.371,-8.62,0.0258,0.56,1.13e-05,0.112,0.589,78.718,212493,23,afrobeat
0.76,0.35,-9.481,0.0336,0.0263,0.868,0.0767,0.31,141.988,282093,20,afrobeat
0.4,0.471,-9.494,0.0641,0.193,0.00031,0.131,0.0765,64.502,249333,23,afrobeat
0.658,0.715,-7.416,0.269,0.0174,0.0,0.306,0.543,189.895,237026,24,afrobeat
0.727,0.517,-6.88,0.0612,0.26,0.0,0.134,0.529,127.932,249151,22,afrobeat
0.587,0.716,-7.943,0.0308,0.157,0.921,0.641,0.874,81.689,136773,21,afrobeat
0.7,0.344,-20.913,0.477,0.862,0.00386,0.138,0.473,89.845,231493,22,afrobeat
0.783,0.506,-14.552,0.0651,0.952,0.918,0.0676,0.397,117.147,240026,21,afrobeat
0.542,0.517,-8.13,0.0266,0.0159,0.322,0.13,0.326,66.552,165040,22,afrobeat
0.445,0.833,-7.373,0.0279,0.00256,0.736,0.167,0.652,116.012,344840,22,afrobeat
0.746,0.83,-4.983,0.0919,0.0901,0.00118,0.0796,0.364,100.015,168000,21,afrobeat
0.764,0.681,-7.947,0.0366,0.015,0.00336,0.114,0.807,123.986,336000,22,afrobeat
0.771,0.968,-6.142,0.0584,0.288,0.0,0.0809,0.756,93.984,240200,25,afrobeat
0.471,0.864,-5.079,0.0383,0.000394,0.843,0.0526,0.486,119.095,225826,22,afrobeat
0.709,0.868,-6.436,0.0486,0.428,0.814,0.131,0.693,118.125,215322,21,afrobeat
0.618,0.491,-9.164,0.0893,0.41,0.000399,0.104,0.659,89.827,156721,21,afrobeat
0.723,0.782,-5.127,0.0345,0.738,0.0128,0.0864,0.98,167.865,140280,21,afrobeat
0.763,0.871,-8.779,0.055,0.0238,0.14,0.438,0.618,101.199,444159,21,afrobeat
0.823,0.93,-4.663,0.257,0.419,0.00734,0.0519,0.487,105.017,185573,24,afrobeat
0.875,0.722,-5.276,0.0555,0.0772,7.37e-05,0.112,0.552,117.997,202568,21,afrobeat
0.617,0.868,-7.344,0.0404,0.554,0.559,0.0738,0.913,122.883,478197,22,afrobeat
0.528,0.967,-8.212,0.0634,0.0143,0.429,0.361,0.725,128.446,223226,21,afrobeat
0.458,0.885,-4.31,0.0582,0.00259,0.00305,0.325,0.826,195.646,262040,23,afrobeat
0.704,0.728,-10.712,0.0666,0.491,0.7,0.391,0.509,92.228,236706,24,afrobeat
0.549,0.704,-7.025,0.0399,0.58,0.0222,0.13,0.112,133.986,127960,23,afrobeat
0.728,0.719,-4.201,0.0459,0.477,0.0,0.0713,0.719,107.95,194063,43,afrobeat
0.656,0.508,-10.105,0.0956,0.295,0.505,0.0857,0.585,194.015,223092,21,afrobeat
0.725,0.266,-15.384,0.0403,0.828,0.000531,0.303,0.617,86.727,523453,10,afrobeat
0.643,0.787,-5.843,0.316,0.339,0.0,0.34,0.747,140.279,375095,20,afrobeat
0.615,0.704,-7.582,0.0922,0.331,0.0,0.156,0.489,100.019,259660,20,afrobeat
0.788,0.499,-9.061,0.185,0.205,0.0139,0.234,0.612,97.977,153103,20,afrobeat
0.892,0.708,-9.041,0.0782,0.0395,0.00147,0.0335,0.949,127.002,432963,48,afrobeat
0.821,0.769,-9.618,0.412,0.0299,0.0,0.0718,0.606,123.904,242355,20,afrobeat
0.664,0.854,-10.352,0.0442,0.388,0.912,0.18,0.961,107.855,96733,20,afrobeat
0.55,0.557,-6.875,0.0987,0.0623,0.000231,0.154,0.439,111.383,175072,20,afrobeat
0.714,0.613,-10.434,0.0732,0.0479,5.08e-06,0.264,0.964,93.969,196421,20,afrobeat
0.734,0.783,-7.379,0.154,0.0692,0.00323,0.563,0.767,183.918,305440,22,afrobeat
0.655,0.62,-7.736,0.0394,0.75,0.615,0.191,0.763,97.513,172695,21,afrobeat
0.709,0.594,-5.642,0.271,0.367,0.0227,0.0796,0.879,189.916,187547,20,afrobeat
0.615,0.694,-10.525,0.0312,0.287,0.826,0.121,0.745,135.861,188920,20,afrobeat
0.5,0.778,-5.025,0.0742,0.0422,1.2e-06,0.116,0.514,75.145,232240,21,afrobeat
0.716,0.752,-6.036,0.0781,0.0569,0.0,0.211,0.776,118.591,162652,21,afrobeat
0.804,0.625,-7.852,0.0823,0.488,0.000732,0.117,0.766,99.914,146311,20,afrobeat
0.634,0.664,-7.014,0.0339,0.216,0.898,0.211,0.872,130.962,155479,21,afrobeat
0.739,0.88,-5.531,0.0723,0.59,0.811,0.198,0.783,115.967,306733,20,afrobeat
0.648,0.68,-9.002,0.105,0.549,9.98e-06,0.0417,0.959,115.9,262586,22,afrobeat
0.343,0.886,-3.107,0.0313,0.000273,0.000233,0.19,0.828,192.492,297665,20,afrobeat
0.447,0.826,-6.556,0.0504,0.0226,0.876,0.232,0.685,105.475,160800,22,afrobeat
0.745,0.93,-4.826,0.119,0.334,0.00235,0.153,0.96,154.929,125306,22,afrobeat
0.799,0.606,-10.782,0.113,0.439,8.24e-06,0.168,0.845,114.941,161000,20,afrobeat
0.712,0.225,-10.017,0.0533,0.93,0.001,0.123,0.429,87.52,221893,21,afrobeat
0.805,0.812,-5.43,0.0925,0.0318,0.000998,0.0804,0.748,122.003,258120,20,afrobeat
0.843,0.805,-7.029,0.0381,0.0403,0.712,0.0755,0.914,116.002,247533,20,afrobeat
0.701,0.722,-7.221,0.11,0.0407,0.00188,0.0769,0.848,179.938,283645,20,afrobeat
0.589,0.675,-9.321,0.0332,0.515,0.285,0.0914,0.748,119.792,257071,23,afrobeat
0.743,0.962,-3.922,0.0508,0.127,2.65e-05,0.321,0.872,108.602,192013,21,afrobeat
0.76,0.662,-8.879,0.227,0.0119,0.000343,0.743,0.835,142.012,246960,24,afrobeat
0.79,0.711,-8.014,0.0486,0.221,0.0693,0.0998,0.861,110.063,369226,20,afrobeat
0.829,0.448,-9.673,0.0427,0.34,0.000878,0.0873,0.749,103.306,350640,20,afrobeat
0.695,0.751,-4.966,0.0443,0.441,8.84e-05,0.132,0.701,111.96,171600,20,afrobeat
0.571,0.877,-9.563,0.0342,0.344,0.922,0.166,0.814,120.907,158760,22,afrobeat
0.715,0.635,-9.616,0.0471,0.0241,0.191,0.276,0.956,79.255,136000,22,afrobeat
0.393,0.616,-7.564,0.0428,0.0444,0.0,0.152,0.275,97.458,239866,21,afrobeat
0.677,0.902,-7.584,0.0373,0.016,0.00114,0.285,0.893,111.925,266200,22,afrobeat
0.509,0.511,-11.24,0.0294,0.0238,0.913,0.0748,0.611,116.851,177253,22,afrobeat
0.553,0.847,-5.1,0.0366,0.0176,0.621,0.0668,0.795,159.896,300760,20,afrobeat
0.791,0.642,-8.502,0.182,0.0213,0.000279,0.356,0.477,94.585,257640,23,afrobeat
0.517,0.858,-5.168,0.103,0.132,0.0,0.092,0.55,100.04,177738,21,afrobeat
0.671,0.898,-6.861,0.0771,0.11,2.61e-05,0.117,0.875,92.953,235186,23,afrobeat
0.539,0.372,-8.864,0.0304,0.853,0.0299,0.106,0.313,147.078,276906,22,afrobeat
0.808,0.841,-5.99,0.048,0.402,0.00048,0.185,0.891,106.477,312419,22,afrobeat
0.791,0.835,-6.807,0.0584,0.0223,0.234,0.0506,0.8,140.027,266432,23,afrobeat
0.752,0.451,-9.922,0.0544,0.368,0.396,0.124,0.886,81.468,117733,22,afrobeat
0.722,0.904,-5.661,0.157,0.451,1.19e-06,0.0949,0.783,93.94,211576,21,afrobeat
0.682,0.815,-7.55,0.062,0.528,0.0,0.0995,0.964,106.068,152372,21,afrobeat
0.761,0.488,-7.326,0.043,0.199,0.00236,0.0864,0.682,100.024,217146,63,afrobeat
0.503,0.733,-7.272,0.188,0.676,0.809,0.0983,0.377,167.935,165735,48,afrobeat
0.581,0.709,-13.307,0.0436,0.0268,0.232,0.0398,0.816,132.096,296093,9,afrobeat
0.851,0.414,-8.518,0.0314,0.0498,0.00135,0.11,0.581,102.807,216080,53,afrobeat
0.675,0.681,-7.458,0.0364,0.481,0.0232,0.225,0.604,97.442,193000,46,afrobeat
0.82,0.473,-7.3,0.0454,0.293,0.861,0.136,0.645,120.066,221720,49,afrobeat
0.366,0.91,-6.157,0.0415,0.00119,0.834,0.101,0.322,92.94,191213,40,afrobeat
0.703,0.859,-3.991,0.0752,0.222,0.0,0.174,0.867,82.069,228115,20,afrobeat
0.795,0.719,-4.791,0.0642,0.115,0.0051,0.0525,0.958,110.02,224208,42,afrobeat
0.676,0.769,-10.142,0.0535,0.00545,0.0256,0.131,0.891,117.733,306360,47,afrobeat
0.631,0.703,-6.242,0.226,0.0209,0.0,0.267,0.611,90.066,246596,20,afrobeat
0.484,0.783,-7.923,0.0313,0.0119,0.899,0.103,0.77,164.006,220550,20,afrobeat
0.778,0.76,-6.408,0.044,0.521,0.0747,0.175,0.895,122.108,195891,20,afrobeat
0.514,0.532,-17.026,0.0936,0.712,0.00523,0.0816,0.553,113.821,328826,11,afrobeat
0.723,0.558,-7.514,0.027,0.344,1.4e-06,0.115,0.547,103.983,187000,19,afrobeat
0.777,0.598,-13.803,0.0412,0.023,0.89,0.106,0.684,100.007,160948,48,afrobeat
0.413,0.744,-9.798,0.0694,0.24,0.602,0.109,0.963,88.561,271189,21,afrobeat
0.79,0.502,-8.194,0.125,0.237,2.03e-05,0.22,0.59,87.996,177272,20,afrobeat
0.809,0.677,-4.825,0.0335,0.166,0.92,0.0542,0.875,110.001,320058,19,afrobeat
0.668,0.612,-7.168,0.219,0.0712,0.0,0.105,0.722,82.861,195000,19,afrobeat
0.572,0.73,-12.687,0.0392,8.14e-05,0.822,0.105,0.815,129.706,226095,19,afrobeat
0.548,0.691,-8.069,0.0404,0.917,0.00683,0.338,0.92,145.933,78390,21,afrobeat
0.688,0.897,-5.623,0.0311,0.467,0.706,0.0332,0.942,113.784,333986,21,afrobeat
0.785,0.862,-7.252,0.059,0.016,0.947,0.108,0.682,106.052,215800,21,afrobeat
0.82,0.788,-5.81,0.0392,0.0599,1.52e-05,0.222,0.8,122.712,214272,20,afrobeat
0.734,0.463,-9.349,0.0395,0.695,0.000153,0.112,0.828,85.988,208013,19,afrobeat
0.783,0.864,-8.554,0.0388,0.00106,0.868,0.166,0.687,104.356,213666,21,afrobeat
0.658,0.718,-8.128,0.076,0.0446,0.0036,0.2,0.514,80.112,224880,20,afrobeat
0.787,0.385,-7.672,0.0566,0.0194,0.879,0.208,0.448,86.456,210280,19,afrobeat
0.7,0.713,-9.615,0.0357,0.834,0.936,0.106,0.934,83.493,241375,20,afrobeat
0.705,0.435,-12.185,0.0927,0.597,0.00149,0.933,0.535,124.705,189386,21,afrobeat
0.517,0.834,-6.918,0.0676,0.13,0.627,0.0894,0.871,113.778,224568,21,afrobeat
0.795,0.727,-9.737,0.0494,0.155,0.0112,0.131,0.826,108.036,243186,21,afrobeat
0.739,0.854,-3.464,0.0738,0.133,8.09e-06,0.16,0.792,126.39,240466,23,afrobeat
0.806,0.685,-5.217,0.0578,0.0521,0.0,0.0662,0.967,104.011,226642,19,afrobeat
0.507,0.905,-7.304,0.0629,0.0967,0.431,0.369,0.579,97.327,172506,21,afrobeat
0.648,0.855,-6.381,0.0487,0.0218,0.0472,0.172,0.698,148.022,206349,22,afrobeat
0.585,0.6,-4.554,0.0605,0.603,3.9e-06,0.126,0.816,85.91,257906,21,afrobeat
0.845,0.849,-5.77,0.163,0.711,0.0,0.329,0.808,106.873,190546,20,afrobeat
0.442,0.804,-9.555,0.0806,0.0115,0.854,0.162,0.589,150.144,218106,22,afrobeat
0.663,0.478,-8.649,0.0279,0.114,0.000515,0.124,0.386,149.957,198722,19,afrobeat
0.759,0.914,-7.616,0.0374,0.0186,0.803,0.342,0.727,109.998,299400,22,afrobeat
0.481,0.442,-20.759,0.868,0.507,0.0139,0.983,0.709,151.445,208026,21,afrobeat
0.622,0.797,-8.958,0.0312,0.117,0.909,0.16,0.795,114.822,239693,21,afrobeat
0.717,0.777,-4.229,0.0744,0.239,0.725,0.162,0.792,101.941,306200,19,afrobeat
0.573,0.995,-3.365,0.0621,0.116,0.972,0.176,0.921,98.171,128973,22,afrobeat
0.795,0.63,-9.01,0.1,0.119,3.42e-05,0.0663,0.343,93.006,394840,22,afrobeat
0.803,0.661,-10.578,0.0369,0.544,0.402,0.0563,0.96,140.018,208885,21,afrobeat
0.937,0.5,-11.622,0.198,0.544,0.861,0.104,0.711,101.665,212493,20,afrobeat
0.75,0.932,-5.68,0.0718,0.00341,0.0823,0.344,0.82,124.012,263320,22,afrobeat
0.748,0.538,-9.943,0.222,0.159,1.62e-06,0.167,0.779,124.974,234133,70,afrobeat
0.86,0.41,-13.625,0.0473,0.306,0.000669,0.0424,0.653,98.269,311866,51,afrobeat
0.751,0.697,-3.45,0.111,0.372,0.0,0.149,0.879,125.924,230505,41,afrobeat
0.599,0.364,-12.63,0.0333,0.787,0.0658,0.0614,0.697,81.317,248986,10,afrobeat
0.836,0.709,-9.135,0.0352,0.154,0.392,0.0894,0.969,145.952,359213,53,afrobeat
0.672,0.942,-5.145,0.186,0.386,0.0142,0.384,0.574,131.45,745653,41,afrobeat
0.595,0.765,-8.626,0.0574,0.056,0.851,0.169,0.736,149.58,243693,50,afrobeat
0.536,0.632,-10.067,0.0641,0.599,0.921,0.159,0.566,117.796,192404,42,afrobeat
0.831,0.658,-12.597,0.054,0.415,0.0297,0.148,0.961,116.698,170026,20,afrobeat
0.806,0.716,-5.483,0.081,0.14,0.892,0.182,0.87,124.778,245818,19,afrobeat
0.814,0.824,-9.559,0.036,0.219,0.898,0.0869,0.902,129.01,189920,19,afrobeat
0.794,0.736,-5.008,0.0872,0.27,0.000972,0.0734,0.872,126.032,288733,19,afrobeat
0.843,0.801,-8.712,0.0385,0.0195,0.116,0.12,0.908,116.017,323278,19,afrobeat
0.793,0.913,-3.816,0.116,0.324,3.25e-06,0.092,0.533,108.013,198466,21,afrobeat
0.555,0.904,-7.099,0.0543,0.0734,0.0178,0.307,0.932,146.4,209723,19,afrobeat
0.811,0.37,-10.857,0.238,0.369,0.433,0.108,0.549,112.012,168030,19,afrobeat
0.61,0.808,-5.957,0.0549,0.0952,0.44,0.362,0.556,137.086,291373,22,afrobeat
0.642,0.673,-9.835,0.0497,0.404,0.000119,0.139,0.835,93.881,274720,21,afrobeat
0.599,0.907,-5.236,0.0299,0.101,0.394,0.285,0.866,122.843,204853,19,afrobeat
0.756,0.629,-8.176,0.0348,0.608,2.93e-05,0.0976,0.932,156.029,295333,19,afrobeat
0.806,0.561,-6.081,0.0556,0.0517,0.0102,0.7,0.808,135.02,201080,22,afrobeat
0.705,0.83,-9.266,0.0946,0.0659,0.00445,0.078,0.602,119.099,301617,19,afrobeat
0.58,0.549,-12.382,0.0379,0.166,0.000344,0.0907,0.629,144.091,244560,21,afrobeat
0.73,0.736,-6.807,0.0404,0.763,0.00369,0.119,0.937,139.961,167293,19,afrobeat
0.744,0.863,-4.424,0.0375,0.0242,0.000183,0.151,0.676,132.983,185864,19,afrobeat
0.751,0.882,-7.125,0.0603,0.00323,0.875,0.137,0.872,122.037,280546,19,afrobeat
0.578,0.49,-7.965,0.0343,0.0929,5.72e-05,0.119,0.72,150.016,246013,21,afrobeat
0.633,0.79,-7.266,0.102,0.42,0.473,0.064,0.867,127.623,479204,19,afrobeat
0.778,0.871,-6.088,0.0366,0.35,0.00915,0.0628,0.961,123.06,287026,19,afrobeat
0.647,0.798,-9.506,0.0384,0.125,0.0132,0.819,0.906,109.897,220280,21,afrobeat
0.815,0.925,-6.041,0.103,0.0594,0.0,0.128,0.898,116.057,226515,21,afrobeat
0.739,0.886,-5.927,0.12,0.553,0.0112,0.307,0.814,145.02,216933,23,afrobeat
0.683,0.852,-4.568,0.0654,0.179,0.00309,0.296,0.635,108.033,227986,21,afrobeat
0.332,0.786,-8.419,0.045,0.00182,0.00185,0.142,0.724,143.4,341765,19,afrobeat
0.746,0.722,-5.389,0.0545,0.031,0.0,0.641,0.889,138.153,201746,22,afrobeat
0.698,0.63,-8.342,0.0496,0.239,0.519,0.087,0.855,100.014,432213,19,afrobeat
0.389,0.672,-8.768,0.0688,0.302,0.79,0.345,0.584,173.954,301133,20,afrobeat
0.307,0.68,-4.153,0.074,0.58,2.05e-06,0.102,0.224,74.151,230225,20,afrobeat
0.735,0.92,-7.772,0.269,0.0104,3.2e-05,0.699,0.68,154.988,226146,22,afrobeat
0.694,0.731,-5.111,0.0411,0.0856,2.8e-05,0.305,0.62,125.769,262000,19,afrobeat
0.853,0.607,-7.932,0.138,0.00186,0.00339,0.0897,0.187,104.984,190066,21,afrobeat
0.616,0.838,-6.462,0.0562,0.279,0.00596,0.124,0.849,145.936,560280,20,afrobeat
0.463,0.996,-6.017,0.0821,0.000356,0.847,0.139,0.671,182.069,145253,20,afrobeat
0.644,0.883,-8.481,0.0884,0.638,2.58e-05,0.0952,0.783,104.159,221266,23,afrobeat
0.852,0.699,-9.888,0.0717,0.104,0.0129,0.0767,0.941,123.018,373515,19,afrobeat
0.851,0.498,-7.259,0.0427,0.741,0.888,0.162,0.896,129.1,179866,20,afrobeat
0.727,0.897,-6.356,0.0422,0.0159,0.00999,0.286,0.897,135.087,226333,22,afrobeat
0.735,0.681,-7.757,0.316,0.673,0.0,0.0584,0.968,90.003,416133,22,afrobeat
0.501,0.963,-3.768,0.265,0.0516,0.0,0.307,0.656,165.128,260877,21,afrobeat
0.561,0.561,-6.909,0.044,0.77,9.3e-05,0.188,0.701,106.187,238811,21,afrobeat
0.479,0.719,-7.075,0.109,0.214,4.85e-05,0.166,0.699,113.017,174146,0,afrobeat
0.489,0.557,-6.027,0.0379,0.0329,0.0,0.208,0.11,135.907,369529,41,afrobeat
0.637,0.671,-6.762,0.231,0.0869,0.0,0.665,0.593,97.602,226586,18,afrobeat
0.524,0.65,-7.307,0.0415,0.0954,0.00655,0.126,0.826,107.493,213749,43,afrobeat
0.448,0.411,-10.141,0.0292,0.807,0.807,0.121,0.471,89.475,417186,10,afrobeat
0.882,0.722,-8.223,0.107,0.57,0.0,0.118,0.941,140.028,206958,19,afrobeat
0.635,0.752,-7.316,0.0343,0.00616,0.851,0.226,0.832,121.92,199080,18,afrobeat
0.717,0.683,-10.197,0.0433,0.0364,0.00564,0.104,0.594,113.016,359045,18,afrobeat
0.765,0.434,-8.515,0.096,0.366,0.0,0.0978,0.267,141.939,243377,18,afrobeat
0.778,0.619,-10.109,0.0692,0.623,0.000922,0.144,0.684,102.017,238001,19,afrobeat
0.691,0.805,-6.81,0.0947,0.59,0.0,0.0975,0.866,142.503,301426,64,afrobeat
0.569,0.704,-10.146,0.109,0.13,0.0,0.0725,0.865,104.725,232586,19,afrobeat
0.545,0.608,-8.642,0.0309,0.409,0.881,0.312,0.975,141.849,186909,20,afrobeat
0.791,0.358,-12.384,0.0645,0.291,0.00644,0.156,0.78,83.007,284102,19,afrobeat
0.846,0.814,-4.997,0.227,0.0553,0.0,0.114,0.784,114.886,237301,19,afrobeat
0.754,0.434,-10.196,0.0664,0.0989,9.01e-05,0.133,0.946,86.01,202640,18,afrobeat
0.78,0.758,-7.629,0.0353,0.159,0.00466,0.1,0.911,111.038,229719,18,afrobeat
0.484,0.572,-6.248,0.106,0.245,0.0,0.177,0.397,138.342,253815,19,afrobeat
0.902,0.75,-8.803,0.0492,0.101,0.0957,0.0506,0.964,121.989,330372,19,afrobeat
0.861,0.671,-8.737,0.0711,0.0424,0.219,0.0543,0.961,127.015,468693,18,afrobeat
0.736,0.885,-5.579,0.0485,0.0684,0.822,0.0923,0.832,112.01,240640,19,afrobeat
0.851,0.772,-6.516,0.136,0.0462,0.0,0.15,0.922,93.521,247560,19,afrobeat
0.817,0.676,-5.619,0.312,0.0509,0.0,0.139,0.64,94.943,211080,21,afrobeat
0.795,0.904,-7.685,0.0547,0.339,0.0589,0.108,0.85,100.045,395720,18,afrobeat
0.573,0.92,-8.486,0.61,0.786,0.0,0.87,0.4,110.488,36006,19,afrobeat
0.798,0.728,-6.235,0.0345,0.0437,0.462,0.348,0.822,120.001,457539,19,afrobeat
0.643,0.507,-6.524,0.0511,0.927,0.854,0.0736,0.611,116.743,107624,20,afrobeat
0.735,0.721,-6.701,0.0557,0.271,0.000204,0.325,0.792,93.0,301346,18,afrobeat
0.452,0.853,-6.06,0.0337,0.0139,0.893,0.21,0.937,97.222,254238,19,afrobeat
0.826,0.744,-8.207,0.0528,0.396,0.901,0.0672,0.977,144.981,202466,18,afrobeat
0.429,0.456,-9.763,0.121,0.529,0.0,0.178,0.485,93.678,95733,21,afrobeat
0.742,0.919,-6.173,0.0724,0.3,2.92e-05,0.0303,0.96,99.906,218087,19,afrobeat
0.577,0.593,-8.646,0.289,0.859,0.768,0.0981,0.536,78.238,170120,19,afrobeat
0.532,0.641,-6.999,0.0274,0.0235,0.922,0.103,0.604,96.142,162360,20,afrobeat
0.82,0.587,-6.91,0.0736,0.231,0.0,0.117,0.55,100.014,217720,20,afrobeat
0.668,0.75,-6.718,0.049,0.0175,0.231,0.13,0.705,134.96,579760,18,afrobeat
0.485,0.741,-4.425,0.0294,0.317,0.000579,0.0683,0.936,103.72,259160,19,afrobeat
0.735,0.919,-4.58,0.0571,0.0371,9.37e-05,0.139,0.155,109.022,220183,19,afrobeat
0.757,0.84,-7.052,0.0375,0.0278,0.0335,0.147,0.734,112.081,229854,19,afrobeat
0.765,0.888,-5.344,0.172,0.27,0.0,0.263,0.625,120.042,267910,19,afrobeat
0.739,0.582,-6.831,0.0309,0.0496,0.00175,0.11,0.674,119.028,233894,21,afrobeat
0.788,0.917,-6.353,0.0414,0.117,0.741,0.0843,0.747,108.991,400000,18,afrobeat
0.697,0.632,-7.845,0.0342,0.608,0.00364,0.0925,0.792,74.359,239026,20,afrobeat
0.751,0.279,-14.352,0.066,0.0933,0.868,0.119,0.41,138.848,389106,19,afrobeat
0.718,0.458,-8.916,0.135,0.382,0.000813,0.0666,0.569,170.92,283950,19,afrobeat
0.775,0.922,-4.866,0.287,0.285,0.0,0.0989,0.712,105.085,267533,21,afrobeat
0.761,0.756,-7.656,0.0354,0.00953,0.017,0.126,0.702,126.122,280440,21,afrobeat
0.795,0.989,-7.986,0.0461,0.000324,0.425,0.0319,0.926,125.028,214960,19,afrobeat
0.647,0.855,-9.225,0.0776,0.000331,0.809,0.687,0.816,107.859,156920,21,afrobeat
0.78,0.934,-4.843,0.0426,0.118,0.738,0.0588,0.879,102.038,251186,20,afrobeat
0.601,0.247,-17.785,0.045,0.938,0.872,0.363,0.373,148.516,291226,10,afrobeat
0.767,0.837,-4.364,0.0487,0.0981,0.918,0.0555,0.493,135.972,345022,18,afrobeat
0.75,0.382,-8.466,0.0312,0.29,0.298,0.279,0.454,97.226,151926,49,afrobeat
0.404,0.397,-11.112,0.0371,0.848,0.725,0.156,0.69,171.012,287146,9,afrobeat
0.764,0.282,-10.46,0.0652,0.77,0.0833,0.0592,0.504,135.736,463920,9,afrobeat
0.583,0.206,-12.297,0.0416,0.9,0.38,0.123,0.483,123.362,306960,9,afrobeat
0.834,0.56,-10.062,0.0439,0.0145,0.282,0.446,0.78,125.798,436236,44,afrobeat
0.579,0.748,-5.933,0.192,0.273,0.0,0.15,0.722,91.944,241240,21,afrobeat
0.614,0.629,-5.336,0.228,0.307,3.11e-05,0.163,0.755,90.524,150334,18,afrobeat
0.541,0.31,-9.523,0.0479,0.813,3.66e-05,0.308,0.324,137.956,274297,18,afrobeat
0.641,0.837,-5.248,0.0583,0.0497,0.943,0.14,0.813,86.177,182234,20,afrobeat
0.575,0.441,-9.141,0.0552,0.806,0.000432,0.108,0.665,98.868,196363,19,afrobeat
0.668,0.516,-9.196,0.0726,0.645,0.0,0.0987,0.858,89.252,236733,18,afrobeat
0.682,0.569,-6.317,0.286,0.206,0.0,0.0896,0.546,151.09,130750,19,afrobeat
0.699,0.739,-6.256,0.0641,0.00428,3.65e-06,0.076,0.429,175.979,230306,21,afrobeat
0.699,0.503,-11.113,0.0473,0.841,0.000362,0.11,0.664,152.933,176173,20,afrobeat
0.813,0.83,-5.57,0.199,0.0389,0.0,0.0975,0.809,113.985,212000,18,afrobeat
0.631,0.458,-8.889,0.0327,0.384,0.0316,0.186,0.945,141.12,279595,18,afrobeat
0.418,0.657,-5.355,0.217,0.328,0.0,0.139,0.364,87.384,197718,18,afrobeat
0.831,0.758,-4.227,0.0761,0.107,0.92,0.068,0.902,96.293,187570,18,afrobeat
0.86,0.676,-9.245,0.363,0.268,0.134,0.094,0.602,94.025,299124,18,afrobeat
0.785,0.671,-7.913,0.15,0.019,0.748,0.203,0.601,122.966,186666,17,afrobeat
0.536,0.734,-14.068,0.0584,0.0785,0.712,0.181,0.689,133.655,260360,19,afrobeat
0.55,0.871,-4.931,0.0436,0.0483,0.815,0.177,0.888,131.439,308864,18,afrobeat
0.643,0.808,-7.507,0.0474,0.32,0.885,0.111,0.931,116.886,283440,17,afrobeat
0.734,0.411,-8.984,0.0253,0.656,0.000775,0.0924,0.532,90.629,206066,19,afrobeat
0.748,0.816,-9.181,0.0342,0.0265,0.9,0.283,0.715,120.996,271761,18,afrobeat
0.513,0.845,-8.334,0.0565,0.0152,0.848,0.345,0.706,130.117,262773,18,afrobeat
0.83,0.785,-9.46,0.0382,0.00709,0.0301,0.0878,0.833,134.019,423668,18,afrobeat
0.688,0.763,-8.545,0.0294,0.0111,1.3e-05,0.218,0.713,99.022,217733,19,afrobeat
0.611,0.973,-6.378,0.0555,0.0637,0.682,0.0851,0.898,100.403,237026,20,afrobeat
0.688,0.638,-11.181,0.0801,0.0149,0.0,0.102,0.958,97.743,197600,18,afrobeat
0.853,0.576,-9.167,0.157,0.0218,0.00219,0.0906,0.642,104.012,145610,18,afrobeat
0.603,0.921,-3.555,0.0931,0.198,0.00035,0.133,0.816,122.978,145773,18,afrobeat
0.595,0.721,-7.033,0.0537,0.428,0.864,0.156,0.831,166.305,183783,18,afrobeat
0.454,0.743,-6.306,0.0394,0.124,0.00373,0.665,0.471,132.043,343306,18,afrobeat
0.659,0.53,-10.444,0.0347,0.743,2.09e-06,0.189,0.726,126.031,172157,19,afrobeat
0.44,0.739,-4.719,0.0327,0.294,0.0028,0.05,0.927,101.033,350906,18,afrobeat
0.606,0.914,-3.337,0.029,0.00457,5.36e-06,0.203,0.944,96.243,195265,18,afrobeat
0.816,0.88,-4.251,0.0503,0.165,0.0,0.106,0.752,120.079,240000,18,afrobeat
0.534,0.672,-7.066,0.0477,0.00784,0.000598,0.156,0.819,102.071,301059,20,afrobeat
0.618,0.831,-7.018,0.0802,0.429,0.321,0.168,0.92,126.058,225953,18,afrobeat
0.715,0.698,-5.12,0.357,0.377,0.0,0.0803,0.661,84.653,196259,18,afrobeat
0.464,0.683,-12.301,0.0415,0.165,0.591,0.232,0.833,105.437,433426,19,afrobeat
0.677,0.799,-6.388,0.0473,0.0397,0.144,0.0797,0.775,125.041,625066,18,afrobeat
0.501,0.82,-6.617,0.291,0.0868,2.62e-06,0.113,0.427,179.996,207160,21,afrobeat
0.696,0.415,-12.57,0.0379,0.169,0.847,0.0888,0.637,95.801,264133,20,afrobeat
0.758,0.803,-4.762,0.0329,0.0336,4.08e-06,0.203,0.791,108.015,196343,18,afrobeat
0.691,0.624,-8.47,0.0358,0.32,0.67,0.0869,0.734,132.297,181493,21,afrobeat
0.853,0.799,-5.904,0.0344,0.159,0.0204,0.782,0.798,125.015,160200,21,afrobeat
0.582,0.443,-7.816,0.0436,0.664,0.0,0.0703,0.452,78.071,215813,68,afrobeat
0.721,0.833,-7.469,0.0777,0.122,0.000115,0.135,0.549,100.005,239626,71,afrobeat
0.583,0.31,-14.911,0.159,0.688,0.0,0.104,0.563,140.974,217446,42,afrobeat
0.69,0.775,-5.116,0.0306,0.119,0.000533,0.125,0.962,93.241,249200,50,afrobeat
0.581,0.491,-7.539,0.111,0.281,0.0,0.0943,0.877,126.273,204638,18,afrobeat
0.537,0.854,-5.375,0.15,0.295,0.0,0.0684,0.786,84.894,290666,20,afrobeat
0.771,0.735,-7.033,0.0376,0.0142,0.763,0.319,0.95,107.975,266986,18,afrobeat
0.91,0.837,-2.343,0.0856,0.427,0.898,0.0516,0.969,101.494,205457,18,afrobeat
0.718,0.748,-9.315,0.0367,0.0885,5.72e-05,0.0779,0.963,99.014,336053,18,afrobeat
0.712,0.728,-8.818,0.0366,0.0867,0.142,0.107,0.965,115.967,359173,18,afrobeat
0.496,0.594,-7.131,0.294,0.437,0.0,0.244,0.73,172.031,207674,18,afrobeat
0.815,0.618,-8.167,0.0515,0.0231,0.824,0.142,0.964,119.882,240464,18,afrobeat
0.709,0.978,-4.67,0.0441,0.026,0.851,0.266,0.744,94.391,242626,18,afrobeat
0.34,0.729,-5.995,0.0401,0.0134,0.833,0.112,0.415,154.28,388877,19,afrobeat
0.629,0.745,-8.188,0.04,0.229,0.266,0.0624,0.704,175.979,279800,21,afrobeat
0.565,0.906,-7.053,0.0957,0.0553,0.0266,0.0975,0.84,133.283,421645,17,afrobeat
0.695,0.714,-4.386,0.0611,0.00374,0.000302,0.177,0.77,116.035,215205,21,afrobeat
0.86,0.457,-9.046,0.0702,0.0598,0.584,0.102,0.672,114.972,154906,20,afrobeat
0.743,0.631,-7.35,0.026,0.29,0.752,0.7,0.686,110.034,202645,19,afrobeat
0.44,0.682,-6.555,0.0575,0.0422,0.907,0.103,0.397,168.385,188960,18,afrobeat
0.868,0.806,-7.644,0.0568,0.304,0.0201,0.105,0.941,121.918,257706,18,afrobeat
0.745,0.82,-7.176,0.0449,0.0177,0.607,0.104,0.962,93.978,218226,19,afrobeat
0.508,0.882,-4.505,0.121,0.0351,0.00264,0.178,0.842,170.223,302506,19,afrobeat
0.818,0.942,-8.364,0.0589,0.126,0.546,0.0665,0.735,123.015,452666,17,afrobeat
0.577,0.773,-5.597,0.0525,0.0709,0.00663,0.071,0.469,93.111,412300,17,afrobeat
0.77,0.3,-14.659,0.237,0.232,7.92e-05,0.104,0.707,93.169,263400,18,afrobeat
0.781,0.601,-7.788,0.0286,0.322,0.0028,0.0933,0.822,121.001,293626,18,afrobeat
0.661,0.877,-6.969,0.0326,0.0252,0.729,0.161,0.911,110.111,155173,20,afrobeat
0.794,0.4,-9.849,0.034,0.855,0.55,0.141,0.437,108.622,353946,18,afrobeat
0.696,0.686,-8.207,0.0653,0.00899,0.000956,0.116,0.477,128.102,155853,20,afrobeat
0.669,0.754,-4.809,0.0875,0.339,0.0,0.646,0.543,118.091,242428,19,afrobeat
0.807,0.696,-8.106,0.0341,0.714,4.57e-06,0.247,0.931,91.029,284826,18,afrobeat
0.716,0.947,-6.244,0.0761,0.0548,0.000769,0.345,0.805,101.628,223280,19,afrobeat
0.651,0.949,-5.316,0.0497,0.019,0.85,0.11,0.963,98.336,228173,19,afrobeat
0.763,0.871,-8.779,0.055,0.0238,0.14,0.438,0.618,101.199,444159,18,afrobeat
0.427,0.59,-12.379,0.0645,0.82,0.834,0.241,0.722,121.578,82760,19,afrobeat
0.605,0.74,-7.875,0.0385,0.0772,0.911,0.194,0.745,102.605,254106,18,afrobeat
0.68,0.777,-5.853,0.0317,0.0808,0.522,0.161,0.425,105.052,402386,18,afrobeat
0.747,0.858,-8.081,0.0544,0.302,8.49e-05,0.115,0.536,106.693,828586,18,afrobeat
0.721,0.777,-5.589,0.0362,0.504,0.85,0.128,0.782,114.014,184832,18,afrobeat
0.628,0.93,-6.005,0.088,0.00866,0.804,0.103,0.699,108.168,258333,19,afrobeat
0.692,0.854,-8.608,0.0804,0.333,0.774,0.265,0.782,95.026,281986,20,afrobeat
0.782,0.935,-5.135,0.0632,0.127,0.0184,0.17,0.853,123.248,186226,18,afrobeat
0.705,0.859,-9.539,0.0501,0.373,0.78,0.158,0.754,91.263,244594,20,afrobeat
0.359,0.953,-5.549,0.0773,0.299,5.97e-05,0.112,0.658,98.935,230739,19,afrobeat
0.696,0.388,-9.831,0.0352,0.902,0.000169,0.154,0.539,155.018,170693,19,afrobeat
0.751,0.868,-4.753,0.032,0.708,0.587,0.116,0.985,150.052,146906,19,afrobeat
0.713,0.958,-4.755,0.0605,0.461,0.952,0.109,0.961,131.462,439280,18,afrobeat
0.635,0.822,-7.123,0.0378,0.000989,0.114,0.247,0.601,103.05,211160,21,afrobeat
0.679,0.648,-9.967,0.0424,0.000521,0.0273,0.0871,0.952,102.627,185506,19,afrobeat
0.594,0.552,-5.97,0.0254,0.105,0.000816,0.1,0.52,110.038,238577,41,afrobeat
0.564,0.483,-7.82,0.167,0.53,3.09e-06,0.0679,0.569,101.095,156831,38,afrobeat
0.652,0.84,-7.198,0.0305,0.145,0.136,0.0468,0.955,113.623,131045,44,afrobeat
0.79,0.647,-9.688,0.0475,0.602,0.862,0.0605,0.967,93.99,204360,17,afrobeat
0.285,0.513,-7.324,0.0545,0.656,0.0,0.127,0.221,82.303,215733,37,afrobeat
0.522,0.727,-5.118,0.0965,0.633,0.0,0.366,0.714,93.37,188683,17,afrobeat
0.672,0.437,-8.284,0.336,0.486,0.0,0.149,0.411,126.599,216868,18,afrobeat
0.766,0.696,-7.859,0.128,0.0988,4.73e-05,0.557,0.521,107.977,200124,17,afrobeat
0.562,0.722,-5.625,0.028,0.0132,0.897,0.114,0.887,100.747,213186,17,afrobeat
0.77,0.584,-5.837,0.102,0.288,0.0,0.0926,0.669,114.96,237918,17,afrobeat
0.641,0.77,-8.25,0.0394,0.0631,0.549,0.108,0.643,121.956,295219,17,afrobeat
0.809,0.946,-4.464,0.0617,0.192,0.798,0.0577,0.911,90.73,194813,18,afrobeat
0.664,0.875,-4.688,0.139,0.0917,0.449,0.132,0.626,104.925,197746,18,afrobeat
0.615,0.76,-8.393,0.0317,0.0186,0.053,0.0825,0.902,90.847,183213,51,afrobeat
0.709,0.854,-5.016,0.247,0.492,0.0,0.11,0.816,103.018,200412,17,afrobeat
0.594,0.716,-6.656,0.0472,0.217,0.0533,0.0539,0.931,133.407,494532,17,afrobeat
0.586,0.702,-6.324,0.0482,0.553,0.00312,0.0943,0.69,143.434,241200,18,afrobeat
0.745,0.587,-8.101,0.163,0.0329,0.273,0.0922,0.86,131.977,342013,17,afrobeat
0.544,0.697,-7.36,0.0323,0.205,0.000121,0.193,0.654,87.557,247760,18,afrobeat
0.615,0.874,-6.186,0.0531,0.176,1.66e-05,0.0536,0.389,189.944,193887,18,afrobeat
0.58,0.8,-7.528,0.345,0.281,0.0,0.0708,0.483,81.303,318360,18,afrobeat
0.644,0.823,-6.564,0.0518,0.145,0.194,0.12,0.508,104.967,357074,17,afrobeat
0.534,0.631,-8.067,0.119,0.272,0.0,0.0961,0.506,126.018,192277,18,afrobeat
0.66,0.57,-8.677,0.0612,0.473,0.0,0.0687,0.808,120.104,255735,17,afrobeat
0.776,0.961,-5.986,0.0406,0.53,0.905,0.0897,0.942,136.005,236053,17,afrobeat
0.774,0.719,-8.976,0.0486,0.0181,0.128,0.0781,0.89,132.025,347772,17,afrobeat
0.705,0.547,-9.558,0.0391,0.025,0.807,0.0814,0.655,120.336,246106,17,afrobeat
0.511,0.678,-9.048,0.0775,0.0387,0.926,0.0543,0.83,82.041,203760,17,afrobeat
0.72,0.441,-9.626,0.172,0.668,3.96e-05,0.116,0.309,96.01,199876,19,afrobeat
0.817,0.211,-16.785,0.136,0.948,2.62e-06,0.11,0.71,112.21,137400,18,afrobeat
0.802,0.644,-6.115,0.0511,0.0866,2.38e-06,0.529,0.813,124.029,268181,17,afrobeat
0.619,0.585,-11.715,0.106,0.00463,0.882,0.35,0.642,167.942,184560,18,afrobeat
0.713,0.825,-5.44,0.0335,0.147,0.00095,0.212,0.68,100.04,246280,19,afrobeat
0.716,0.511,-12.005,0.0792,0.00678,0.906,0.0633,0.929,133.028,209805,18,afrobeat
0.793,0.436,-7.624,0.0666,0.132,0.0143,0.0651,0.821,142.011,225133,19,afrobeat
0.343,0.472,-17.477,0.401,0.314,2.26e-06,0.866,0.764,93.945,31824,18,afrobeat
0.649,0.618,-11.815,0.0418,0.737,0.163,0.098,0.752,139.307,355933,18,afrobeat
0.569,0.949,-4.694,0.0502,0.0224,0.862,0.0701,0.968,131.921,230960,18,afrobeat
0.737,0.934,-4.171,0.147,0.162,6.58e-05,0.233,0.614,104.965,174680,20,afrobeat
0.679,0.774,-8.074,0.0467,0.218,0.183,0.087,0.932,145.009,327493,18,afrobeat
0.748,0.626,-6.909,0.212,0.0135,4.66e-05,0.0385,0.44,149.933,182773,19,afrobeat
0.763,0.925,-3.819,0.0406,0.0533,0.893,0.102,0.761,98.51,171704,18,afrobeat
0.746,0.829,-6.49,0.0603,0.153,4.9e-05,0.144,0.834,117.714,258662,18,afrobeat
0.514,0.85,-6.281,0.0371,0.00179,0.804,0.358,0.684,110.897,209213,19,afrobeat
0.761,0.382,-8.703,0.035,0.0279,0.00676,0.0562,0.966,116.887,480146,17,afrobeat
0.589,0.789,-7.194,0.0697,0.496,0.00134,0.771,0.312,104.178,445727,20,afrobeat
0.677,0.925,-5.607,0.343,0.178,6.78e-06,0.186,0.396,102.52,244786,21,afrobeat
0.643,0.311,-12.188,0.0671,0.921,0.0477,0.111,0.773,137.278,177946,18,afrobeat
0.785,0.393,-9.533,0.0429,0.928,0.218,0.0978,0.333,126.776,239360,18,afrobeat
0.673,0.697,-6.953,0.0271,0.518,0.831,0.256,0.911,107.46,156946,19,afrobeat
0.652,0.529,-5.761,0.0464,0.357,2.05e-05,0.235,0.488,129.861,317675,40,afrobeat
0.672,0.858,-5.233,0.145,0.456,0.811,0.104,0.963,166.689,194972,49,afrobeat
0.378,0.596,-6.61,0.0316,0.0788,0.000628,0.488,0.501,81.873,221097,31,afrobeat
0.723,0.722,-7.085,0.0708,0.0218,0.686,0.219,0.604,95.558,306160,17,afrobeat
0.467,0.615,-6.037,0.0686,0.0881,0.0,0.194,0.45,142.076,277600,18,afrobeat
0.496,0.753,-6.673,0.139,0.0204,0.0547,0.363,0.456,99.876,197500,18,afrobeat
0.558,0.819,-4.246,0.0401,0.000621,0.921,0.0898,0.276,132.005,354253,17,afrobeat
0.86,0.548,-7.875,0.107,0.573,0.859,0.162,0.905,138.786,223619,17,afrobeat
0.825,0.68,-6.816,0.156,0.135,0.0,0.109,0.722,96.029,223529,18,afrobeat
0.678,0.845,-9.412,0.0392,0.791,0.782,0.0637,0.965,104.653,153097,47,afrobeat
0.508,0.483,-6.883,0.0418,0.639,0.0,0.0902,0.523,133.207,183946,17,afrobeat
0.603,0.67,-8.638,0.0446,0.504,0.824,0.081,0.314,94.01,358947,17,afrobeat
0.796,0.904,-10.571,0.106,0.503,0.531,0.675,0.762,88.001,195952,16,afrobeat
0.666,0.565,-9.782,0.389,0.0722,0.0,0.104,0.263,180.071,249102,17,afrobeat
0.629,0.577,-6.696,0.0412,0.0259,0.784,0.078,0.193,120.042,74520,17,afrobeat
0.871,0.889,-7.84,0.394,0.0218,4.07e-05,0.336,0.557,99.926,123901,18,afrobeat
0.618,0.825,-6.014,0.29,0.484,0.0,0.139,0.896,79.439,253426,20,afrobeat
0.739,0.58,-6.879,0.0669,0.173,0.811,0.0761,0.626,108.304,190680,18,afrobeat
0.81,0.621,-6.077,0.0472,0.0264,0.816,0.201,0.837,95.911,154624,18,afrobeat
0.454,0.636,-7.768,0.0314,0.271,0.824,0.108,0.455,138.448,283308,18,afrobeat
0.7,0.933,-4.084,0.0605,0.166,0.195,0.0501,0.863,115.711,211226,18,afrobeat
0.787,0.726,-5.637,0.164,0.0719,0.00313,0.087,0.407,107.024,175856,18,afrobeat
0.718,0.872,-5.572,0.0486,0.397,0.531,0.111,0.949,164.013,247320,16,afrobeat
0.851,0.776,-6.162,0.0737,0.29,0.027,0.0371,0.907,118.019,270193,17,afrobeat
0.62,0.559,-7.15,0.0311,0.661,0.577,0.0661,0.625,127.721,187933,18,afrobeat
0.639,0.638,-8.087,0.0434,0.228,0.807,0.0931,0.936,101.687,214706,17,afrobeat
0.81,0.612,-11.387,0.0571,0.156,0.925,0.22,0.598,116.803,378020,17,afrobeat
0.601,0.968,-8.814,0.0426,0.0643,0.597,0.285,0.88,105.657,219760,17,afrobeat
0.434,0.87,-7.957,0.0354,0.0146,0.78,0.225,0.898,124.228,260580,17,afrobeat
0.775,0.688,-7.105,0.0471,0.0791,0.847,0.129,0.529,94.62,155306,18,afrobeat
0.724,0.585,-6.768,0.0919,0.00692,0.8,0.1,0.516,89.933,218600,16,afrobeat
0.735,0.637,-9.044,0.15,0.715,0.915,0.179,0.964,83.352,259917,19,afrobeat
0.742,0.668,-3.871,0.0313,0.0152,0.0,0.156,0.806,97.009,202277,18,afrobeat
0.576,0.887,-2.424,0.0325,0.00013,0.0642,0.165,0.592,109.957,209711,17,afrobeat
0.633,0.681,-10.054,0.0343,0.38,0.016,0.665,0.622,110.004,242940,19,afrobeat
0.631,0.609,-8.221,0.0656,0.000932,0.61,0.157,0.702,174.968,133920,20,afrobeat
0.457,0.332,-10.365,0.0356,0.791,8.22e-06,0.102,0.305,164.096,265086,18,afrobeat
0.843,0.822,-6.455,0.0865,0.0221,0.0158,0.182,0.86,117.971,293386,20,afrobeat
0.537,0.903,-6.951,0.0503,0.452,0.852,0.126,0.843,111.801,224095,19,afrobeat
0.482,0.714,-8.796,0.0532,0.0127,0.903,0.107,0.656,155.103,206066,18,afrobeat
0.875,0.761,-5.556,0.0576,0.162,0.0,0.256,0.912,129.911,118388,17,afrobeat
0.451,0.983,-7.436,0.347,0.0909,0.982,0.107,0.378,161.108,96766,18,afrobeat
0.56,0.822,-9.234,0.032,0.256,0.712,0.561,0.962,131.774,132284,20,afrobeat
0.803,0.86,-6.522,0.135,0.0782,4.45e-05,0.128,0.534,109.966,196986,19,afrobeat
0.795,0.857,-7.772,0.0492,0.526,0.457,0.0968,0.845,97.01,540346,17,afrobeat
0.804,0.92,-7.478,0.0563,0.158,0.0797,0.0743,0.811,108.979,499733,18,afrobeat
0.768,0.688,-9.079,0.0431,0.103,0.73,0.113,0.4,125.112,187173,19,afrobeat
0.475,0.76,-6.128,0.0405,0.276,0.000137,0.367,0.359,109.977,460120,18,afrobeat
0.517,0.966,-5.724,0.0568,0.000439,0.0864,0.123,0.711,98.14,181026,19,afrobeat
0.527,0.883,-6.799,0.0316,0.0204,0.755,0.0913,0.828,155.135,174293,19,afrobeat
0.751,0.688,-8.023,0.0436,0.102,0.84,0.0799,0.403,120.96,277438,36,afrobeat
0.569,0.496,-11.423,0.0674,0.393,0.924,0.11,0.808,82.822,230853,44,afrobeat
0.775,0.808,-2.038,0.0465,0.113,0.0,0.0628,0.912,115.011,235826,39,afrobeat
0.59,0.491,-9.304,0.233,0.0128,4.71e-05,0.143,0.253,193.616,205973,34,afrobeat
0.666,0.903,-6.462,0.0456,0.23,0.616,0.151,0.913,111.84,152600,44,afrobeat
0.616,0.476,-11.388,0.0536,0.687,0.599,0.0991,0.862,80.318,329333,17,afrobeat
0.663,0.872,-5.162,0.0692,0.0221,8.37e-05,0.0806,0.585,97.0,243408,17,afrobeat
0.755,0.876,-8.079,0.0729,0.014,0.826,0.0641,0.894,108.383,64693,19,afrobeat
0.445,0.605,-7.509,0.0304,0.25,0.76,0.321,0.692,162.588,230986,46,afrobeat
0.526,0.762,-12.783,0.0401,0.0183,0.511,0.0664,0.867,110.086,292228,41,afrobeat
0.865,0.443,-11.879,0.414,0.148,0.0,0.0609,0.738,160.001,189048,17,afrobeat
0.908,0.631,-9.078,0.0543,0.128,0.000897,0.165,0.819,110.048,144065,17,afrobeat
0.668,0.873,-3.887,0.0558,0.422,0.0,0.355,0.771,116.968,195386,17,afrobeat
0.678,0.785,-8.721,0.044,0.00941,0.811,0.17,0.995,141.557,138817,18,afrobeat
0.855,0.662,-7.488,0.0618,0.33,0.00172,0.573,0.487,113.003,204661,17,afrobeat
0.552,0.424,-6.649,0.0722,0.604,0.0,0.0849,0.596,204.128,190714,16,afrobeat
0.862,0.673,-9.92,0.0492,0.0568,0.796,0.0737,0.823,113.427,203414,17,afrobeat
0.581,0.871,-7.66,0.042,0.00707,0.713,0.0724,0.91,118.497,234333,16,afrobeat
0.548,0.721,-8.986,0.0386,0.503,0.00013,0.468,0.947,163.452,357266,16,afrobeat
0.718,0.73,-11.053,0.512,0.447,0.0,0.0711,0.932,120.145,216893,17,afrobeat
0.866,0.636,-12.801,0.134,0.222,0.558,0.131,0.859,99.615,683893,17,afrobeat
0.538,0.663,-9.609,0.0364,0.236,0.00175,0.084,0.699,106.814,239426,18,afrobeat
0.76,0.626,-12.927,0.0789,0.562,0.221,0.0804,0.857,99.991,568506,18,afrobeat
0.603,0.984,-6.256,0.0377,0.174,0.851,0.131,0.922,131.249,152040,16,afrobeat
0.785,0.874,-8.122,0.0485,0.0782,0.816,0.0728,0.962,120.102,240400,16,afrobeat
0.891,0.855,-3.991,0.0922,0.0234,0.0215,0.0799,0.527,115.0,184991,19,afrobeat
0.732,0.967,-6.559,0.0514,0.332,0.882,0.0555,0.755,110.103,273280,16,afrobeat
0.692,0.884,-8.655,0.0632,0.0317,0.885,0.087,0.19,112.976,251146,17,afrobeat
0.719,0.736,-12.658,0.0506,0.447,0.933,0.121,0.372,123.326,170493,17,afrobeat
0.535,0.636,-6.285,0.044,0.877,0.000381,0.227,0.526,111.069,66866,18,afrobeat
0.898,0.801,-7.586,0.0845,0.0105,0.000312,0.125,0.724,115.028,287560,17,afrobeat
0.677,0.684,-12.91,0.0504,0.953,0.884,0.0885,0.948,92.185,368546,17,afrobeat
0.774,0.907,-9.914,0.04,0.304,0.064,0.136,0.962,110.0,319533,18,afrobeat
0.753,0.877,-7.837,0.0434,0.00721,0.247,0.0695,0.866,97.985,235102,17,afrobeat
0.727,0.481,-10.002,0.0554,0.0266,0.821,0.094,0.451,147.327,231640,17,afrobeat
0.486,0.586,-8.539,0.032,0.638,0.59,0.966,0.393,96.954,206848,18,afrobeat
0.826,0.629,-6.158,0.0486,0.357,0.38,0.0967,0.54,128.164,773800,17,afrobeat
0.513,0.347,-13.798,0.0293,0.000155,0.894,0.0895,0.279,107.468,222906,18,afrobeat
0.545,0.664,-8.202,0.0508,0.0655,0.0642,0.113,0.333,96.602,300413,18,afrobeat
0.556,0.75,-8.921,0.043,0.276,0.0793,0.455,0.715,130.915,146076,20,afrobeat
0.644,0.831,-8.835,0.0343,0.221,0.895,0.127,0.759,126.061,264973,17,afrobeat
0.753,0.728,-6.071,0.0563,0.0159,0.0652,0.107,0.59,144.003,242000,16,afrobeat
0.5,0.926,-5.52,0.0398,0.000692,0.722,0.157,0.732,74.973,219226,19,afrobeat
0.532,0.571,-7.792,0.0282,0.6,0.0955,0.341,0.215,79.529,301413,18,afrobeat
0.57,0.386,-13.635,0.121,0.646,8.95e-05,0.18,0.316,150.141,275149,17,afrobeat
0.696,0.249,-17.176,0.0559,0.678,1.56e-05,0.472,0.558,92.286,331040,18,afrobeat
0.656,0.85,-3.685,0.0317,0.415,0.000192,0.207,0.443,88.955,378893,17,afrobeat
0.57,0.698,-10.008,0.0348,0.224,0.857,0.153,0.715,116.416,226400,17,afrobeat
0.695,0.942,-6.379,0.0774,0.206,0.301,0.298,0.851,136.029,576133,16,afrobeat
0.324,0.826,-8.127,0.144,0.00703,7.85e-06,0.682,0.588,128.375,212893,19,afrobeat
0.701,0.94,-2.963,0.0497,0.0619,0.0288,0.0962,0.945,139.497,324572,39,afrobeat
0.845,0.769,-7.838,0.036,0.146,0.355,0.0917,0.969,145.985,292571,48,afrobeat
0.647,0.386,-10.388,0.0571,0.67,0.906,0.146,0.491,80.833,232357,42,afrobeat
0.668,0.261,-13.003,0.0405,0.588,0.000391,0.116,0.282,147.446,219493,56,afrobeat
0.394,0.73,-8.74,0.0679,0.0437,0.854,0.179,0.795,85.866,482786,16,afrobeat
0.674,0.607,-7.76,0.057,0.0124,0.87,0.147,0.712,77.845,160600,52,afrobeat
0.701,0.739,-5.209,0.0585,0.0855,0.00369,0.0887,0.247,100.981,171702,16,afrobeat
0.74,0.492,-8.72,0.0366,0.589,0.000796,0.119,0.893,128.648,238440,45,afrobeat
0.571,0.783,-7.893,0.0561,0.317,0.579,0.131,0.866,121.39,324986,17,afrobeat
0.808,0.778,-4.791,0.0807,0.198,0.0,0.101,0.613,100.009,184800,17,afrobeat
0.759,0.78,-8.007,0.0385,0.0024,0.0506,0.321,0.51,125.05,257693,19,afrobeat
0.604,0.52,-12.658,0.08,0.0758,7.95e-05,0.089,0.966,102.502,214533,17,afrobeat
0.717,0.513,-7.916,0.0337,0.00956,0.813,0.112,0.79,92.968,199398,17,afrobeat
0.472,0.821,-6.471,0.0415,0.000143,0.792,0.121,0.519,95.93,251453,17,afrobeat
0.85,0.902,-5.441,0.257,0.13,1.73e-05,0.0867,0.836,127.968,216442,17,afrobeat
0.69,0.707,-3.826,0.0986,0.16,0.773,0.0373,0.746,94.275,213631,17,afrobeat
0.681,0.838,-6.538,0.0797,0.0874,0.49,0.348,0.456,112.608,227346,49,afrobeat
0.817,0.601,-11.881,0.0424,0.0685,0.00666,0.0719,0.847,129.971,247255,17,afrobeat
0.766,0.722,-7.949,0.0549,0.0335,1.01e-05,0.0791,0.842,122.369,229633,18,afrobeat
0.811,0.598,-11.6,0.0634,0.0561,0.268,0.0476,0.86,119.998,398280,16,afrobeat
0.701,0.702,-10.323,0.122,0.525,0.0486,0.235,0.885,110.721,448914,39,afrobeat
0.573,0.856,-7.321,0.0392,0.0736,0.79,0.0889,0.929,103.748,270090,16,afrobeat
0.761,0.626,-12.634,0.0421,0.0172,0.634,0.0879,0.715,124.024,563866,49,afrobeat
0.738,0.717,-13.001,0.391,0.473,1.39e-05,0.21,0.936,134.668,275162,16,afrobeat
0.841,0.577,-7.544,0.0438,0.238,0.86,0.0571,0.843,90.522,219346,16,afrobeat
0.564,0.62,-7.976,0.0399,0.0443,0.0133,0.0798,0.487,180.008,271457,16,afrobeat
0.66,0.807,-8.557,0.0531,0.103,0.662,0.0688,0.754,113.893,254920,16,afrobeat
0.379,0.543,-8.478,0.0445,0.0418,0.000456,0.109,0.377,146.446,463991,17,afrobeat
0.743,0.643,-6.578,0.0434,0.0462,0.0775,0.0694,0.591,128.029,307493,16,afrobeat
0.75,0.705,-9.782,0.101,0.198,1.13e-06,0.0862,0.815,119.898,256391,17,afrobeat
0.76,0.667,-6.134,0.0536,0.306,0.000189,0.089,0.946,109.774,223350,17,afrobeat
0.646,0.486,-6.628,0.0539,0.00135,0.000892,0.68,0.931,160.104,219466,16,afrobeat
0.833,0.675,-9.076,0.0413,0.0493,0.822,0.1,0.442,110.865,232546,17,afrobeat
0.364,0.977,-4.196,0.0649,0.000498,0.896,0.12,0.293,147.087,141333,17,afrobeat
0.701,0.704,-5.541,0.0335,0.115,8.85e-06,0.0402,0.71,96.067,159975,18,afrobeat
0.733,0.732,-5.761,0.277,0.447,0.0,0.122,0.777,91.928,213253,19,afrobeat
0.636,0.826,-7.486,0.0585,0.461,0.271,0.141,0.731,102.809,178428,17,afrobeat
0.481,0.596,-8.075,0.0431,0.0864,0.0,0.377,0.348,99.96,314315,18,afrobeat
0.622,0.907,-9.021,0.047,0.0381,0.0902,0.0819,0.825,125.77,313866,18,afrobeat
0.512,0.851,-6.583,0.0301,0.000473,0.922,0.056,0.73,132.212,430986,17,afrobeat
0.438,0.393,-8.877,0.0276,0.41,5.59e-05,0.312,0.533,60.587,208933,17,afrobeat
0.575,0.771,-5.977,0.0395,0.199,0.00019,0.0882,0.696,77.394,247586,18,afrobeat
0.704,0.486,-7.189,0.193,0.36,0.0,0.0915,0.415,139.957,306372,17,afrobeat
0.538,0.593,-7.798,0.0388,0.871,0.878,0.0596,0.741,86.564,333400,17,afrobeat
0.746,0.811,-9.713,0.035,0.157,0.814,0.0703,0.914,109.133,374853,17,afrobeat
0.791,0.546,-8.81,0.0436,0.034,0.0211,0.0464,0.843,100.064,212683,16,afrobeat
0.656,0.809,-8.175,0.073,0.000881,0.886,0.105,0.872,132.404,174053,17,afrobeat
0.789,0.532,-8.555,0.0459,0.54,0.159,0.107,0.904,112.732,297973,18,afrobeat
0.623,0.803,-5.523,0.0327,0.438,4.58e-05,0.165,0.645,126.61,231893,17,afrobeat
0.778,0.739,-5.56,0.0628,0.294,0.000187,0.218,0.923,107.967,206400,19,afrobeat
0.583,0.44,-8.75,0.0313,0.803,0.813,0.105,0.594,101.799,250013,8,afrobeat
0.718,0.626,-9.049,0.0604,0.147,0.00207,0.0994,0.662,107.288,203040,44,afrobeat
0.612,0.876,-7.668,0.11,0.22,0.399,0.0863,0.677,123.866,793200,36,afrobeat
0.733,0.342,-15.834,0.284,0.102,0.00699,0.146,0.484,184.058,182608,16,afrobeat
0.565,0.621,-5.62,0.0264,0.00773,0.0324,0.257,0.403,150.036,268040,47,afrobeat
0.696,0.769,-4.457,0.0433,0.553,0.16,0.325,0.896,98.031,194403,16,afrobeat
0.66,0.717,-10.441,0.0559,0.407,4.44e-05,0.0536,0.964,165.259,238201,16,afrobeat
0.587,0.732,-8.097,0.0317,0.055,0.924,0.247,0.747,96.848,202240,52,afrobeat
0.72,0.837,-5.98,0.0504,0.168,0.0629,0.124,0.922,81.997,249451,16,afrobeat
0.631,0.602,-10.398,0.0451,0.486,0.177,0.601,0.25,102.08,151354,16,afrobeat
0.751,0.735,-6.358,0.0775,0.0626,3.05e-05,0.052,0.721,163.852,247306,46,afrobeat
0.803,0.41,-7.662,0.0886,0.252,9.94e-05,0.122,0.678,90.006,181900,15,afrobeat
0.574,0.893,-6.784,0.0668,0.077,0.895,0.192,0.504,95.437,220986,16,afrobeat
0.74,0.835,-5.857,0.0518,0.00098,0.0789,0.0616,0.862,119.975,252029,16,afrobeat
0.522,0.62,-8.016,0.0649,0.0564,2.47e-05,0.217,0.19,139.837,259353,17,afrobeat
0.78,0.818,-8.631,0.0511,0.19,0.00634,0.174,0.934,114.989,355946,16,afrobeat
0.56,0.644,-5.826,0.131,0.515,0.0,0.116,0.875,82.505,225071,16,afrobeat
0.743,0.872,-9.258,0.0438,0.195,0.834,0.112,0.89,118.904,223480,16,afrobeat
0.736,0.976,-6.19,0.0487,0.261,0.531,0.596,0.95,128.019,297346,16,afrobeat
0.851,0.865,-5.779,0.138,0.232,0.0,0.182,0.957,99.972,213804,18,afrobeat
0.767,0.823,-7.006,0.0764,0.138,0.000522,0.123,0.812,107.857,318160,17,afrobeat
0.675,0.731,-6.186,0.0368,0.247,6.17e-06,0.571,0.897,95.1,235760,16,afrobeat
0.692,0.917,-5.15,0.124,0.0379,0.82,0.134,0.394,101.821,201560,17,afrobeat
0.711,0.776,-5.148,0.184,0.477,0.501,0.0593,0.842,116.388,180320,16,afrobeat
0.438,0.737,-6.648,0.0335,0.00038,0.00358,0.339,0.402,113.957,375112,17,afrobeat
0.813,0.693,-7.32,0.281,0.162,2.61e-05,0.168,0.854,114.206,217652,16,afrobeat
0.605,0.749,-9.748,0.0432,0.419,0.0712,0.2,0.964,143.065,193900,17,afrobeat
0.746,0.881,-6.687,0.135,0.0335,0.694,0.329,0.586,130.988,344410,15,afrobeat
0.729,0.752,-12.385,0.0409,0.00632,0.884,0.0594,0.939,105.512,82400,16,afrobeat
0.698,0.707,-10.331,0.0551,0.516,0.733,0.316,0.636,99.009,348066,16,afrobeat
0.833,0.727,-7.346,0.0806,0.324,0.667,0.0575,0.657,123.028,327066,17,afrobeat
0.692,0.98,-4.335,0.0776,0.106,0.795,0.285,0.686,114.956,303133,17,afrobeat
0.506,0.621,-9.928,0.0623,0.326,0.000928,0.0977,0.761,97.109,201069,17,afrobeat
0.538,0.379,-10.031,0.035,0.222,0.774,0.111,0.533,175.949,251346,15,afrobeat
0.725,0.875,-7.267,0.276,0.0513,0.227,0.0923,0.725,155.057,203120,17,afrobeat
0.586,0.754,-8.357,0.108,0.284,0.0,0.951,0.814,156.831,220781,17,afrobeat
0.747,0.77,-5.169,0.0525,0.029,5.96e-05,0.149,0.86,97.99,247693,17,afrobeat
0.627,0.856,-8.674,0.0326,0.0203,0.911,0.872,0.777,96.963,217333,18,afrobeat
0.657,0.419,-5.986,0.0595,0.139,0.139,0.0767,0.602,166.588,507053,17,afrobeat
0.535,0.344,-10.61,0.0337,0.816,0.000192,0.34,0.275,152.381,203733,17,afrobeat
0.815,0.757,-7.126,0.122,0.0776,0.251,0.0626,0.891,93.571,210746,19,afrobeat
0.797,0.69,-7.565,0.0511,0.0805,0.00972,0.0613,0.705,114.097,224426,17,afrobeat
0.694,0.412,-12.59,0.0371,0.166,0.818,0.0835,0.623,95.805,264133,18,afrobeat
0.685,0.811,-5.319,0.0422,0.674,0.919,0.122,0.953,122.915,261950,17,afrobeat
0.684,0.399,-8.089,0.117,0.233,0.52,0.047,0.754,92.906,143773,18,afrobeat
0.832,0.724,-5.64,0.05,0.704,0.384,0.146,0.954,131.949,246893,17,afrobeat
0.698,0.765,-8.764,0.0303,0.0888,0.825,0.0906,0.332,100.012,268600,18,afrobeat
0.735,0.681,-7.757,0.316,0.673,0.0,0.0584,0.968,90.003,416133,18,afrobeat
0.55,0.921,-6.961,0.0496,0.377,2.37e-05,0.312,0.76,117.833,254720,17,afrobeat
0.477,0.615,-6.504,0.026,0.482,0.0308,0.644,0.472,86.472,298973,48,afrobeat
0.677,0.862,-5.016,0.0536,0.416,0.859,0.0967,0.902,109.965,199572,46,afrobeat
0.546,0.54,-5.879,0.0288,0.0292,0.0,0.11,0.453,87.967,200600,47,afrobeat
0.771,0.809,-5.36,0.048,0.214,0.0,0.0631,0.873,101.066,173531,17,afrobeat
0.598,0.576,-9.442,0.0551,0.767,0.00182,0.128,0.494,107.997,286480,16,afrobeat
0.755,0.612,-9.645,0.0405,0.0203,0.258,0.118,0.645,110.019,230998,16,afrobeat
0.808,0.364,-10.472,0.103,0.0363,0.000203,0.0656,0.692,87.07,190786,18,afrobeat
0.382,0.507,-8.179,0.0323,0.787,0.0124,0.235,0.494,135.787,143120,17,afrobeat
0.584,0.629,-12.071,0.0429,0.0148,0.109,0.241,0.519,150.745,177173,16,afrobeat
0.664,0.622,-5.619,0.0475,0.249,0.0,0.115,0.282,79.972,168209,17,afrobeat
0.83,0.842,-4.391,0.139,0.136,0.00397,0.0614,0.768,118.023,225388,16,afrobeat
0.631,0.764,-4.298,0.0364,0.818,0.0,0.203,0.764,100.056,184800,16,afrobeat
0.532,0.56,-8.493,0.177,0.0098,0.02,0.101,0.827,142.651,155786,15,afrobeat
0.64,0.984,-7.348,0.0556,0.123,0.705,0.107,0.775,113.508,142353,16,afrobeat
0.822,0.68,-6.997,0.211,0.441,0.0513,0.0645,0.965,100.244,267360,16,afrobeat
0.641,0.57,-8.242,0.0285,0.0997,0.911,0.0721,0.81,107.927,189240,16,afrobeat
0.683,0.923,-6.454,0.0491,0.204,0.834,0.334,0.892,120.004,301986,16,afrobeat
0.436,0.915,-5.147,0.151,0.405,0.88,0.0748,0.776,88.39,329365,16,afrobeat
0.63,0.198,-8.782,0.0338,0.397,0.852,0.0894,0.342,60.402,244440,16,afrobeat
0.712,0.604,-7.726,0.0854,0.375,0.0,0.0534,0.874,97.938,189296,18,afrobeat
0.677,0.746,-10.734,0.127,0.171,9.93e-06,0.101,0.71,97.075,235974,17,afrobeat
0.622,0.551,-8.458,0.0388,0.135,0.814,0.0804,0.661,95.124,177952,16,afrobeat
0.791,0.575,-5.222,0.0877,0.171,0.0,0.101,0.661,135.958,241966,19,afrobeat
0.77,0.799,-5.728,0.168,0.0628,0.0,0.0733,0.689,86.964,206040,16,afrobeat
0.615,0.397,-17.526,0.0859,0.301,0.886,0.0277,0.916,169.0,502693,16,afrobeat
0.748,0.808,-6.1,0.0311,0.501,0.364,0.0848,0.974,142.363,270173,16,afrobeat
0.535,0.658,-8.559,0.0316,0.235,0.806,0.248,0.911,107.382,233002,16,afrobeat
0.605,0.732,-6.681,0.0737,0.0186,1.65e-06,0.051,0.793,178.022,246226,16,afrobeat
0.772,0.857,-6.858,0.0389,0.462,0.0102,0.076,0.977,111.367,222493,16,afrobeat
0.678,0.71,-6.068,0.039,0.0262,2.53e-06,0.119,0.897,99.136,236013,17,afrobeat
0.825,0.837,-6.752,0.0989,0.315,0.00014,0.0604,0.495,123.02,745386,16,afrobeat
0.803,0.67,-9.929,0.0738,0.123,0.00629,0.331,0.87,117.457,153306,16,afrobeat
0.719,0.828,-7.509,0.0364,0.0935,0.152,0.149,0.96,104.036,238805,16,afrobeat
0.715,0.925,-3.932,0.0316,0.0155,0.0779,0.158,0.898,103.006,202346,19,afrobeat
0.787,0.834,-6.16,0.0311,0.145,0.802,0.0929,0.961,113.337,223600,50,afrobeat
0.67,0.632,-7.291,0.0282,0.0559,0.881,0.28,0.589,94.031,130602,17,afrobeat
0.645,0.551,-10.301,0.103,0.594,0.00532,0.0746,0.774,96.225,319213,16,afrobeat
0.583,0.954,-4.263,0.0426,0.0007,0.839,0.349,0.689,133.959,57786,18,afrobeat
0.663,0.895,-7.837,0.0498,0.000249,0.121,0.181,0.9,133.704,175560,19,afrobeat
0.58,0.984,-5.592,0.0384,0.367,0.751,0.115,0.5,136.671,128985,16,afrobeat
0.757,0.673,-6.553,0.0372,0.0213,0.0,0.284,0.639,100.024,232610,17,afrobeat
0.697,0.723,-6.606,0.0303,0.198,0.00058,0.0807,0.895,124.604,298293,16,afrobeat
0.615,0.838,-6.449,0.0546,0.275,0.00465,0.115,0.85,145.961,560280,16,afrobeat
0.566,0.778,-7.04,0.058,0.362,0.101,0.985,0.362,125.423,321541,19,afrobeat
0.601,0.616,-10.865,0.0322,0.677,0.831,0.117,0.798,112.775,413480,18,afrobeat
0.74,0.866,-5.414,0.0622,0.00709,0.0512,0.0831,0.797,119.98,268580,19,afrobeat
0.7,0.94,-6.782,0.0554,0.476,0.841,0.106,0.828,114.15,306106,16,afrobeat
0.762,0.512,-8.633,0.239,0.772,0.00183,0.183,0.576,96.428,405653,16,afrobeat
0.733,0.862,-5.813,0.0604,0.287,0.000532,0.466,0.745,107.981,238373,19,afrobeat
0.691,0.921,-4.138,0.0403,0.0753,0.0794,0.0514,0.597,116.001,252853,19,afrobeat
0.588,0.521,-9.461,0.0329,0.0678,0.149,0.123,0.337,85.012,260173,87,alt-rock
0.705,0.712,-6.156,0.0385,0.0102,0.000855,0.1,0.62,97.512,299960,83,alt-rock
0.575,0.568,-5.509,0.03,0.0484,0.000417,0.286,0.37,93.986,206280,86,alt-rock
0.612,0.807,-2.81,0.0336,0.0495,0.0177,0.101,0.398,124.053,240400,93,alt-rock
0.551,0.881,-6.099,0.0542,0.186,0.0791,0.152,0.387,88.036,153000,83,alt-rock
0.573,0.539,-6.091,0.0322,0.0162,1.16e-05,0.105,0.39,75.012,180690,76,alt-rock
0.427,0.201,-13.044,0.0317,0.745,0.263,0.109,0.0668,105.218,232146,76,alt-rock
0.489,0.505,-8.022,0.117,0.579,0.000333,0.104,0.337,163.255,213706,78,alt-rock
0.485,0.843,-3.993,0.0467,0.00129,1.01e-05,0.14,0.602,78.001,192106,73,alt-rock
0.502,0.912,-4.556,0.0564,2.55e-05,0.000173,0.106,0.72,116.761,301920,83,alt-rock
0.51,0.882,-5.659,0.159,0.00158,0.00206,0.0764,0.653,154.029,216720,75,alt-rock
0.578,0.866,-3.804,0.0619,0.00701,0.0,0.257,0.619,128.038,199080,83,alt-rock
0.411,0.675,-6.251,0.0591,0.063,0.0,0.092,0.545,130.134,237375,69,alt-rock
0.573,0.913,-6.52,0.0409,0.00861,0.0273,0.114,0.795,88.418,260808,4,alt-rock
0.573,0.913,-6.52,0.0409,0.00861,0.0273,0.114,0.795,88.418,260808,2,alt-rock
0.344,0.931,-3.759,0.0783,0.00104,0.0,0.0903,0.251,148.104,223973,2,alt-rock
0.592,0.765,-2.788,0.027,0.0021,0.00154,0.127,0.327,96.483,329733,2,alt-rock
0.386,0.936,-4.005,0.0701,0.0121,1.6e-05,0.266,0.418,176.366,186148,0,alt-rock
0.499,0.223,-15.253,0.0338,0.912,0.0,0.0962,0.304,129.291,204466,0,alt-rock
0.417,0.682,-5.071,0.0295,0.0267,0.000669,0.109,0.351,105.542,232412,1,alt-rock
0.441,0.976,-3.09,0.147,0.000335,0.0475,0.298,0.248,130.411,220413,5,alt-rock
0.386,0.936,-4.005,0.0701,0.0121,1.6e-05,0.266,0.418,176.366,186148,0,alt-rock
0.344,0.931,-3.759,0.0783,0.00104,0.0,0.0903,0.251,148.104,223973,2,alt-rock
0.569,0.963,-3.069,0.0593,0.000787,0.0256,0.22,0.82,76.995,185906,3,alt-rock
0.573,0.913,-6.52,0.0409,0.00861,0.0273,0.114,0.795,88.418,260808,0,alt-rock
0.417,0.682,-5.071,0.0295,0.0267,0.000669,0.109,0.351,105.542,232412,3,alt-rock
0.344,0.931,-3.759,0.0783,0.00104,0.0,0.0903,0.251,148.104,223973,0,alt-rock
0.658,0.773,-5.119,0.0244,0.000901,0.0,0.194,0.66,100.006,208920,0,alt-rock
0.64,0.821,-5.789,0.0732,0.00122,0.145,0.203,0.624,135.478,445000,1,alt-rock
0.344,0.931,-3.759,0.0783,0.00104,0.0,0.0903,0.251,148.104,223973,1,alt-rock
0.508,0.981,-3.23,0.0779,8.22e-05,0.000449,0.0555,0.746,138.011,200946,0,alt-rock
0.421,0.986,-1.795,0.152,0.00482,0.0,0.295,0.263,105.83,123800,1,alt-rock
0.112,0.978,-2.64,0.117,0.000108,0.0241,0.117,0.371,173.097,250222,0,alt-rock
0.112,0.978,-2.64,0.117,0.000108,0.0241,0.117,0.371,173.097,250222,0,alt-rock
0.476,0.979,-3.504,0.133,0.00142,0.00686,0.0944,0.394,140.408,202053,1,alt-rock
0.417,0.682,-5.071,0.0295,0.0267,0.000669,0.109,0.351,105.542,232412,0,alt-rock
0.532,0.872,-3.869,0.0636,0.00223,0.0,0.283,0.299,127.959,262586,0,alt-rock
0.588,0.847,-4.164,0.0705,0.0601,0.0,0.307,0.662,120.041,245106,0,alt-rock
0.588,0.847,-4.164,0.0705,0.0601,0.0,0.307,0.662,120.041,245106,0,alt-rock
0.588,0.847,-4.164,0.0705,0.0601,0.0,0.307,0.662,120.041,245106,0,alt-rock
0.605,0.7,-6.47,0.0277,0.00998,0.0,0.116,0.588,84.962,170720,0,alt-rock
0.532,0.872,-3.869,0.0636,0.00223,0.0,0.283,0.299,127.959,262586,0,alt-rock
0.417,0.682,-5.071,0.0295,0.0267,0.000669,0.109,0.351,105.542,232412,0,alt-rock
0.666,0.935,-4.563,0.0445,0.00285,0.781,0.352,0.69,118.999,436413,0,alt-rock
0.588,0.847,-4.164,0.0705,0.0601,0.0,0.307,0.662,120.041,245106,0,alt-rock
0.625,0.653,-5.967,0.0257,0.124,0.0,0.346,0.605,110.972,205213,0,alt-rock
0.588,0.847,-4.164,0.0705,0.0601,0.0,0.307,0.662,120.041,245106,0,alt-rock
0.437,0.878,-4.687,0.0452,0.0112,0.0,0.126,0.623,128.043,187355,0,alt-rock
0.441,0.986,-2.466,0.116,0.038,0.000781,0.0998,0.184,123.974,215666,2,alt-rock
0.588,0.847,-4.164,0.0705,0.0601,0.0,0.307,0.662,120.041,245106,0,alt-rock
0.623,0.533,-8.164,0.0653,0.245,0.00717,0.112,0.247,84.982,181186,75,alt-rock
0.648,0.594,-7.027,0.0293,0.114,0.0462,0.116,0.544,113.983,244013,80,alt-rock
0.618,0.793,-5.711,0.0601,0.204,0.0154,0.126,0.459,101.015,347525,73,alt-rock
0.515,0.43,-9.935,0.0372,0.0097,0.000133,0.129,0.104,91.844,238640,85,alt-rock
0.472,0.671,-4.649,0.029,0.0129,0.0,0.159,0.0681,82.952,232800,81,alt-rock
0.255,0.393,-10.654,0.0278,0.0577,0.00361,0.113,0.118,76.426,229120,82,alt-rock
0.601,0.757,-3.341,0.028,0.0139,8.85e-05,0.0727,0.462,82.001,189120,71,alt-rock
0.743,0.446,-7.807,0.0683,0.0039,0.118,0.337,0.278,123.596,232106,84,alt-rock
0.531,0.638,-5.145,0.0809,0.00409,0.0,0.0822,0.445,164.079,236898,72,alt-rock
0.341,0.266,-17.251,0.146,0.831,0.0,0.113,0.388,184.14,152144,1,alt-rock
0.666,0.854,-5.051,0.0295,0.179,1.2e-06,0.0986,0.803,125.637,268426,0,alt-rock
0.511,0.714,-6.414,0.0368,0.0504,0.56,0.105,0.521,98.008,194506,0,alt-rock
0.535,0.979,-3.593,0.0597,0.000666,0.0,0.084,0.432,103.996,238870,4,alt-rock
0.658,0.773,-5.119,0.0244,0.000901,0.0,0.194,0.66,100.006,208920,4,alt-rock
0.635,0.551,-7.136,0.0354,0.00743,1.82e-05,0.07,0.451,151.779,258825,1,alt-rock
0.635,0.551,-7.136,0.0354,0.00743,1.82e-05,0.07,0.451,151.779,258825,2,alt-rock
0.635,0.551,-7.136,0.0354,0.00743,1.82e-05,0.07,0.451,151.779,258825,0,alt-rock
0.658,0.773,-5.119,0.0244,0.000901,0.0,0.194,0.66,100.006,208920,0,alt-rock
0.555,0.921,-4.606,0.0369,0.00264,0.000205,0.117,0.775,121.141,159226,0,alt-rock
0.555,0.921,-4.606,0.0369,0.00264,0.000205,0.117,0.775,121.141,159226,2,alt-rock
0.582,0.755,-7.305,0.0288,0.0632,0.00658,0.931,0.311,109.061,244866,0,alt-rock
0.654,0.794,-6.288,0.0284,0.00769,0.00134,0.165,0.678,114.62,200053,1,alt-rock
0.516,0.818,-6.076,0.0393,0.00701,0.0,0.337,0.769,121.907,124653,0,alt-rock
0.605,0.7,-6.47,0.0277,0.00998,0.0,0.116,0.588,84.962,170720,0,alt-rock
0.535,0.979,-3.593,0.0597,0.000666,0.0,0.084,0.432,103.996,238870,0,alt-rock
0.603,0.886,-3.777,0.0837,0.00045,0.0,0.26,0.395,126.027,229933,0,alt-rock
0.603,0.886,-3.777,0.0837,0.00045,0.0,0.26,0.395,126.027,229933,0,alt-rock
0.395,0.751,-8.547,0.0618,5.71e-05,0.838,0.0725,0.455,121.561,257812,2,alt-rock
0.658,0.773,-5.119,0.0244,0.000901,0.0,0.194,0.66,100.006,208920,0,alt-rock
0.173,0.609,-7.724,0.0482,0.359,0.0,0.1,0.0988,197.819,244306,0,alt-rock
0.261,0.947,-3.031,0.0487,0.000193,0.00326,0.31,0.552,185.942,206120,1,alt-rock
0.462,0.765,-7.011,0.036,0.324,0.231,0.0757,0.399,81.513,252986,0,alt-rock
0.165,0.434,-8.163,0.0288,0.316,0.171,0.213,0.186,77.983,196723,0,alt-rock
0.516,0.818,-6.076,0.0393,0.00701,0.0,0.337,0.769,121.907,124653,0,alt-rock
0.381,0.894,-8.638,0.037,0.0258,0.0,0.0251,0.797,205.528,246933,0,alt-rock
0.165,0.434,-8.163,0.0288,0.316,0.171,0.213,0.186,77.983,196723,0,alt-rock
0.714,0.734,-7.125,0.0306,0.176,0.000618,0.115,0.68,123.57,222226,0,alt-rock
0.381,0.894,-8.638,0.037,0.0258,0.0,0.0251,0.797,205.528,246933,0,alt-rock
0.498,0.946,-4.792,0.0602,0.000121,2.53e-05,0.359,0.31,106.276,213000,0,alt-rock
0.498,0.946,-4.792,0.0602,0.000121,2.53e-05,0.359,0.31,106.276,213000,0,alt-rock
0.535,0.979,-3.593,0.0597,0.000666,0.0,0.084,0.432,103.996,238870,0,alt-rock
0.387,0.786,-4.127,0.0436,0.0195,0.0,0.123,0.462,149.806,84973,0,alt-rock
0.516,0.818,-6.076,0.0393,0.00701,0.0,0.337,0.769,121.907,124653,0,alt-rock
0.387,0.786,-4.127,0.0436,0.0195,0.0,0.123,0.462,149.806,84973,0,alt-rock
0.387,0.786,-4.127,0.0436,0.0195,0.0,0.123,0.462,149.806,84973,0,alt-rock
0.62,0.788,-8.646,0.0276,0.018,0.0,0.369,0.856,137.129,290160,0,alt-rock
0.522,0.639,-5.553,0.0246,0.129,0.0,0.185,0.437,83.377,270640,0,alt-rock
0.553,0.722,-7.794,0.0327,0.101,2.83e-05,0.958,0.257,91.267,256359,0,alt-rock
0.387,0.786,-4.127,0.0436,0.0195,0.0,0.123,0.462,149.806,84973,0,alt-rock
0.558,0.403,-8.968,0.0245,0.328,0.0,0.171,0.148,81.661,174160,0,alt-rock
0.245,0.64,-7.426,0.0608,0.131,8.11e-06,0.0766,0.105,135.739,255133,78,alt-rock
0.512,0.483,-7.798,0.0298,0.00304,0.0011,0.12,0.367,160.009,217026,76,alt-rock
0.545,0.968,-3.553,0.0853,0.0387,0.00325,0.331,0.527,169.965,209386,68,alt-rock
0.621,0.692,-6.858,0.0291,0.000363,1.75e-05,0.335,0.381,99.806,254509,71,alt-rock
0.668,0.902,-3.924,0.0386,0.169,8.74e-05,0.198,0.913,119.008,262623,78,alt-rock
0.592,0.767,-2.788,0.027,0.0021,0.00165,0.127,0.328,96.483,329733,82,alt-rock
0.352,0.911,-5.23,0.0747,0.00121,0.0,0.0995,0.236,148.033,222973,86,alt-rock
0.631,0.684,-6.27,0.0405,0.0576,0.0,0.0938,0.528,129.974,234013,65,alt-rock
0.5,0.824,-5.846,0.0388,0.00016,0.00161,0.0916,0.539,120.125,218920,79,alt-rock
0.427,0.9,-3.674,0.0499,0.116,1.75e-05,0.119,0.599,104.655,334666,80,alt-rock
0.64,0.957,-2.336,0.0741,0.0431,0.0,0.0789,0.692,134.992,178013,77,alt-rock
0.574,0.833,-6.239,0.0563,0.0611,0.0,0.105,0.574,86.008,231986,67,alt-rock
0.361,0.871,-4.313,0.0393,0.0119,0.0,0.318,0.575,176.026,172960,69,alt-rock
0.674,0.58,-8.081,0.0312,0.311,2.41e-05,0.198,0.305,128.003,238373,0,alt-rock
0.376,0.586,-7.165,0.0434,0.0131,0.00061,0.0641,0.171,149.734,231532,0,alt-rock
0.571,0.836,-5.556,0.0371,0.194,4.09e-06,0.182,0.73,141.612,272733,0,alt-rock
0.403,0.59,-5.941,0.0284,0.508,0.00548,0.272,0.393,141.649,297293,0,alt-rock
0.739,0.48,-10.82,0.0263,0.718,0.00292,0.0768,0.758,105.029,226858,0,alt-rock
0.556,0.545,-6.768,0.0255,0.0635,0.0,0.124,0.193,143.991,238560,0,alt-rock
0.727,0.382,-9.145,0.0314,0.809,0.0,0.0998,0.828,115.003,285024,2,alt-rock
0.544,0.848,-6.804,0.0288,0.00395,5.22e-05,0.134,0.489,99.039,234626,0,alt-rock
0.544,0.848,-6.804,0.0288,0.00395,5.22e-05,0.134,0.489,99.039,234626,1,alt-rock
0.403,0.59,-5.941,0.0284,0.508,0.00548,0.272,0.393,141.649,297293,0,alt-rock
0.514,0.781,-6.703,0.0639,0.248,0.0,0.731,0.717,90.522,252720,0,alt-rock
0.571,0.836,-5.556,0.0371,0.194,4.09e-06,0.182,0.73,141.612,272733,0,alt-rock
0.674,0.867,-4.329,0.0462,0.00199,0.0,0.206,0.821,88.04,226826,1,alt-rock
0.674,0.867,-4.329,0.0462,0.00199,0.0,0.206,0.821,88.04,226826,0,alt-rock
0.303,0.976,-3.583,0.225,0.00266,0.135,0.0707,0.193,88.536,304053,2,alt-rock
0.61,0.889,-5.452,0.0585,0.000794,0.0865,0.0657,0.506,139.903,246733,0,alt-rock
0.321,0.909,-4.612,0.041,1.62e-05,0.139,0.0442,0.209,109.653,238653,0,alt-rock
0.321,0.909,-4.612,0.041,1.62e-05,0.139,0.0442,0.209,109.653,238653,0,alt-rock
0.321,0.909,-4.612,0.041,1.62e-05,0.139,0.0442,0.209,109.653,238653,0,alt-rock
0.784,0.461,-9.546,0.0314,0.662,5.9e-05,0.107,0.733,102.165,208004,0,alt-rock
0.706,0.525,-8.879,0.0298,0.682,9.34e-05,0.175,0.73,89.945,171978,1,alt-rock
0.327,0.985,-3.941,0.151,0.00177,0.108,0.351,0.218,125.232,392600,2,alt-rock
0.597,0.702,-4.767,0.0445,0.0197,0.01,0.125,0.645,83.507,189356,0,alt-rock
0.61,0.889,-5.452,0.0585,0.000794,0.0865,0.0657,0.506,139.903,246733,0,alt-rock
0.407,0.954,-3.753,0.0532,0.000629,0.186,0.0545,0.454,171.988,228666,0,alt-rock
0.557,0.665,-6.19,0.0328,0.321,0.000281,0.0713,0.437,75.803,218986,0,alt-rock
0.704,0.533,-6.94,0.0315,0.587,1.64e-05,0.254,0.695,94.056,194080,0,alt-rock
0.327,0.985,-3.941,0.151,0.00177,0.108,0.351,0.218,125.232,392600,0,alt-rock
0.452,0.819,-4.394,0.0863,0.175,0.69,0.224,0.423,124.649,217213,0,alt-rock
0.411,0.767,-4.211,0.056,0.000621,0.00842,0.134,0.659,134.408,322613,1,alt-rock
0.488,0.627,-7.266,0.0295,0.429,0.000133,0.114,0.482,78.979,212440,0,alt-rock
0.321,0.909,-4.612,0.041,1.62e-05,0.139,0.0442,0.209,109.653,238653,0,alt-rock
0.682,0.646,-9.274,0.0667,0.576,2.13e-05,0.0978,0.785,87.891,225616,0,alt-rock
0.694,0.52,-8.758,0.0245,0.412,1.26e-06,0.137,0.52,108.06,254955,0,alt-rock
0.554,0.757,-8.653,0.0705,0.00543,0.0541,0.258,0.907,148.27,177413,0,alt-rock
0.32,0.515,-8.018,0.0412,0.373,1.74e-06,0.089,0.568,78.021,213946,0,alt-rock
0.637,0.572,-6.913,0.107,0.113,0.0,0.0645,0.615,138.177,144066,0,alt-rock
0.464,0.701,-5.693,0.0411,0.00892,0.309,0.335,0.356,83.996,251186,77,alt-rock
0.74,0.415,-8.914,0.0707,0.242,0.000156,0.319,0.156,136.029,180161,71,alt-rock
0.264,0.363,-10.196,0.0338,0.501,0.00406,0.11,0.0613,124.328,536000,71,alt-rock
0.646,0.85,-5.466,0.0428,0.363,4.01e-05,0.0994,0.819,96.538,212568,76,alt-rock
0.557,0.533,-6.817,0.0252,0.0492,0.0,0.205,0.233,143.994,238733,76,alt-rock
0.526,0.862,-6.003,0.0905,0.0144,0.0597,0.229,0.528,90.052,195200,76,alt-rock
0.603,0.886,-3.777,0.0837,0.00045,0.0,0.26,0.395,126.025,229933,72,alt-rock
0.738,0.607,-3.933,0.0845,0.00746,0.324,0.0699,0.78,131.982,383893,0,alt-rock
0.629,0.538,-6.79,0.0244,0.461,0.0,0.123,0.205,100.038,270280,0,alt-rock
0.629,0.538,-6.79,0.0244,0.461,0.0,0.123,0.205,100.038,270280,0,alt-rock
0.492,0.506,-8.022,0.118,0.58,0.00032,0.104,0.338,163.522,213706,2,alt-rock
0.492,0.506,-8.022,0.118,0.58,0.00032,0.104,0.338,163.522,213706,1,alt-rock
0.403,0.59,-5.941,0.0284,0.508,0.00548,0.272,0.393,141.649,297293,0,alt-rock
0.738,0.607,-3.933,0.0845,0.00746,0.324,0.0699,0.78,131.982,383893,0,alt-rock
0.611,0.801,-5.894,0.0733,0.00119,0.513,0.23,0.408,96.875,216735,0,alt-rock
0.738,0.607,-3.933,0.0845,0.00746,0.324,0.0699,0.78,131.982,383893,0,alt-rock
0.738,0.607,-3.933,0.0845,0.00746,0.324,0.0699,0.78,131.982,383893,0,alt-rock
0.403,0.59,-5.941,0.0284,0.508,0.00548,0.272,0.393,141.649,297293,0,alt-rock
0.492,0.506,-8.022,0.118,0.58,0.00032,0.104,0.338,163.522,213706,1,alt-rock
0.611,0.801,-5.894,0.0733,0.00119,0.513,0.23,0.408,96.875,216735,0,alt-rock
0.609,0.948,-4.938,0.113,0.00404,0.0978,0.042,0.786,144.037,222773,1,alt-rock
0.674,0.789,-6.903,0.0676,0.00178,0.00708,0.0753,0.918,129.802,121160,0,alt-rock
0.582,0.817,-6.475,0.0399,0.0017,0.0158,0.575,0.622,155.124,198365,0,alt-rock
0.505,0.892,-5.633,0.139,0.00162,0.00177,0.148,0.629,154.004,214520,0,alt-rock
0.505,0.892,-5.633,0.139,0.00162,0.00177,0.148,0.629,154.004,214520,0,alt-rock
0.403,0.59,-5.941,0.0284,0.508,0.00548,0.272,0.393,141.649,297293,1,alt-rock
0.562,0.903,-4.46,0.0296,0.000187,0.0939,0.298,0.791,132.013,221000,0,alt-rock
0.499,0.983,-3.662,0.0882,0.000123,0.000246,0.0728,0.0378,129.903,177440,1,alt-rock
0.609,0.948,-4.938,0.113,0.00404,0.0978,0.042,0.786,144.037,222773,0,alt-rock
0.373,0.857,-3.546,0.0528,0.000999,0.00138,0.408,0.235,137.084,240213,0,alt-rock
0.571,0.836,-5.556,0.0371,0.194,4.09e-06,0.182,0.73,141.612,272733,0,alt-rock
0.609,0.948,-4.938,0.113,0.00404,0.0978,0.042,0.786,144.037,222773,0,alt-rock
0.571,0.836,-5.556,0.0371,0.194,4.09e-06,0.182,0.73,141.612,272733,1,alt-rock
0.609,0.948,-4.938,0.113,0.00404,0.0978,0.042,0.786,144.037,222773,0,alt-rock
0.596,0.964,-5.754,0.0804,9.52e-05,0.834,0.203,0.399,128.021,264266,0,alt-rock
0.609,0.948,-4.938,0.113,0.00404,0.0978,0.042,0.786,144.037,222773,0,alt-rock
0.611,0.801,-5.894,0.0733,0.00119,0.513,0.23,0.408,96.875,216735,1,alt-rock
0.596,0.964,-5.754,0.0804,9.52e-05,0.834,0.203,0.399,128.021,264266,0,alt-rock
0.221,0.664,-5.242,0.0379,0.0039,0.657,0.239,0.101,186.044,293293,2,alt-rock
0.221,0.664,-5.242,0.0379,0.0039,0.657,0.239,0.101,186.044,293293,0,alt-rock
0.221,0.664,-5.242,0.0379,0.0039,0.657,0.239,0.101,186.044,293293,0,alt-rock
0.221,0.664,-5.242,0.0379,0.0039,0.657,0.239,0.101,186.044,293293,0,alt-rock
0.221,0.664,-5.242,0.0379,0.0039,0.657,0.239,0.101,186.044,293293,2,alt-rock
0.571,0.836,-5.556,0.0371,0.194,4.09e-06,0.182,0.73,141.612,272733,0,alt-rock
0.609,0.948,-4.938,0.113,0.00404,0.0978,0.042,0.786,144.037,222773,1,alt-rock
0.32,0.546,-8.33,0.0278,0.181,1.98e-06,0.0928,0.263,163.824,238520,1,alt-rock
0.696,0.448,-9.099,0.0333,0.452,2.43e-05,0.0904,0.569,95.004,242520,0,alt-rock
0.674,0.789,-6.903,0.0676,0.00178,0.00708,0.0753,0.918,129.802,121160,0,alt-rock
0.696,0.448,-9.099,0.0333,0.452,2.43e-05,0.0904,0.569,95.004,242520,0,alt-rock
0.56,0.936,-5.835,0.0439,0.00847,0.0,0.161,0.371,112.96,218013,79,alt-rock
0.573,0.441,-5.799,0.0758,0.186,0.0,0.61,0.389,61.657,185546,70,alt-rock
0.473,0.936,-4.877,0.0704,0.00916,0.0422,0.31,0.416,144.014,280466,66,alt-rock
0.666,0.855,-5.051,0.0295,0.179,1.2e-06,0.0987,0.803,125.639,268426,84,alt-rock
0.471,0.924,-3.906,0.0586,0.00301,0.0,0.313,0.725,154.961,177280,80,alt-rock
0.714,0.905,-5.137,0.245,0.0921,0.00149,0.0863,0.362,118.119,180137,55,alt-rock
0.593,0.749,-5.67,0.0475,0.0113,0.106,0.314,0.649,164.959,309053,79,alt-rock
0.386,0.677,-5.83,0.0346,0.00841,0.00366,0.341,0.195,126.602,238240,72,alt-rock
0.431,0.485,-8.085,0.0274,0.452,0.0,0.544,0.367,145.22,342493,66,alt-rock
0.691,0.841,-7.026,0.0436,0.00438,4.44e-05,0.31,0.755,92.025,243329,65,alt-rock
0.563,0.678,-4.717,0.0392,0.0228,0.0,0.342,0.134,127.883,190048,66,alt-rock
0.632,0.866,-5.445,0.0488,0.0556,5.75e-06,0.518,0.835,87.785,224973,55,alt-rock
0.705,0.927,-2.701,0.0776,0.0327,0.0,0.0705,0.945,159.978,136940,0,alt-rock
0.534,0.338,-8.608,0.0346,0.515,9.26e-06,0.124,0.111,120.399,273880,0,alt-rock
0.492,0.506,-8.022,0.118,0.58,0.00032,0.104,0.338,163.522,213706,0,alt-rock
0.55,0.531,-7.431,0.0309,0.256,0.0,0.0509,0.364,98.014,212392,0,alt-rock
0.705,0.927,-2.701,0.0776,0.0327,0.0,0.0705,0.945,159.978,136940,0,alt-rock
0.705,0.927,-2.701,0.0776,0.0327,0.0,0.0705,0.945,159.978,136940,0,alt-rock
0.692,0.553,-6.164,0.0389,0.596,3.01e-05,0.305,0.356,125.903,186906,1,alt-rock
0.533,0.721,-7.309,0.0417,0.0338,6.24e-06,0.115,0.225,128.972,249520,0,alt-rock
0.606,0.75,-4.535,0.0306,0.0026,0.000795,0.321,0.771,126.316,225866,1,alt-rock
0.65,0.956,-4.113,0.0564,0.0153,3.86e-05,0.364,0.673,104.018,156960,0,alt-rock
0.532,0.842,-6.152,0.0403,0.00131,1.2e-06,0.33,0.715,126.042,267493,0,alt-rock
0.38,0.72,-5.766,0.0356,0.00899,0.00147,0.221,0.172,129.982,239373,1,alt-rock
0.428,0.704,-8.018,0.0808,0.000156,0.00223,0.0933,0.703,116.898,315120,0,alt-rock
0.705,0.918,-2.771,0.0678,0.0405,0.000106,0.0803,0.537,92.513,207925,0,alt-rock
0.196,0.93,-5.131,0.0519,0.0116,0.00214,0.105,0.566,194.319,173560,0,alt-rock
0.532,0.842,-6.152,0.0403,0.00131,1.2e-06,0.33,0.715,126.042,267493,0,alt-rock
0.361,0.97,-5.69,0.0837,6.58e-06,0.000162,0.039,0.561,156.96,236720,1,alt-rock
0.725,0.918,-2.468,0.0352,0.000148,0.00127,0.0642,0.503,128.016,295932,0,alt-rock
0.532,0.842,-6.152,0.0403,0.00131,1.2e-06,0.33,0.715,126.042,267493,0,alt-rock
0.532,0.842,-6.152,0.0403,0.00131,1.2e-06,0.33,0.715,126.042,267493,0,alt-rock
0.634,0.836,-3.004,0.0427,0.00609,0.000157,0.0828,0.715,139.957,193253,0,alt-rock
0.508,0.752,-5.439,0.0343,0.251,2.1e-05,0.142,0.554,76.07,262746,0,alt-rock
0.644,0.848,-5.385,0.0529,0.0358,0.0,0.0676,0.928,162.151,166040,0,alt-rock
0.505,0.939,-4.165,0.0415,0.00281,0.0232,0.0516,0.963,177.68,160586,0,alt-rock
0.485,0.924,-4.046,0.0579,0.0373,1.62e-06,0.248,0.661,143.244,266706,1,alt-rock
0.705,0.871,-3.557,0.123,0.0618,0.0,0.226,0.749,93.625,207040,0,alt-rock
0.351,0.827,-5.351,0.0412,0.000222,0.000118,0.0755,0.145,105.463,318586,0,alt-rock
0.485,0.924,-4.046,0.0579,0.0373,1.62e-06,0.248,0.661,143.244,266706,0,alt-rock
0.508,0.752,-5.439,0.0343,0.251,2.1e-05,0.142,0.554,76.07,262746,0,alt-rock
0.485,0.924,-4.046,0.0579,0.0373,1.62e-06,0.248,0.661,143.244,266706,1,alt-rock
0.258,0.904,-5.625,0.0386,2.2e-05,0.218,0.255,0.832,186.054,246920,0,alt-rock
0.508,0.752,-5.439,0.0343,0.251,2.1e-05,0.142,0.554,76.07,262746,0,alt-rock
0.532,0.842,-6.152,0.0403,0.00131,1.2e-06,0.33,0.715,126.042,267493,0,alt-rock
0.505,0.939,-4.165,0.0415,0.00281,0.0232,0.0516,0.963,177.68,160586,0,alt-rock
0.635,0.937,-2.86,0.0452,0.0735,6.95e-05,0.134,0.78,108.003,205946,1,alt-rock
0.644,0.848,-5.385,0.0529,0.0358,0.0,0.0676,0.928,162.151,166040,0,alt-rock
0.416,0.954,-3.157,0.0467,0.0021,0.0,0.177,0.498,144.724,310346,1,alt-rock
0.351,0.827,-5.351,0.0412,0.000222,0.000118,0.0755,0.145,105.463,318586,1,alt-rock
0.393,0.487,-6.348,0.0337,0.229,0.0,0.128,0.3,151.958,230866,75,alt-rock
0.394,0.327,-14.291,0.114,0.849,0.0,0.125,0.411,93.358,150320,70,alt-rock
0.553,0.89,-4.879,0.0413,0.123,0.0,0.139,0.674,87.871,169758,51,alt-rock
0.492,0.59,-4.593,0.0239,0.225,2.79e-05,0.0973,0.124,91.018,262946,56,alt-rock
0.537,0.656,-5.863,0.0411,0.0458,2.54e-06,0.112,0.45,141.873,232173,66,alt-rock
0.597,0.522,-5.683,0.0331,0.297,0.0,0.0854,0.334,119.792,202250,52,alt-rock
0.483,0.753,-8.937,0.0832,0.425,0.000142,0.257,0.42,115.102,261093,76,alt-rock
0.533,0.967,-2.543,0.0995,0.00791,0.0,0.336,0.782,142.018,186813,72,alt-rock
0.586,0.813,-6.357,0.0804,0.0494,5.54e-06,0.0939,0.655,149.812,179374,64,alt-rock
0.256,0.641,-10.283,0.0552,0.199,0.0329,0.0853,0.382,203.006,281160,79,alt-rock
0.618,0.938,-3.442,0.0456,0.0179,0.0,0.167,0.875,91.455,269000,82,alt-rock
0.497,0.837,-3.672,0.046,0.0155,0.0,0.0763,0.489,86.016,239986,56,alt-rock
0.474,0.916,-3.93,0.0624,0.00504,0.0,0.325,0.745,154.948,177280,1,alt-rock
0.529,0.818,-6.622,0.04,6.5e-05,0.0,0.354,0.684,148.173,177345,0,alt-rock
0.529,0.818,-6.622,0.04,6.5e-05,0.0,0.354,0.684,148.173,177345,0,alt-rock
0.529,0.818,-6.622,0.04,6.5e-05,0.0,0.354,0.684,148.173,177345,0,alt-rock
0.529,0.818,-6.622,0.04,6.5e-05,0.0,0.354,0.684,148.173,177345,0,alt-rock
0.731,0.867,-5.881,0.032,0.0394,0.0,0.0861,0.776,104.02,200373,0,alt-rock
0.474,0.916,-3.93,0.0624,0.00504,0.0,0.325,0.745,154.948,177280,0,alt-rock
0.486,0.843,-6.085,0.0635,7.21e-05,0.682,0.0709,0.412,90.016,227240,0,alt-rock
0.559,0.972,-3.524,0.0639,0.0198,6.4e-06,0.393,0.92,82.336,183400,3,alt-rock
0.731,0.867,-5.881,0.032,0.0394,0.0,0.0861,0.776,104.02,200373,1,alt-rock
0.731,0.867,-5.881,0.032,0.0394,0.0,0.0861,0.776,104.02,200373,0,alt-rock
0.731,0.867,-5.881,0.032,0.0394,0.0,0.0861,0.776,104.02,200373,0,alt-rock
0.731,0.867,-5.881,0.032,0.0394,0.0,0.0861,0.776,104.02,200373,0,alt-rock
0.731,0.867,-5.881,0.032,0.0394,0.0,0.0861,0.776,104.02,200373,0,alt-rock
0.616,0.833,-7.932,0.0323,0.0392,9.77e-05,0.801,0.553,104.043,236973,54,alt-rock
0.731,0.867,-5.881,0.032,0.0394,0.0,0.0861,0.776,104.02,200373,0,alt-rock
0.731,0.867,-5.881,0.032,0.0394,0.0,0.0861,0.776,104.02,200373,1,alt-rock
0.548,0.808,-5.484,0.0398,7.19e-05,0.00341,0.114,0.475,95.207,201666,1,alt-rock
0.527,0.924,-4.503,0.0367,7.92e-05,0.0671,0.705,0.324,102.036,251200,0,alt-rock
0.518,0.948,-5.579,0.0676,0.00512,0.0996,0.228,0.548,103.025,201400,2,alt-rock
0.356,0.917,-6.005,0.0487,0.0336,0.0,0.406,0.523,171.172,357266,0,alt-rock
0.518,0.948,-5.579,0.0676,0.00512,0.0996,0.228,0.548,103.025,201400,0,alt-rock
0.518,0.948,-5.579,0.0676,0.00512,0.0996,0.228,0.548,103.025,201400,0,alt-rock
0.518,0.948,-5.579,0.0676,0.00512,0.0996,0.228,0.548,103.025,201400,2,alt-rock
0.514,0.975,-4.433,0.0609,7.65e-05,0.561,0.457,0.309,154.047,220226,0,alt-rock
0.579,0.978,-5.327,0.0548,8.55e-05,0.000141,0.0955,0.558,125.073,222893,1,alt-rock
0.518,0.948,-5.579,0.0676,0.00512,0.0996,0.228,0.548,103.025,201400,0,alt-rock
0.514,0.975,-4.433,0.0609,7.65e-05,0.561,0.457,0.309,154.047,220226,0,alt-rock
0.518,0.948,-5.579,0.0676,0.00512,0.0996,0.228,0.548,103.025,201400,0,alt-rock
0.579,0.978,-5.327,0.0548,8.55e-05,0.000141,0.0955,0.558,125.073,222893,0,alt-rock
0.518,0.948,-5.579,0.0676,0.00512,0.0996,0.228,0.548,103.025,201400,0,alt-rock
0.579,0.978,-5.327,0.0548,8.55e-05,0.000141,0.0955,0.558,125.073,222893,0,alt-rock
0.579,0.978,-5.327,0.0548,8.55e-05,0.000141,0.0955,0.558,125.073,222893,0,alt-rock
0.579,0.978,-5.327,0.0548,8.55e-05,0.000141,0.0955,0.558,125.073,222893,0,alt-rock
0.579,0.978,-5.327,0.0548,8.55e-05,0.000141,0.0955,0.558,125.073,222893,0,alt-rock
0.548,0.809,-4.001,0.0328,0.000298,2.96e-06,0.156,0.409,133.984,224306,0,alt-rock
0.356,0.917,-6.005,0.0487,0.0336,0.0,0.406,0.523,171.172,357266,1,alt-rock
0.356,0.917,-6.005,0.0487,0.0336,0.0,0.406,0.523,171.172,357266,0,alt-rock
0.581,0.656,-4.891,0.0294,0.00269,2.78e-06,0.101,0.338,108.033,235160,74,alt-rock
0.416,0.762,-7.385,0.0279,0.312,0.804,0.0559,0.461,95.967,326490,73,alt-rock
0.553,0.89,-4.879,0.0413,0.123,0.0,0.139,0.674,87.871,169758,68,alt-rock
0.578,0.386,-11.464,0.0278,0.208,0.0453,0.307,0.569,154.902,234093,75,alt-rock
0.513,0.442,-13.529,0.0343,0.00731,0.000838,0.0878,0.243,81.201,229226,77,alt-rock
0.42,0.33,-13.925,0.0275,0.245,0.000679,0.0677,0.175,157.143,295600,79,alt-rock
0.442,0.887,-5.943,0.1,0.0259,4.57e-06,0.0655,0.637,146.358,218080,76,alt-rock
0.618,0.837,-5.338,0.0304,0.000254,0.000378,0.0618,0.526,121.227,248335,73,alt-rock
0.542,0.433,-10.47,0.0305,0.897,0.173,0.101,0.495,140.939,250900,71,alt-rock
0.559,0.345,-13.496,0.0459,0.0576,0.000105,0.141,0.458,84.581,264306,82,alt-rock
0.556,0.72,-5.132,0.0415,0.358,0.0,0.146,0.405,125.324,189600,68,alt-rock
0.519,0.441,-14.178,0.0353,0.0204,0.000453,0.076,0.25,81.334,234973,79,alt-rock
0.356,0.917,-6.006,0.0479,0.0335,0.0,0.406,0.518,171.176,357266,80,alt-rock
0.731,0.867,-5.881,0.032,0.0395,0.0,0.0861,0.776,104.019,200373,79,alt-rock
0.568,0.94,-6.414,0.0402,0.0366,0.00314,0.735,0.738,114.873,190400,53,alt-rock
0.59,0.229,-13.174,0.0301,0.115,0.00168,0.0854,0.168,96.859,297893,3,alt-rock
0.248,0.399,-11.011,0.0283,0.306,0.00119,0.0728,0.198,52.401,297160,0,alt-rock
0.547,0.941,-4.631,0.0824,5.72e-06,0.000756,0.323,0.331,100.007,301426,5,alt-rock
0.474,0.671,-4.649,0.0289,0.0129,0.0,0.159,0.0682,82.94,232800,1,alt-rock
0.523,0.8,-5.243,0.101,0.00537,0.0,0.398,0.604,125.886,186847,3,alt-rock
0.413,0.923,-4.487,0.053,9.24e-06,0.00102,0.0883,0.504,150.059,281757,0,alt-rock
0.83,0.838,-6.77,0.0776,0.0805,0.517,0.073,0.829,104.418,191000,54,alt-rock
0.418,0.876,-5.157,0.0529,0.00187,0.0,0.829,0.341,128.033,230720,1,alt-rock
0.523,0.8,-5.243,0.101,0.00537,0.0,0.398,0.604,125.886,186847,1,alt-rock
0.349,0.261,-9.478,0.0306,0.748,0.0,0.104,0.103,137.954,257720,0,alt-rock
0.523,0.8,-5.243,0.101,0.00537,0.0,0.398,0.604,125.886,186847,0,alt-rock
0.444,0.33,-15.594,0.262,0.954,1.49e-06,0.676,0.308,95.47,212773,0,alt-rock
0.474,0.671,-4.649,0.0289,0.0129,0.0,0.159,0.0682,82.94,232800,0,alt-rock
0.676,0.67,-7.218,0.051,0.00565,0.00676,0.0805,0.725,90.232,336933,0,alt-rock
0.699,0.585,-5.755,0.0297,0.246,0.000329,0.0975,0.757,124.054,215373,0,alt-rock
0.59,0.229,-13.174,0.0301,0.115,0.00168,0.0854,0.168,96.859,297893,0,alt-rock
0.767,0.694,-5.059,0.0384,0.0629,0.0,0.32,0.78,112.012,228400,0,alt-rock
0.657,0.817,-4.415,0.0554,0.262,0.00679,0.248,0.651,107.992,184053,0,alt-rock
0.523,0.8,-5.243,0.101,0.00537,0.0,0.398,0.604,125.886,186847,0,alt-rock
0.657,0.817,-4.415,0.0554,0.262,0.00679,0.248,0.651,107.992,184053,0,alt-rock
0.767,0.694,-5.059,0.0384,0.0629,0.0,0.32,0.78,112.012,228400,0,alt-rock
0.63,0.484,-7.25,0.0313,0.892,1.33e-06,0.154,0.502,147.882,236866,0,alt-rock
0.356,0.917,-6.005,0.0487,0.0336,0.0,0.406,0.523,171.172,357266,1,alt-rock
0.767,0.694,-5.059,0.0384,0.0629,0.0,0.32,0.78,112.012,228400,0,alt-rock
0.709,0.392,-17.241,0.0369,0.193,0.734,0.0631,0.951,124.074,293853,0,alt-rock
0.657,0.817,-4.415,0.0554,0.262,0.00679,0.248,0.651,107.992,184053,0,alt-rock
0.746,0.506,-7.945,0.0267,0.159,0.0,0.273,0.35,101.361,175720,0,alt-rock
0.79,0.606,-7.699,0.0519,0.014,0.00488,0.133,0.903,135.276,244053,0,alt-rock
0.66,0.742,-8.08,0.034,0.00151,4.04e-06,0.15,0.46,130.271,383573,0,alt-rock
0.701,0.818,-7.623,0.0354,0.518,0.000181,0.288,0.45,90.032,256385,0,alt-rock
0.66,0.742,-8.08,0.034,0.00151,4.04e-06,0.15,0.46,130.271,383573,0,alt-rock
0.775,0.507,-9.289,0.165,0.0015,3.34e-06,0.0677,0.752,92.229,211626,0,alt-rock
0.676,0.67,-7.218,0.051,0.00565,0.00676,0.0805,0.725,90.232,336933,0,alt-rock
0.818,0.621,-12.274,0.0528,0.297,2.5e-05,0.111,0.642,117.343,343701,0,alt-rock
0.686,0.604,-14.24,0.037,0.12,0.496,0.0907,0.553,152.474,248893,0,alt-rock
0.477,0.572,-7.328,0.0319,0.00708,0.784,0.144,0.0414,194.033,146866,72,alt-rock
0.389,0.665,-6.169,0.0644,0.178,0.000732,0.116,0.199,117.055,193546,74,alt-rock
0.559,0.532,-6.461,0.0302,0.157,4.28e-06,0.0927,0.11,104.02,271306,40,alt-rock
0.668,0.902,-3.924,0.0386,0.169,8.74e-05,0.198,0.913,119.008,262623,71,alt-rock
0.662,0.905,-5.036,0.0383,0.0529,0.0521,0.202,0.857,117.997,303903,70,alt-rock
0.743,0.835,-4.655,0.029,0.25,0.0,0.0912,0.955,120.019,179000,71,alt-rock
0.697,0.395,-13.58,0.0281,0.428,0.653,0.173,0.876,113.589,151893,75,alt-rock
0.636,0.836,-3.004,0.0427,0.00609,0.000157,0.0828,0.715,139.956,193253,65,alt-rock
0.59,0.578,-5.798,0.0528,0.612,0.000162,0.0837,0.264,81.663,219560,64,alt-rock
0.618,0.449,-10.565,0.0435,0.383,0.0182,0.116,0.699,75.046,216586,69,alt-rock
0.589,0.89,-3.719,0.0603,0.000481,0.00082,0.201,0.692,90.598,199906,80,alt-rock
0.354,0.581,-6.074,0.0302,0.201,0.661,0.177,0.338,171.961,258586,53,alt-rock
0.631,0.643,-5.656,0.053,0.0658,0.0,0.0937,0.528,130.099,193846,62,alt-rock
0.522,0.957,-4.924,0.0687,0.0515,0.0014,0.144,0.917,170.91,178617,72,alt-rock
0.714,0.51,-8.216,0.0453,0.76,0.133,0.253,0.832,142.009,260148,69,alt-rock
0.521,0.835,-3.717,0.0728,0.0259,0.00011,0.091,0.482,160.031,156666,65,alt-rock
0.466,0.833,-4.215,0.304,0.0266,0.0,0.0327,0.661,88.785,313573,80,alt-rock
0.413,0.881,-5.541,0.0367,5.99e-05,0.000308,0.0805,0.364,158.066,250546,84,alt-rock
0.494,0.632,-6.89,0.0342,0.682,0.0,0.0869,0.0797,147.873,274693,75,alt-rock
0.514,0.703,-6.859,0.0298,0.0107,7.62e-05,0.13,0.356,157.399,230525,70,alt-rock
0.483,0.941,-3.598,0.0575,0.000526,3.5e-06,0.31,0.503,156.033,232066,69,alt-rock
0.56,0.936,-5.835,0.0439,0.00832,0.0,0.161,0.371,112.96,218013,0,alt-rock
0.64,0.791,-5.342,0.0647,0.000627,0.0636,0.0802,0.311,129.997,221576,44,alt-rock
0.713,0.55,-5.982,0.065,0.613,1.12e-06,0.0887,0.13,138.07,208773,2,alt-rock
0.459,0.427,-7.733,0.0267,0.112,0.0,0.168,0.357,139.898,195493,1,alt-rock
0.535,0.508,-5.996,0.0318,0.233,0.0,0.0993,0.236,134.577,245173,1,alt-rock
0.535,0.508,-5.996,0.0318,0.233,0.0,0.0993,0.236,134.577,245173,0,alt-rock
0.535,0.508,-5.996,0.0318,0.233,0.0,0.0993,0.236,134.577,245173,0,alt-rock
0.713,0.55,-5.982,0.065,0.613,1.12e-06,0.0887,0.13,138.07,208773,0,alt-rock
0.559,0.487,-9.349,0.0266,0.0333,0.0826,0.129,0.145,149.959,256133,0,alt-rock
0.29,0.936,-3.876,0.211,0.000481,0.0275,0.0573,0.432,167.818,210600,0,alt-rock
0.535,0.508,-5.996,0.0318,0.233,0.0,0.0993,0.236,134.577,245173,0,alt-rock
0.596,0.602,-4.876,0.0413,0.0352,0.0,0.0821,0.611,117.014,196346,0,alt-rock
0.726,0.484,-6.708,0.0477,0.274,2.42e-06,0.0874,0.561,62.492,214280,0,alt-rock
0.508,0.558,-6.605,0.0238,0.00351,4.18e-05,0.0822,0.16,81.599,250293,0,alt-rock
0.676,0.892,-5.065,0.0348,0.326,9.46e-06,0.346,0.829,142.046,303878,52,alt-rock
0.633,0.551,-12.294,0.0427,0.00731,0.123,0.144,0.427,94.946,207533,52,alt-rock
0.432,0.706,-5.061,0.0426,0.00108,0.0,0.378,0.29,136.981,261293,0,alt-rock
0.678,0.637,-5.144,0.0866,0.559,0.0,0.0334,0.715,86.036,115867,0,alt-rock
0.524,0.902,-8.662,0.0368,0.000989,0.695,0.137,0.907,146.833,204621,0,alt-rock
0.588,0.723,-6.537,0.0298,0.0908,1.46e-05,0.047,0.329,124.98,205482,0,alt-rock
0.477,0.459,-10.214,0.0261,0.715,0.000742,0.228,0.326,105.541,217853,0,alt-rock
0.732,0.348,-17.078,0.0476,0.0484,0.185,0.197,0.963,126.142,184253,0,alt-rock
0.733,0.282,-17.764,0.0381,0.0487,0.0139,0.0834,0.92,132.04,201146,0,alt-rock
0.638,0.762,-4.053,0.0976,0.0583,0.0,0.0523,0.736,170.108,181764,0,alt-rock
0.666,0.795,-3.762,0.0302,0.0753,0.0,0.365,0.735,94.968,210680,0,alt-rock
0.659,0.433,-9.426,0.19,0.368,0.000312,0.13,0.572,80.115,283760,0,alt-rock
0.775,0.507,-9.289,0.165,0.0015,3.34e-06,0.0677,0.752,92.229,211626,0,alt-rock
0.713,0.886,-7.75,0.0411,0.0012,7.68e-06,0.0496,0.9,97.983,239533,0,alt-rock
0.616,0.702,-8.467,0.0618,0.00321,0.0,0.391,0.41,78.728,135973,0,alt-rock
0.534,0.582,-7.912,0.0401,0.047,0.0328,0.0883,0.346,84.183,203666,68,alt-rock
0.687,0.617,-5.213,0.0287,0.0941,1.27e-05,0.0898,0.665,121.079,252306,80,alt-rock
0.458,0.795,-3.265,0.0574,0.00316,0.000202,0.0756,0.513,123.229,255373,80,alt-rock
0.459,0.427,-7.734,0.0267,0.114,0.0,0.168,0.354,139.902,195493,76,alt-rock
0.595,0.717,-4.803,0.0295,0.0779,0.00274,0.108,0.547,88.969,215906,79,alt-rock
0.446,0.764,-5.042,0.033,0.00135,0.0,0.099,0.543,172.094,223840,80,alt-rock
0.36,0.501,-9.129,0.0258,0.0638,9.32e-05,0.172,0.324,74.807,264066,76,alt-rock
0.518,0.797,-5.153,0.0309,0.000681,0.0,0.107,0.293,132.918,238173,73,alt-rock
0.7,0.742,-6.777,0.0716,0.0722,0.0199,0.11,0.197,91.959,302000,74,alt-rock
0.678,0.656,-6.41,0.0381,0.00174,0.0,0.0631,0.485,123.207,257053,73,alt-rock
0.483,0.77,-4.829,0.0512,0.007,0.0,0.182,0.386,132.992,235960,67,alt-rock
0.685,0.656,-6.013,0.0383,0.437,0.0,0.347,0.392,128.003,229986,67,alt-rock
0.487,0.625,-5.112,0.0401,0.374,0.0,0.226,0.351,170.397,176093,69,alt-rock
0.643,0.882,-5.431,0.0808,0.363,5.53e-05,0.28,0.941,159.996,165457,70,alt-rock
0.639,0.776,-4.61,0.0829,0.0731,1.97e-06,0.18,0.267,160.101,145801,66,alt-rock
0.432,0.524,-8.721,0.0321,0.0289,0.0,0.682,0.183,135.956,503240,67,alt-rock
0.509,0.778,-3.608,0.0295,0.00998,0.0,0.19,0.216,105.066,285160,63,alt-rock
0.545,0.472,-7.552,0.0279,0.434,0.0,0.0684,0.193,134.027,335906,65,alt-rock
0.498,0.628,-5.709,0.0317,0.00686,0.0,0.362,0.218,138.099,183853,62,alt-rock
0.417,0.959,-5.853,0.154,0.0741,0.000243,0.764,0.522,82.771,193933,51,alt-rock
0.452,0.818,-4.59,0.0427,0.0411,0.0,0.125,0.373,167.087,181812,58,alt-rock
0.492,0.794,-5.823,0.046,0.196,2.62e-06,0.873,0.683,167.815,200826,51,alt-rock
0.378,0.916,-7.516,0.0921,0.024,0.000381,0.988,0.622,93.065,189413,51,alt-rock
0.703,0.589,-6.106,0.0249,0.138,2.4e-05,0.145,0.931,100.022,266143,50,alt-rock
0.524,0.636,-5.884,0.0302,0.163,0.0,0.11,0.247,138.074,244013,50,alt-rock
0.616,0.387,-11.813,0.0314,0.227,0.514,0.116,0.435,120.03,249478,1,alt-rock
0.516,0.85,-3.91,0.0706,0.00139,0.0,0.295,0.583,120.326,195717,0,alt-rock
0.531,0.906,-4.791,0.0352,0.0286,4.66e-05,0.101,0.347,125.08,231719,0,alt-rock
0.487,0.889,-7.998,0.073,0.101,0.0274,0.157,0.265,87.138,239360,0,alt-rock
0.531,0.906,-4.791,0.0352,0.0286,4.66e-05,0.101,0.347,125.08,231719,0,alt-rock
0.529,0.846,-5.513,0.0483,0.244,0.0,0.205,0.69,93.979,168853,0,alt-rock
0.598,0.95,-3.358,0.0848,0.00167,0.000388,0.154,0.577,105.267,215000,1,alt-rock
0.359,0.573,-6.054,0.0326,0.665,0.000178,0.136,0.562,73.368,217200,0,alt-rock
0.424,0.843,-6.197,0.0394,0.00101,0.00896,0.366,0.115,90.247,230826,0,alt-rock
0.494,0.738,-8.347,0.0345,0.00394,3.05e-06,0.544,0.735,132.496,283000,0,alt-rock
0.63,0.715,-6.385,0.0271,0.0265,0.0,0.245,0.765,134.986,214213,51,alt-rock
0.358,0.899,-7.069,0.134,0.0112,0.122,0.195,0.27,174.298,293933,0,alt-rock
0.323,0.891,-7.018,0.119,0.00126,0.0187,0.243,0.235,97.373,465933,0,alt-rock
0.337,0.643,-7.122,0.041,0.467,1.86e-06,0.0857,0.167,175.875,234973,0,alt-rock
0.694,0.853,-4.207,0.107,0.0367,9.89e-05,0.352,0.74,93.08,193106,0,alt-rock
0.359,0.573,-6.054,0.0326,0.665,0.000178,0.136,0.562,73.368,217200,1,alt-rock
0.359,0.573,-6.054,0.0326,0.665,0.000178,0.136,0.562,73.368,217200,0,alt-rock
0.359,0.573,-6.054,0.0326,0.665,0.000178,0.136,0.562,73.368,217200,0,alt-rock
0.421,0.871,-9.193,0.0351,0.00608,0.411,0.19,0.384,102.383,395093,1,alt-rock
0.446,0.814,-3.421,0.0306,0.000682,0.000814,0.101,0.554,138.112,218120,0,alt-rock
0.359,0.573,-6.054,0.0326,0.665,0.000178,0.136,0.562,73.368,217200,1,alt-rock
0.259,0.654,-3.858,0.0331,0.025,0.0,0.219,0.452,181.893,243160,0,alt-rock
0.512,0.607,-5.289,0.0304,0.205,0.0,0.29,0.668,63.25,203146,0,alt-rock
0.446,0.814,-3.421,0.0306,0.000682,0.000814,0.101,0.554,138.112,218120,0,alt-rock
0.259,0.654,-3.858,0.0331,0.025,0.0,0.219,0.452,181.893,243160,0,alt-rock
0.871,0.701,-5.594,0.0458,0.257,7.52e-06,0.0589,0.716,126.975,198440,79,alt-rock
0.603,0.551,-6.259,0.0304,0.0696,0.0976,0.192,0.439,75.001,224938,70,alt-rock
0.534,0.941,-2.561,0.077,0.00204,0.00615,0.102,0.573,95.008,224213,65,alt-rock
0.468,0.961,-4.082,0.114,0.00364,0.0,0.226,0.31,94.926,192400,64,alt-rock
0.7,0.82,-5.499,0.0329,0.238,0.318,0.658,0.667,109.998,167960,70,alt-rock
0.568,0.569,-6.013,0.0329,0.0004,0.102,0.342,0.266,72.991,193080,71,alt-rock
0.662,0.681,-8.152,0.0315,0.0321,0.139,0.508,0.864,98.004,186306,71,alt-rock
0.451,0.931,-3.871,0.0719,0.00076,0.0049,0.361,0.172,122.961,302840,78,alt-rock
0.666,0.728,-5.808,0.0419,0.00175,4.26e-06,0.0429,0.51,122.996,204878,70,alt-rock
0.49,0.753,-5.411,0.238,0.081,2.85e-06,0.268,0.325,156.241,217625,66,alt-rock
0.613,0.953,-3.435,0.0855,0.00148,0.000582,0.152,0.537,105.046,213800,76,alt-rock
0.568,0.871,-3.453,0.0308,0.0553,0.51,0.303,0.374,119.99,246493,70,alt-rock
0.419,0.383,-11.782,0.0256,0.0724,0.0176,0.0896,0.35,87.568,257480,75,alt-rock
0.544,0.241,-14.779,0.03,0.983,0.774,0.101,0.359,109.437,204773,72,alt-rock
0.53,0.727,-5.179,0.0441,0.0387,0.0,0.212,0.385,76.943,215706,60,alt-rock
0.564,0.613,-5.055,0.0318,0.111,3.22e-06,0.0825,0.48,84.951,166693,60,alt-rock
0.468,0.655,-6.384,0.0296,0.0149,0.0,0.104,0.222,144.045,206440,64,alt-rock
0.449,0.745,-5.045,0.0327,0.00342,0.0,0.295,0.465,83.918,214613,60,alt-rock
0.546,0.619,-6.09,0.042,0.0122,0.0,0.0585,0.625,159.982,197680,61,alt-rock
0.561,0.717,-5.72,0.0381,0.458,0.0,0.138,0.455,79.993,206400,67,alt-rock
0.531,0.887,-4.417,0.0329,0.00261,0.000512,0.0657,0.626,104.055,231665,67,alt-rock
0.433,0.959,-4.04,0.0431,0.000917,0.0,0.028,0.365,172.984,269373,79,alt-rock
0.611,0.7,-7.966,0.0302,0.00181,0.00248,0.291,0.707,145.943,261373,49,alt-rock
0.318,0.573,-5.653,0.0324,0.107,0.0,0.0854,0.0765,156.054,305426,64,alt-rock
0.589,0.842,-5.309,0.0378,0.000373,0.0172,0.259,0.273,104.024,182079,50,alt-rock
0.824,0.554,-7.624,0.0585,0.176,0.0,0.14,0.794,96.034,249426,0,alt-rock
0.567,0.494,-11.309,0.046,0.245,0.00132,0.712,0.547,175.448,256720,50,alt-rock
0.383,0.745,-5.733,0.0443,0.0109,0.0,0.0872,0.675,89.743,236120,50,alt-rock
0.202,0.742,-5.29,0.124,0.00169,0.000483,0.128,0.155,194.876,196135,5,alt-rock
0.359,0.927,-4.906,0.0676,2.68e-05,0.00843,0.0947,0.316,154.071,236866,0,alt-rock
0.331,0.722,-8.461,0.0408,0.00204,5.5e-05,0.256,0.349,125.619,180066,0,alt-rock
0.857,0.735,-5.223,0.0611,0.145,0.00357,0.0546,0.649,105.007,201000,0,alt-rock
0.706,0.474,-8.55,0.0598,0.242,0.0,0.0789,0.545,99.776,165186,0,alt-rock
0.236,0.94,-3.929,0.152,2.15e-05,0.124,0.154,0.223,151.296,177186,0,alt-rock
0.331,0.968,-2.496,0.109,0.00835,0.0,0.357,0.694,203.997,211933,0,alt-rock
0.639,0.609,-7.727,0.0316,0.0715,0.000121,0.101,0.378,108.493,263586,0,alt-rock
0.423,0.493,-9.569,0.0374,0.1,5.95e-06,0.0797,0.522,167.708,264586,0,alt-rock
0.757,0.888,-5.636,0.156,0.132,0.0,0.139,0.543,150.079,229280,50,alt-rock
0.686,0.664,-7.766,0.0484,0.176,0.0,0.122,0.778,173.937,213040,0,alt-rock
0.742,0.613,-7.3,0.027,0.329,0.000899,0.115,0.966,136.009,307306,3,alt-rock
0.639,0.671,-4.563,0.0375,0.105,0.0,0.242,0.73,92.012,263933,2,alt-rock
0.519,0.902,-4.693,0.0321,0.00289,0.000323,0.257,0.122,128.912,308666,0,alt-rock
0.422,0.28,-10.487,0.0375,0.785,0.0,0.116,0.343,165.402,203493,0,alt-rock
0.758,0.913,-4.182,0.0421,0.0794,0.00106,0.289,0.968,152.629,205386,0,alt-rock
0.617,0.738,-5.103,0.029,0.0137,4.52e-05,0.154,0.342,123.993,281533,0,alt-rock
0.615,0.549,-12.159,0.0481,0.536,8.43e-06,0.0536,0.391,75.054,195400,0,alt-rock
0.613,0.655,-9.229,0.0288,0.0206,1.16e-06,0.224,0.557,138.854,194693,0,alt-rock
0.626,0.515,-5.26,0.0255,0.15,1.48e-06,0.218,0.478,110.999,217200,0,alt-rock
0.364,0.549,-7.18,0.0328,0.425,3.81e-06,0.961,0.208,73.397,295160,0,alt-rock
0.407,0.771,-6.991,0.0558,0.128,0.0,0.127,0.429,132.006,336360,0,alt-rock
0.353,0.686,-5.704,0.0534,0.00216,0.0,0.123,0.177,94.47,205280,69,alt-rock
0.617,0.574,-9.768,0.0276,0.23,0.0105,0.0983,0.396,91.769,208453,68,alt-rock
0.634,0.6,-6.662,0.0265,0.00203,0.00569,0.0796,0.64,90.017,230000,66,alt-rock
0.666,0.909,-5.029,0.039,0.0438,0.108,0.219,0.846,118.007,303903,71,alt-rock
0.572,0.955,-2.617,0.0626,0.0141,0.0,0.315,0.717,129.981,212310,62,alt-rock
0.589,0.614,-7.528,0.0426,0.0213,0.165,0.31,0.318,119.837,245000,70,alt-rock
0.447,0.891,-4.776,0.0788,0.00447,0.000905,0.39,0.517,143.976,90960,59,alt-rock
0.684,0.856,-2.676,0.0411,0.342,0.00728,0.109,0.343,117.027,139906,71,alt-rock
0.276,0.658,-5.418,0.0329,0.0836,0.000553,0.161,0.16,172.326,259133,60,alt-rock
0.372,0.6,-6.027,0.0351,0.00643,3.37e-05,0.139,0.0753,188.96,194826,59,alt-rock
0.654,0.81,-6.26,0.0288,0.00719,0.00251,0.165,0.661,114.623,200306,78,alt-rock
0.545,0.865,-5.708,0.0286,0.00664,1.1e-05,0.168,0.543,99.009,233933,80,alt-rock
0.267,0.67,-4.688,0.0807,0.0232,0.0,0.312,0.114,191.883,190986,61,alt-rock
0.434,0.939,-2.983,0.0593,0.0425,0.0,0.491,0.569,159.932,209493,69,alt-rock
0.521,0.885,-4.934,0.125,0.00327,0.00904,0.324,0.344,115.985,203080,71,alt-rock
0.638,0.766,-4.12,0.0368,0.0621,0.0,0.273,0.588,129.987,206400,59,alt-rock
0.627,0.852,-3.545,0.172,0.0212,0.0,0.138,0.412,139.934,130500,61,alt-rock
0.467,0.324,-10.451,0.0255,0.615,0.0248,0.118,0.166,94.301,320266,75,alt-rock
0.577,0.789,-4.661,0.0427,0.00532,0.0105,0.214,0.149,97.52,222706,66,alt-rock
0.463,0.229,-12.592,0.0297,0.167,0.0997,0.202,0.135,73.543,290706,72,alt-rock
0.651,0.933,-3.978,0.0457,0.0203,0.0,0.306,0.798,134.048,185466,61,alt-rock
0.53,0.803,-5.031,0.0386,0.0545,0.0,0.316,0.565,80.992,206060,64,alt-rock
0.457,0.451,-6.997,0.029,0.517,0.0,0.0928,0.185,74.923,205666,64,alt-rock
0.501,0.587,-5.587,0.0282,0.218,0.0,0.0886,0.279,82.017,202478,56,alt-rock
0.429,0.587,-4.588,0.0275,0.315,0.0,0.108,0.164,145.003,293398,66,alt-rock
0.474,0.983,-5.498,0.0598,0.0182,0.000128,0.691,0.725,92.68,184093,48,alt-rock
0.586,0.487,-9.29,0.0341,0.769,0.0001,0.181,0.693,123.897,176960,49,alt-rock
0.345,0.976,-4.74,0.0487,0.000587,0.0507,0.487,0.818,181.121,151666,48,alt-rock
0.563,0.562,-8.621,0.0268,0.139,0.0,0.145,0.314,149.984,211706,49,alt-rock
0.616,0.838,-5.274,0.0423,0.0776,2.95e-05,0.365,0.926,139.602,261133,49,alt-rock
0.385,0.806,-8.967,0.0398,0.237,0.00566,0.933,0.693,106.628,306266,50,alt-rock
0.671,0.961,-2.564,0.0732,0.00558,1.31e-05,0.0306,0.922,104.054,181560,49,alt-rock
0.698,0.674,-5.769,0.0464,0.311,0.00194,0.359,0.739,125.016,234866,0,alt-rock
0.411,0.897,-9.229,0.0629,0.00312,0.00921,0.939,0.668,102.972,218280,49,alt-rock
0.776,0.425,-9.724,0.0335,0.27,0.0468,0.111,0.427,133.489,226133,0,alt-rock
0.555,0.897,-6.147,0.0645,0.00377,0.0116,0.392,0.473,97.851,257398,0,alt-rock
0.192,0.894,-7.136,0.0421,3.42e-06,0.0028,0.025,0.67,194.458,134173,50,alt-rock
0.634,0.689,-5.406,0.0307,0.0109,0.0,0.114,0.899,140.071,146520,0,alt-rock
0.466,0.832,-5.235,0.047,0.0277,0.627,0.156,0.509,132.054,211240,49,alt-rock
0.768,0.748,-6.149,0.0304,0.0231,0.00239,0.341,0.868,129.001,236426,0,alt-rock
0.634,0.689,-5.406,0.0307,0.0109,0.0,0.114,0.899,140.071,146520,0,alt-rock
0.634,0.689,-5.406,0.0307,0.0109,0.0,0.114,0.899,140.071,146520,0,alt-rock
0.491,0.942,-5.333,0.109,0.156,0.0,0.367,0.398,100.441,191506,0,alt-rock
0.787,0.534,-7.779,0.0582,0.114,5.34e-06,0.114,0.897,152.131,256026,0,alt-rock
0.421,0.95,-3.985,0.0769,1.21e-05,0.000217,0.314,0.553,80.919,205026,0,alt-rock
0.744,0.666,-7.213,0.0507,0.00147,0.0,0.162,0.806,143.645,341026,0,alt-rock
0.634,0.689,-5.406,0.0307,0.0109,0.0,0.114,0.899,140.071,146520,0,alt-rock
0.688,0.682,-6.345,0.0709,0.101,0.0,0.297,0.506,131.848,254275,50,alt-rock
0.508,0.688,-5.879,0.0319,0.33,1.29e-05,0.896,0.334,76.122,305813,0,alt-rock
0.433,0.827,-5.992,0.0312,0.00932,0.492,0.737,0.549,150.942,273533,0,alt-rock
0.595,0.896,-2.951,0.047,0.0641,5.82e-05,0.0748,0.567,118.001,204811,70,alt-rock
0.68,0.598,-6.147,0.027,0.61,0.0,0.106,0.62,120.09,198786,48,alt-rock
0.595,0.636,-5.981,0.0312,9.45e-05,0.0529,0.196,0.147,112.008,222666,69,alt-rock
0.466,0.763,-4.448,0.0318,0.000501,0.0,0.0973,0.293,154.914,244693,71,alt-rock
0.538,0.679,-4.297,0.0333,0.191,0.00175,0.0889,0.0888,121.99,222093,71,alt-rock
0.214,0.931,-3.347,0.143,0.000705,3.09e-06,0.0797,0.233,162.115,348386,65,alt-rock
0.509,0.715,-6.328,0.0419,0.0303,4.31e-06,0.468,0.277,159.872,196616,53,alt-rock
0.504,0.918,-3.463,0.0517,0.00164,2.12e-05,0.78,0.539,92.031,294826,68,alt-rock
0.617,0.922,-3.474,0.0744,0.000247,0.388,0.363,0.6,132.059,212346,73,alt-rock
0.35,0.828,-5.373,0.041,0.000217,0.000161,0.0774,0.147,105.435,318586,77,alt-rock
0.409,0.932,-4.538,0.0339,1.87e-05,1.6e-06,0.31,0.591,131.761,166640,74,alt-rock
0.524,0.805,-4.08,0.065,0.062,0.0,0.209,0.354,152.044,230586,61,alt-rock
0.55,0.917,-3.159,0.0638,0.00428,0.0,0.197,0.601,126.115,177826,81,alt-rock
0.519,0.834,-5.369,0.0339,0.00965,0.0,0.162,0.465,77.028,212226,47,alt-rock
0.544,0.596,-10.325,0.059,0.226,1.17e-05,0.989,0.794,80.96,282333,48,alt-rock
0.459,0.561,-7.091,0.0271,0.0839,0.0,0.0998,0.306,144.783,256933,65,alt-rock
0.729,0.711,-8.04,0.119,0.248,0.0,0.198,0.808,159.019,209084,48,alt-rock
0.567,0.815,-4.668,0.0286,0.000277,0.104,0.0867,0.378,97.937,200000,1,alt-rock
0.268,0.863,-6.09,0.0478,0.00197,0.0271,0.129,0.447,205.911,241306,48,alt-rock
0.513,0.89,-5.253,0.0728,0.0319,0.00108,0.687,0.73,122.698,190960,48,alt-rock
0.589,0.677,-8.452,0.0242,0.00242,0.000222,0.241,0.702,134.962,239360,48,alt-rock
0.624,0.73,-8.811,0.0322,0.419,4.25e-05,0.2,0.761,122.053,184840,48,alt-rock
0.589,0.967,-6.05,0.0751,0.0163,5.83e-06,0.84,0.44,114.154,262533,48,alt-rock
0.606,0.957,-3.951,0.0562,0.335,0.0104,0.0934,0.683,113.867,224693,48,alt-rock
0.483,0.896,-5.206,0.0887,0.186,0.00019,0.965,0.392,128.21,207197,48,alt-rock
0.694,0.706,-6.151,0.0516,0.173,0.0,0.0829,0.537,96.759,329640,48,alt-rock
0.463,0.677,-10.254,0.0872,0.593,9.24e-06,0.302,0.754,89.581,160533,49,alt-rock
0.688,0.601,-9.324,0.0442,0.0905,0.000513,0.952,0.643,81.128,188853,48,alt-rock
0.508,0.608,-8.915,0.034,0.197,0.00297,0.103,0.312,160.212,241400,48,alt-rock
0.542,0.812,-5.374,0.0285,0.0292,0.00859,0.426,0.455,138.965,241946,48,alt-rock
0.487,0.943,-7.665,0.0626,0.000549,0.104,0.324,0.457,144.944,256333,48,alt-rock
0.634,0.939,-2.638,0.0428,0.0847,0.0,0.0776,0.638,124.974,224200,48,alt-rock
0.622,0.65,-4.996,0.0456,0.114,0.0,0.317,0.638,148.004,378386,48,alt-rock
0.527,0.675,-5.004,0.0395,0.553,0.0,0.316,0.594,107.409,125066,0,alt-rock
0.479,0.802,-9.03,0.0512,0.0117,0.0,0.333,0.625,148.658,141586,0,alt-rock
0.642,0.797,-7.173,0.0286,0.0899,1.38e-05,0.732,0.563,110.055,211706,48,alt-rock
0.622,0.72,-6.578,0.0255,0.0525,0.0,0.109,0.948,133.922,160346,0,alt-rock
0.507,0.9,-5.513,0.0635,0.226,0.0,0.377,0.536,94.466,217666,0,alt-rock
0.586,0.846,-3.423,0.0433,0.0688,0.0,0.067,0.714,134.98,264293,0,alt-rock
0.605,0.79,-5.675,0.0348,0.0229,0.0,0.0955,0.644,141.819,215626,48,alt-rock
0.514,0.886,-5.67,0.033,0.143,2.09e-06,0.0958,0.831,138.635,236960,0,alt-rock
0.581,0.92,-5.535,0.0321,0.0659,7.4e-06,0.0964,0.822,102.033,159520,0,alt-rock
0.556,0.901,-7.289,0.0311,0.261,0.000267,0.105,0.932,129.888,178346,0,alt-rock
0.313,0.663,-7.716,0.0302,0.0392,0.0,0.171,0.398,162.577,261600,0,alt-rock
0.622,0.72,-6.578,0.0255,0.0525,0.0,0.109,0.948,133.922,160346,0,alt-rock
0.489,0.96,-5.424,0.0386,0.0913,0.000732,0.146,0.894,133.21,209053,0,alt-rock
0.537,0.688,-5.879,0.0308,0.33,1.22e-05,0.896,0.337,76.155,305813,48,alt-rock
0.87,0.53,-9.654,0.0694,0.0315,0.000123,0.0395,0.751,107.882,313733,0,alt-rock
0.555,0.622,-12.245,0.031,0.00208,0.162,0.147,0.734,156.415,354746,0,alt-rock
0.364,0.783,-5.323,0.049,0.00593,0.00456,0.128,0.507,155.016,200053,48,alt-rock
0.21,0.499,-9.754,0.0485,0.0687,0.00315,0.773,0.108,74.094,390493,71,alt-rock
0.763,0.803,-3.713,0.0351,0.0709,0.285,0.348,0.561,103.04,229640,77,alt-rock
0.472,0.745,-5.297,0.0356,0.000607,2.74e-05,0.0957,0.0631,180.06,252925,69,alt-rock
0.667,0.824,-5.867,0.0665,0.177,0.0152,0.0933,0.518,114.998,207851,64,alt-rock
0.736,0.811,-4.17,0.081,0.00132,0.000142,0.107,0.609,103.502,216733,73,alt-rock
0.777,0.721,-6.951,0.071,0.476,0.0512,0.27,0.88,106.956,132746,67,alt-rock
0.376,0.473,-5.636,0.0325,0.00527,0.00162,0.123,0.0398,148.835,314662,65,alt-rock
0.524,0.882,-3.038,0.0367,0.108,1.1e-06,0.071,0.399,119.94,204546,65,alt-rock
0.592,0.474,-8.288,0.0262,0.557,0.0,0.148,0.317,130.0,281826,42,alt-rock
0.476,0.736,-5.38,0.0343,0.0217,1.08e-06,0.203,0.251,129.084,261853,73,alt-rock
0.293,0.276,-11.357,0.0349,0.224,0.122,0.167,0.195,121.603,267186,73,alt-rock
0.643,0.849,-5.428,0.0526,0.0371,0.0,0.058,0.903,162.152,165853,81,alt-rock
0.531,0.61,-8.025,0.0387,0.772,0.756,0.0908,0.199,152.958,318186,71,alt-rock
0.534,0.721,-7.307,0.0417,0.0343,6.24e-06,0.115,0.225,128.978,249520,71,alt-rock
0.643,0.349,-10.85,0.0406,0.0329,0.0,0.0669,0.798,171.993,211070,36,alt-rock
0.556,0.913,-2.36,0.0437,0.0193,8.59e-06,0.346,0.73,96.184,282160,78,alt-rock
0.534,0.942,-4.15,0.0677,0.0121,0.0,0.141,0.629,95.126,199008,65,alt-rock
0.457,0.669,-5.792,0.0288,0.0296,0.0,0.142,0.312,93.987,222435,63,alt-rock
0.423,0.845,-3.509,0.0559,0.143,5.07e-06,0.213,0.317,116.602,278973,72,alt-rock
0.674,0.789,-6.903,0.0676,0.00178,0.00708,0.0753,0.918,129.802,121160,78,alt-rock
0.496,0.981,-3.268,0.108,9.33e-06,0.0,0.0958,0.163,109.905,259959,67,alt-rock
0.512,0.814,-5.467,0.0327,0.00419,0.0,0.0991,0.277,97.996,279786,65,alt-rock
0.557,0.873,-6.674,0.0449,0.00822,0.00453,0.0648,0.868,162.842,255000,47,alt-rock
0.675,0.375,-8.985,0.0452,0.542,2.5e-06,0.0951,0.187,134.023,205738,2,alt-rock
0.511,0.981,-5.329,0.0579,0.0301,0.0612,0.747,0.896,172.968,128106,48,alt-rock
0.599,0.563,-7.317,0.0407,0.526,0.0623,0.053,0.302,150.009,259200,47,alt-rock
0.675,0.375,-8.985,0.0452,0.542,2.5e-06,0.0951,0.187,134.023,205738,2,alt-rock
0.576,0.858,-6.372,0.0695,0.000757,0.00604,0.305,0.704,111.96,219333,47,alt-rock
0.215,0.945,-7.201,0.0798,0.000639,0.453,0.204,0.603,179.079,203093,48,alt-rock
0.581,0.67,-5.952,0.0268,0.264,0.0,0.11,0.618,103.971,194597,47,alt-rock
0.557,0.898,-5.109,0.25,0.551,0.0,0.81,0.827,109.246,240200,47,alt-rock
0.57,0.885,-3.09,0.0387,0.0641,0.0,0.0712,0.857,149.878,191946,48,alt-rock
0.418,0.987,-3.331,0.209,0.0585,0.000144,0.0855,0.25,155.05,203547,0,alt-rock
0.724,0.646,-4.495,0.0658,0.0977,0.179,0.0647,0.824,143.674,290200,47,alt-rock
0.592,0.882,-4.378,0.0283,0.0175,0.00037,0.24,0.535,119.959,325240,47,alt-rock
0.694,0.907,-5.222,0.0436,0.0164,0.3,0.181,0.783,116.998,258292,47,alt-rock
0.479,0.802,-9.03,0.0512,0.0117,0.0,0.333,0.625,148.658,141586,0,alt-rock
0.572,0.73,-4.381,0.0257,0.0286,0.000623,0.198,0.3,136.948,213133,47,alt-rock
0.414,0.938,-4.592,0.0684,0.0602,1.18e-06,0.11,0.643,99.014,238346,47,alt-rock
0.533,0.87,-5.996,0.0679,0.109,0.0,0.951,0.588,152.254,204583,47,alt-rock
0.433,0.914,-3.894,0.0589,0.00394,0.000104,0.0896,0.158,144.007,385012,0,alt-rock
0.465,0.932,-4.332,0.0819,0.00229,0.0,0.177,0.493,139.854,129160,0,alt-rock
0.615,0.907,-9.234,0.042,0.0194,5.59e-05,0.279,0.8,168.459,158933,47,alt-rock
0.478,0.854,-5.454,0.0289,0.02,1.12e-06,0.115,0.274,91.856,274160,0,alt-rock
0.551,0.908,-5.619,0.0926,0.0167,0.0,0.345,0.77,153.99,235146,48,alt-rock
0.598,0.705,-6.621,0.0461,0.0923,0.0,0.254,0.943,149.999,130386,0,alt-rock
0.667,0.997,-5.832,0.0457,0.0745,0.744,0.241,0.693,117.999,601240,0,alt-rock
0.517,0.94,-3.888,0.0648,0.216,9.62e-05,0.157,0.637,128.059,271571,47,alt-rock
0.577,0.936,-3.789,0.0369,0.0242,0.00108,0.284,0.925,145.011,202253,47,alt-rock
0.504,0.969,-5.439,0.11,0.000395,0.154,0.96,0.389,131.367,181333,47,alt-rock
0.616,0.91,-3.004,0.0386,0.0459,0.0,0.343,0.693,144.072,252040,70,alt-rock
0.573,0.754,-4.788,0.0329,0.0248,0.00019,0.104,0.241,132.964,231586,58,alt-rock
0.486,0.623,-8.264,0.0358,0.734,0.536,0.0509,0.525,86.007,370200,62,alt-rock
0.614,0.938,-4.461,0.0611,0.000532,0.0,0.368,0.607,100.058,224673,67,alt-rock
0.648,0.936,-4.745,0.0762,0.085,6.93e-06,0.482,0.566,120.708,248879,63,alt-rock
0.413,0.636,-5.651,0.0407,0.0186,0.0,0.106,0.203,176.048,211600,66,alt-rock
0.277,0.663,-8.821,0.0377,0.000409,0.00051,0.136,0.527,104.561,237026,79,alt-rock
0.36,0.684,-6.457,0.0308,0.323,0.0,0.34,0.2,77.15,342653,74,alt-rock
0.284,0.875,-6.069,0.0422,0.00752,0.000461,0.402,0.595,75.009,340907,76,alt-rock
0.54,0.78,-5.872,0.0418,0.0263,7.12e-06,0.35,0.514,144.011,188333,61,alt-rock
0.292,0.535,-6.892,0.0393,0.0355,0.0,0.0977,0.316,143.949,327000,55,alt-rock
0.61,0.891,-5.452,0.0587,0.000805,0.0928,0.0657,0.51,139.903,246733,74,alt-rock
0.652,0.57,-9.013,0.0259,0.638,0.00815,0.154,0.78,92.978,312280,47,alt-rock
0.507,0.28,-10.284,0.0282,0.775,0.000264,0.122,0.233,139.791,318120,58,alt-rock
0.581,0.857,-5.89,0.127,0.374,0.0462,0.96,0.697,140.885,306961,48,alt-rock
0.394,0.834,-6.658,0.0632,0.142,0.00107,0.919,0.834,147.975,317160,47,alt-rock
0.687,0.926,-7.313,0.0548,0.0486,0.00174,0.162,0.58,115.753,282840,47,alt-rock
0.595,0.907,-6.206,0.0387,0.0138,0.0,0.13,0.427,97.469,279013,47,alt-rock
0.454,0.593,-9.665,0.0252,0.0385,0.000552,0.125,0.41,93.052,275620,48,alt-rock
0.754,0.978,-5.989,0.0664,0.000321,0.453,0.348,0.89,116.169,470215,0,alt-rock
0.276,0.937,-6.952,0.163,0.000531,0.123,0.227,0.306,153.814,296626,0,alt-rock
0.543,0.736,-8.435,0.0382,0.128,0.0,0.837,0.605,171.897,204133,47,alt-rock
0.478,0.854,-5.454,0.0289,0.02,1.12e-06,0.115,0.274,91.856,274160,0,alt-rock
0.532,0.511,-7.085,0.0363,0.674,2e-06,0.109,0.593,114.043,320946,47,alt-rock
0.683,0.643,-7.425,0.0312,0.000576,0.00118,0.0564,0.771,107.027,316520,0,alt-rock
0.233,0.948,-4.464,0.209,0.12,0.00261,0.984,0.444,146.753,226546,46,alt-rock
0.664,0.307,-10.14,0.0325,0.869,0.458,0.107,0.193,128.03,148186,0,alt-rock
0.326,0.716,-3.547,0.0306,0.00227,0.00171,0.123,0.648,143.148,214720,0,alt-rock
0.824,0.696,-6.716,0.0774,0.188,0.0,0.112,0.818,135.044,271733,47,alt-rock
0.636,0.937,-3.94,0.044,0.00117,0.000223,0.54,0.395,112.641,234466,1,alt-rock
0.218,0.932,-6.803,0.098,0.0155,0.0246,0.277,0.315,167.718,242720,0,alt-rock
0.339,0.624,-4.755,0.0313,0.421,1.36e-05,0.126,0.408,200.332,262040,47,alt-rock
0.276,0.937,-6.952,0.163,0.000531,0.123,0.227,0.306,153.814,296626,1,alt-rock
0.17,0.878,-3.934,0.0576,0.0215,1.76e-05,0.217,0.43,174.74,195133,47,alt-rock
0.393,0.893,-6.955,0.0605,0.00118,0.000278,0.135,0.756,156.326,170949,0,alt-rock
0.607,0.884,-4.059,0.0489,0.023,0.0,0.226,0.555,139.988,217120,0,alt-rock
0.579,0.865,-6.198,0.0996,0.146,0.000371,0.237,0.921,162.963,177466,0,alt-rock
0.659,0.961,-5.568,0.0829,0.000425,0.423,0.105,0.537,101.368,269693,0,alt-rock
0.683,0.643,-7.425,0.0312,0.000576,0.00118,0.0564,0.771,107.027,316520,0,alt-rock
0.579,0.865,-6.198,0.0996,0.146,0.000371,0.237,0.921,162.963,177466,0,alt-rock
0.645,0.985,-3.715,0.111,0.00113,0.0102,0.223,0.446,113.934,267573,0,alt-rock
0.393,0.893,-6.955,0.0605,0.00118,0.000278,0.135,0.756,156.326,170949,0,alt-rock
0.393,0.893,-6.955,0.0605,0.00118,0.000278,0.135,0.756,156.326,170949,0,alt-rock
0.922,0.839,-6.908,0.0502,0.0195,0.00049,0.0217,0.977,135.997,201720,0,alt-rock
0.696,0.715,-7.741,0.0314,0.34,0.0,0.18,0.959,130.021,117226,0,alt-rock
0.436,0.88,-8.547,0.0651,0.0154,0.0,0.205,0.683,112.012,174800,0,alt-rock
0.393,0.893,-6.955,0.0605,0.00118,0.000278,0.135,0.756,156.326,170949,0,alt-rock
0.659,0.961,-5.568,0.0829,0.000425,0.423,0.105,0.537,101.368,269693,0,alt-rock
0.636,0.937,-3.94,0.044,0.00117,0.000223,0.54,0.395,112.641,234466,0,alt-rock
0.645,0.985,-3.715,0.111,0.00113,0.0102,0.223,0.446,113.934,267573,0,alt-rock
0.557,0.845,-2.926,0.0346,0.0303,0.00851,0.354,0.508,123.997,259413,68,alt-rock
0.622,0.692,-6.97,0.0276,0.363,0.000158,0.193,0.774,112.053,195466,71,alt-rock
0.736,0.502,-7.465,0.0242,0.223,0.0105,0.0843,0.533,105.003,283840,59,alt-rock
0.609,0.726,-3.947,0.108,0.00252,0.0,0.0745,0.616,79.967,198640,59,alt-rock
0.516,0.342,-9.785,0.0342,0.832,0.579,0.0857,0.167,128.378,255386,69,alt-rock
0.573,0.59,-8.43,0.0557,0.667,0.000397,0.691,0.364,108.789,306066,69,alt-rock
0.477,0.859,-3.649,0.264,0.0932,0.0,0.71,0.504,125.044,248880,60,alt-rock
0.645,0.792,-7.34,0.036,0.0562,0.0121,0.119,0.666,90.565,232453,75,alt-rock
0.356,0.625,-3.455,0.0317,0.219,0.0,0.107,0.293,165.902,187293,56,alt-rock
0.624,0.91,-5.703,0.0297,0.0285,0.000198,0.0789,0.767,104.042,193506,74,alt-rock
0.52,0.709,-7.125,0.0352,0.247,1.78e-05,0.18,0.536,76.039,263560,77,alt-rock
0.557,0.8,-8.477,0.0601,0.00132,0.0012,0.0906,0.582,135.47,245373,75,alt-rock
0.497,0.97,-4.851,0.0836,9.04e-05,0.000674,0.101,0.689,138.081,197200,78,alt-rock
0.446,0.632,-12.197,0.034,0.0793,0.000266,0.0881,0.359,113.176,233173,72,alt-rock
0.559,0.679,-8.993,0.0349,5.71e-05,0.555,0.12,0.587,139.998,159428,46,alt-rock
0.264,0.8,-2.427,0.0537,0.0195,0.00744,0.406,0.465,155.558,279666,64,alt-rock
0.536,0.894,-5.687,0.0479,0.00596,0.0168,0.118,0.784,174.899,202888,68,alt-rock
0.548,0.64,-6.285,0.0306,0.21,0.000328,0.08,0.392,108.326,197520,65,alt-rock
0.596,0.638,-5.849,0.0557,0.00494,1.4e-05,0.138,0.269,144.871,169977,59,alt-rock
0.445,0.953,-2.463,0.0704,0.0106,0.0,0.281,0.475,172.063,225280,66,alt-rock
0.32,0.88,-6.035,0.0504,0.000101,4.31e-06,0.076,0.257,146.349,294600,71,alt-rock
0.553,0.853,-3.668,0.0339,0.000684,0.0,0.126,0.506,122.023,231400,74,alt-rock
0.634,0.704,-8.5,0.17,0.647,7.57e-06,0.975,0.505,114.751,376613,47,alt-rock
0.67,0.62,-7.247,0.0274,0.045,0.00126,0.11,0.876,108.243,269800,46,alt-rock
0.496,0.949,-8.056,0.0459,0.013,0.0231,0.807,0.441,164.655,326146,46,alt-rock
0.566,0.784,-7.609,0.0294,0.0875,0.00792,0.115,0.572,109.851,214053,47,alt-rock
0.762,0.805,-7.632,0.037,0.132,0.168,0.0566,0.345,128.181,236813,47,alt-rock
0.643,0.816,-8.535,0.0476,0.0357,7.28e-05,0.218,0.616,115.061,276066,46,alt-rock
0.649,0.835,-4.327,0.0307,0.107,0.0,0.221,0.525,120.068,213760,46,alt-rock
0.47,0.67,-8.99,0.0337,0.0472,0.00782,0.151,0.375,105.058,299933,46,alt-rock
0.649,0.613,-6.698,0.0321,0.423,0.000754,0.0872,0.679,121.437,245640,0,alt-rock
0.282,0.478,-6.411,0.0322,0.835,0.186,0.166,0.127,122.705,321773,0,alt-rock
0.501,0.795,-7.147,0.0298,0.00279,0.00028,0.105,0.544,93.556,265573,0,alt-rock
0.406,0.863,-4.943,0.036,0.00152,0.196,0.0996,0.685,149.8,348533,46,alt-rock
0.618,0.661,-8.097,0.0356,0.0621,5.15e-06,0.363,0.614,143.129,208973,46,alt-rock
0.617,0.789,-7.891,0.029,0.000185,0.000174,0.0909,0.934,125.006,188000,46,alt-rock
0.736,0.878,-5.185,0.0654,0.0263,0.0,0.112,0.833,160.078,240373,47,alt-rock
0.465,0.883,-4.794,0.0504,0.000101,0.425,0.638,0.133,95.04,201426,0,alt-rock
0.445,0.776,-4.492,0.0346,0.00252,0.0074,0.0981,0.403,118.379,236186,0,alt-rock
0.473,0.977,-8.651,0.15,0.0243,0.604,0.0931,0.0449,100.552,308826,0,alt-rock
0.465,0.952,-3.312,0.0624,0.0455,1.82e-05,0.0804,0.502,159.054,232757,47,alt-rock
0.473,0.977,-8.651,0.15,0.0243,0.604,0.0931,0.0449,100.552,308826,0,alt-rock
0.424,0.815,-6.065,0.0382,0.0243,0.0,0.295,0.0785,108.709,195640,0,alt-rock
0.603,0.715,-7.254,0.037,0.04,0.0,0.195,0.564,95.016,244093,46,alt-rock
0.739,0.679,-4.918,0.0261,0.157,3.19e-06,0.0405,0.772,113.023,277304,46,alt-rock
0.702,0.808,-6.272,0.137,0.0432,0.0,0.144,0.653,139.892,244066,46,alt-rock
0.368,0.449,-9.764,0.0347,0.874,0.0869,0.178,0.286,107.983,418442,46,alt-rock
0.568,0.851,-4.146,0.0327,0.025,0.0,0.0763,0.49,124.035,372091,46,alt-rock
0.395,0.898,-6.836,0.0447,4.5e-05,5.74e-06,0.0644,0.853,168.086,222666,46,alt-rock
0.434,0.887,-9.693,0.102,0.00307,0.0,0.381,0.531,169.975,211761,46,alt-rock
0.787,0.735,-4.808,0.0857,0.331,4.09e-05,0.113,0.698,97.957,186050,64,alt-rock
0.664,0.524,-5.178,0.0283,0.0495,8.18e-06,0.075,0.475,91.027,225955,66,alt-rock
0.701,0.844,-6.629,0.133,0.152,0.626,0.194,0.198,120.04,257021,65,alt-rock
0.639,0.845,-3.333,0.0372,0.0528,0.0,0.336,0.871,119.48,233373,67,alt-rock
0.717,0.51,-8.225,0.0462,0.755,0.105,0.25,0.831,142.01,260148,67,alt-rock
0.345,0.574,-7.431,0.0435,0.0112,1.61e-05,0.343,0.0736,116.679,204586,64,alt-rock
0.64,0.922,-6.283,0.0385,0.00369,0.055,0.332,0.716,125.105,234226,75,alt-rock
0.516,0.714,-4.529,0.0391,0.257,0.0,0.0683,0.312,86.926,222413,59,alt-rock
0.722,0.773,-4.378,0.0792,0.0598,0.0,0.179,0.724,94.997,179146,67,alt-rock
0.578,0.861,-6.043,0.0995,0.0328,0.019,0.103,0.575,142.032,226478,55,alt-rock
0.516,0.85,-3.909,0.0706,0.00139,0.0,0.296,0.583,120.324,195717,71,alt-rock
0.504,0.891,-5.632,0.137,0.00163,0.00199,0.148,0.628,153.988,214520,70,alt-rock
0.527,0.762,-3.36,0.0778,0.222,0.000283,0.0765,0.564,82.464,210972,59,alt-rock
0.489,0.649,-5.11,0.0336,0.000603,0.713,0.101,0.77,158.009,219826,75,alt-rock
0.359,0.955,-2.323,0.12,0.00116,0.0,0.349,0.446,170.033,230426,67,alt-rock
0.42,0.746,-10.628,0.0467,0.0141,0.0,0.0661,0.229,111.886,170000,71,alt-rock
0.442,0.939,-4.18,0.0941,0.000183,0.00589,0.0857,0.27,140.021,228280,71,alt-rock
0.223,0.805,-8.969,0.037,0.000179,0.814,0.0849,0.25,168.165,115413,73,alt-rock
0.377,0.789,-5.032,0.0504,0.016,0.705,0.245,0.048,159.965,722200,51,alt-rock
0.635,0.414,-10.369,0.0322,0.165,2.13e-05,0.229,0.692,88.978,213033,46,alt-rock
0.523,0.943,-4.203,0.0337,0.00704,3.81e-05,0.0579,0.766,99.607,180160,81,alt-rock
0.716,0.712,-8.641,0.0305,0.0374,0.000215,0.121,0.872,141.93,297034,46,alt-rock
0.658,0.701,-8.088,0.023,0.182,0.035,0.104,0.885,98.024,227558,46,alt-rock
0.499,0.875,-5.626,0.0476,0.58,1.35e-06,0.109,0.886,110.027,289459,46,alt-rock
0.424,0.239,-10.601,0.0309,0.658,1.73e-05,0.0951,0.0697,141.88,316920,0,alt-rock
0.632,0.85,-7.382,0.0444,0.00459,0.0022,0.126,0.663,137.13,232240,46,alt-rock
0.605,0.727,-4.831,0.096,0.0936,0.000156,0.0526,0.865,164.828,321133,46,alt-rock
0.627,0.919,-5.635,0.0529,0.0582,0.0,0.179,0.909,139.95,162360,46,alt-rock
0.335,0.552,-6.654,0.0357,0.465,1.18e-06,0.102,0.35,126.622,229106,0,alt-rock
0.412,0.931,-6.348,0.0449,0.016,0.0,0.0772,0.295,148.813,197106,0,alt-rock
0.339,0.67,-4.587,0.0405,0.511,0.0,0.208,0.494,147.844,186760,0,alt-rock
0.718,0.498,-7.171,0.031,0.286,0.000326,0.157,0.767,138.111,230746,46,alt-rock
0.735,0.723,-6.032,0.0725,0.0128,0.0,0.0539,0.533,119.938,236706,46,alt-rock
0.223,0.91,-7.097,0.08,0.0116,0.000518,0.212,0.364,171.75,221466,0,alt-rock
0.746,0.805,-4.141,0.0342,0.307,0.0,0.254,0.912,145.899,241986,46,alt-rock
0.412,0.931,-6.348,0.0449,0.016,0.0,0.0772,0.295,148.813,197106,0,alt-rock
0.725,0.402,-9.294,0.0428,0.734,0.0,0.129,0.865,86.078,245626,0,alt-rock
0.223,0.91,-7.097,0.08,0.0116,0.000518,0.212,0.364,171.75,221466,1,alt-rock
0.223,0.91,-7.097,0.08,0.0116,0.000518,0.212,0.364,171.75,221466,2,alt-rock
0.686,0.72,-4.771,0.0252,0.0347,0.0,0.16,0.771,97.978,202000,46,alt-rock
0.223,0.91,-7.097,0.08,0.0116,0.000518,0.212,0.364,171.75,221466,0,alt-rock
0.647,0.737,-5.609,0.0312,0.00113,7.53e-06,0.193,0.608,139.95,229865,46,alt-rock
0.387,0.953,-9.177,0.158,0.00155,0.000117,0.859,0.167,101.749,236026,46,alt-rock
0.223,0.91,-7.097,0.08,0.0116,0.000518,0.212,0.364,171.75,221466,1,alt-rock
0.521,0.642,-8.572,0.0308,0.222,0.826,0.227,0.358,114.026,222306,46,alt-rock
0.546,0.729,-7.11,0.0376,0.000665,0.0,0.146,0.722,119.239,262160,46,alt-rock
0.365,0.851,-3.512,0.0474,0.269,1.15e-05,0.0805,0.481,193.04,237475,46,alt-rock
0.609,0.824,-8.383,0.0377,0.0782,0.0584,0.539,0.435,118.534,210773,0,alt-rock
0.476,0.849,-6.357,0.0411,0.00489,0.589,0.157,0.136,132.65,235586,46,alt-rock
0.364,0.873,-5.894,0.0455,0.174,0.0,0.939,0.235,98.146,315425,46,alt-rock
0.53,0.763,-4.712,0.0332,0.0026,1.86e-06,0.105,0.338,88.013,209706,65,alt-rock
0.577,0.583,-7.257,0.0433,0.0904,0.0,0.0937,0.406,80.002,180213,57,alt-rock
0.483,0.643,-6.872,0.0404,0.0135,7.04e-05,0.361,0.219,125.938,236040,63,alt-rock
0.5,0.47,-9.995,0.0395,0.798,0.88,0.0899,0.0766,141.454,157000,60,alt-rock
0.583,0.954,-4.179,0.0788,0.000553,0.243,0.414,0.421,124.029,267270,61,alt-rock
0.426,0.445,-5.776,0.169,0.183,0.0,0.661,0.347,56.966,185440,55,alt-rock
0.426,0.617,-5.423,0.0289,0.341,0.181,0.101,0.201,92.002,351786,67,alt-rock
0.575,0.857,-4.288,0.0456,0.0393,0.0,0.0919,0.888,81.999,194771,56,alt-rock
0.466,0.496,-6.606,0.0302,0.626,6.22e-06,0.117,0.352,74.747,269893,70,alt-rock
0.326,0.894,-4.972,0.0643,0.000984,0.0,0.363,0.164,129.43,306212,62,alt-rock
0.551,0.574,-6.265,0.0263,0.0203,0.0,0.186,0.308,143.734,232013,64,alt-rock
0.604,0.789,-6.259,0.0273,0.0011,0.828,0.368,0.348,122.032,275226,65,alt-rock
0.573,0.913,-6.52,0.0409,0.00861,0.0273,0.114,0.795,88.418,260808,66,alt-rock
0.251,0.848,-6.501,0.0579,0.0377,0.00591,0.0545,0.207,163.709,387213,70,alt-rock
0.596,0.781,-6.493,0.0408,0.0131,0.00123,0.178,0.155,143.936,194235,54,alt-rock
0.465,0.919,-4.025,0.0408,1.83e-05,2.07e-05,0.262,0.537,135.997,235293,77,alt-rock
0.761,0.652,-10.534,0.236,0.0632,0.0,0.104,0.847,125.018,117460,45,alt-rock
0.453,0.581,-12.713,0.0336,0.0256,0.0236,0.154,0.213,174.203,360323,56,alt-rock
0.721,0.776,-5.487,0.0395,0.323,2.39e-06,0.0382,0.815,105.01,292480,45,alt-rock
0.555,0.606,-7.591,0.0293,0.181,3.86e-05,0.112,0.483,151.916,244012,45,alt-rock
0.626,0.702,-8.525,0.0279,0.00274,0.000166,0.214,0.6,139.506,244800,45,alt-rock
0.516,0.733,-10.627,0.0376,0.352,0.0,0.29,0.657,90.563,211700,45,alt-rock
0.56,0.918,-3.38,0.0344,0.1,1.07e-06,0.115,0.595,101.919,230773,46,alt-rock
0.601,0.765,-8.744,0.0291,0.217,0.000219,0.967,0.599,113.538,302800,45,alt-rock
0.425,0.692,-6.699,0.0322,0.435,0.0124,0.356,0.494,155.582,183092,46,alt-rock
0.682,0.704,-8.286,0.0298,0.0205,5.66e-05,0.146,0.298,105.889,276440,46,alt-rock
0.45,0.826,-4.719,0.0367,0.0218,3.65e-05,0.193,0.666,130.062,242608,46,alt-rock
0.704,0.739,-6.015,0.0588,0.25,0.0,0.0144,0.809,109.992,195406,45,alt-rock
0.664,0.811,-4.925,0.0287,0.0617,0.0,0.117,0.722,138.992,227944,45,alt-rock
0.532,0.747,-8.247,0.0406,0.177,0.000233,0.816,0.659,134.056,250535,45,alt-rock
0.612,0.89,-4.827,0.0377,0.0167,7.1e-06,0.0689,0.712,95.029,232533,45,alt-rock
0.374,0.92,-7.561,0.0478,8.92e-05,0.491,0.0864,0.55,195.93,281480,46,alt-rock
0.665,0.826,-5.207,0.041,0.195,0.0,0.104,0.918,116.009,215946,45,alt-rock
0.595,0.761,-8.677,0.0272,0.226,0.000157,0.586,0.791,84.993,223733,45,alt-rock
0.472,0.715,-6.038,0.0405,0.000993,9.39e-05,0.342,0.536,133.311,286733,45,alt-rock
0.711,0.907,-3.267,0.0355,0.0611,0.000337,0.111,0.922,94.993,214946,46,alt-rock
0.513,0.584,-8.089,0.0343,0.597,2.4e-05,0.81,0.195,130.829,279995,45,alt-rock
0.631,0.647,-6.433,0.0418,0.0316,0.0079,0.0946,0.762,164.191,324066,45,alt-rock
0.412,0.931,-6.348,0.0449,0.016,0.0,0.0772,0.295,148.813,197106,0,alt-rock
0.457,0.979,-3.836,0.0485,9.8e-06,0.119,0.123,0.227,127.006,320507,0,alt-rock
0.457,0.979,-3.836,0.0485,9.8e-06,0.119,0.123,0.227,127.006,320507,0,alt-rock
0.412,0.931,-6.348,0.0449,0.016,0.0,0.0772,0.295,148.813,197106,0,alt-rock
0.497,0.924,-3.915,0.105,0.115,0.0,0.197,0.962,175.509,152533,45,alt-rock
0.482,0.684,-4.117,0.0468,0.182,0.0,0.0776,0.328,104.724,322533,46,alt-rock
0.388,0.793,-4.144,0.058,0.004,0.00316,0.0728,0.541,157.797,161666,46,alt-rock
0.58,0.781,-5.311,0.104,0.372,0.0,0.148,0.902,190.073,246400,45,alt-rock
0.703,0.813,-5.546,0.054,0.33,8.31e-06,0.0782,0.79,140.01,236890,46,alt-rock
0.71,0.808,-3.634,0.0686,0.0198,1.85e-06,0.056,0.685,141.032,193173,45,alt-rock
0.457,0.979,-3.836,0.0485,9.8e-06,0.119,0.123,0.227,127.006,320507,0,alt-rock
0.645,0.764,-5.467,0.0378,0.00172,0.0,0.517,0.66,119.921,195266,45,alt-rock
0.517,0.779,-5.005,0.0477,0.0258,0.0,0.0622,0.197,115.206,282640,67,alt-rock
0.269,0.853,-4.647,0.0854,0.000249,0.000246,0.118,0.179,141.581,299533,77,alt-rock
0.614,0.568,-5.477,0.0276,0.00797,0.0,0.0997,0.516,107.849,293960,78,alt-rock
0.167,0.302,-11.644,0.0345,0.316,0.797,0.11,0.19,102.026,356333,67,alt-rock
0.366,0.94,-5.119,0.0696,0.000769,9.42e-05,0.188,0.369,130.198,255626,76,alt-rock
0.547,0.689,-5.207,0.0335,0.0113,0.0,0.15,0.647,80.041,215746,55,alt-rock
0.716,0.738,-6.347,0.0406,0.0018,0.00676,0.113,0.349,129.04,191180,62,alt-rock
0.293,0.237,-8.17,0.0284,0.78,0.0,0.11,0.108,92.935,215613,69,alt-rock
0.445,0.72,-6.946,0.0502,0.000307,1.61e-05,0.105,0.155,172.14,215232,54,alt-rock
0.514,0.704,-6.859,0.0298,0.0107,7.15e-05,0.13,0.361,157.4,230525,64,alt-rock
0.697,0.883,-3.815,0.0694,0.0178,0.0,0.481,0.796,121.963,170210,60,alt-rock
0.599,0.777,-6.037,0.0922,0.0355,0.00301,0.0936,0.401,132.252,262373,66,alt-rock
0.541,0.907,-4.512,0.0642,0.0158,0.000185,0.34,0.434,80.029,187653,71,alt-rock
0.515,0.809,-5.817,0.0512,0.00455,0.0723,0.0905,0.525,142.011,341986,66,alt-rock
0.492,0.815,-5.499,0.0487,0.00643,2e-05,0.0875,0.812,171.379,291346,66,alt-rock
0.689,0.869,-6.688,0.0511,0.00242,0.00339,0.127,0.84,100.684,297105,64,alt-rock
0.375,0.537,-8.967,0.0295,0.361,2.58e-05,0.101,0.181,140.111,227873,44,alt-rock
0.701,0.347,-11.279,0.0298,0.574,0.000107,0.0606,0.443,86.432,355397,60,alt-rock
0.43,0.704,-8.008,0.0804,0.000155,0.00221,0.0933,0.703,118.242,315120,74,alt-rock
0.725,0.747,-5.545,0.0876,0.0272,0.0468,0.104,0.38,132.921,191956,66,alt-rock
0.663,0.71,-5.55,0.0599,0.00745,0.00559,0.147,0.487,120.984,251588,66,alt-rock
0.548,0.924,-4.48,0.0689,0.00033,1.42e-05,0.162,0.242,124.031,244538,63,alt-rock
0.604,0.4,-12.514,0.243,0.585,0.0,0.136,0.747,88.646,226840,45,alt-rock
0.519,0.982,-3.547,0.108,0.00203,0.00055,0.0971,0.361,97.745,319266,68,alt-rock
0.59,0.823,-4.606,0.0394,0.00191,0.0,0.375,0.572,129.971,170426,64,alt-rock
0.579,0.648,-6.624,0.0533,0.247,8.64e-06,0.211,0.74,68.467,194173,45,alt-rock
0.527,0.833,-5.977,0.0534,0.000105,0.0,0.138,0.579,122.036,321333,45,alt-rock
0.166,0.969,-5.107,0.07,0.00377,0.0,0.15,0.709,215.513,201240,46,alt-rock
0.763,0.64,-8.044,0.0411,0.298,0.00244,0.0538,0.94,95.487,248213,45,alt-rock
0.511,0.839,-4.406,0.0324,0.0295,8.3e-06,0.942,0.533,97.583,228040,45,alt-rock
0.671,0.512,-9.876,0.0334,0.272,0.0,0.102,0.187,95.782,290666,45,alt-rock
0.695,0.891,-5.118,0.0501,0.14,0.000351,0.0713,0.841,116.68,178426,45,alt-rock
0.791,0.701,-7.843,0.0678,0.0226,0.278,0.546,0.251,100.635,278720,45,alt-rock
0.641,0.956,-4.006,0.0376,0.00037,0.00858,0.16,0.669,136.981,251600,0,alt-rock
0.622,0.554,-9.906,0.026,0.169,0.000665,0.134,0.565,149.95,240560,45,alt-rock
0.566,0.83,-5.849,0.0491,0.00103,0.00072,0.167,0.73,165.003,224000,45,alt-rock
0.457,0.962,-3.722,0.0495,0.000455,0.00271,0.319,0.721,150.039,220400,0,alt-rock
0.222,0.455,-7.039,0.0341,0.713,0.0,0.148,0.237,75.262,246954,0,alt-rock
0.563,0.647,-4.675,0.0398,0.0337,0.0,0.359,0.691,96.386,173901,0,alt-rock
0.727,0.706,-6.235,0.0247,0.067,0.000176,0.133,0.772,108.499,238160,45,alt-rock
0.459,0.717,-8.16,0.0487,0.00159,0.793,0.213,0.673,157.436,145373,45,alt-rock
0.753,0.38,-6.811,0.0428,0.927,1.58e-06,0.104,0.431,134.874,255869,46,alt-rock
0.559,0.909,-6.215,0.0713,0.0244,0.0,0.0676,0.594,150.01,194306,0,alt-rock
0.438,0.816,-7.573,0.0564,0.0171,0.0,0.382,0.644,148.244,153093,43,alt-rock
0.428,0.945,-3.256,0.052,0.0097,2.81e-06,0.117,0.456,143.876,186414,45,alt-rock
0.423,0.903,-7.135,0.0422,0.00101,0.366,0.108,0.746,158.003,192133,45,alt-rock
0.351,0.637,-8.241,0.0334,0.552,0.0,0.939,0.611,100.968,277113,44,alt-rock
0.59,0.868,-3.88,0.0394,0.037,2.05e-05,0.136,0.498,110.009,234280,45,alt-rock
0.653,0.955,-3.378,0.19,0.0692,0.0,0.0461,0.904,116.17,266746,45,alt-rock
0.671,0.775,-4.861,0.0333,0.0326,0.0,0.467,0.671,131.995,250197,45,alt-rock
0.448,0.61,-2.695,0.0342,0.0102,0.000491,0.135,0.214,123.762,258333,70,alt-rock
0.384,0.561,-10.059,0.0296,0.373,0.253,0.0775,0.159,136.136,259200,71,alt-rock
0.482,0.829,-5.576,0.0437,0.00034,0.0,0.378,0.739,147.99,212306,66,alt-rock
0.392,0.642,-5.267,0.0326,0.0048,0.486,0.296,0.129,92.698,293293,70,alt-rock
0.579,0.678,-7.422,0.0289,0.000133,0.00114,0.132,0.453,84.076,169121,55,alt-rock
0.548,0.714,-6.207,0.086,0.0117,0.0,0.132,0.533,77.683,190106,53,alt-rock
0.306,0.873,-3.668,0.0567,0.00105,0.0,0.52,0.452,198.387,186373,66,alt-rock
0.597,0.417,-7.952,0.0502,0.395,8.35e-06,0.128,0.263,143.839,229760,65,alt-rock
0.509,0.938,-3.883,0.0715,0.000644,0.00246,0.14,0.335,94.019,204346,66,alt-rock
0.555,0.832,-5.96,0.0323,0.00967,2.94e-05,0.132,0.3,155.061,161592,60,alt-rock
0.351,0.794,-4.417,0.0355,0.0022,2.06e-06,0.0846,0.338,67.469,219986,43,alt-rock
0.481,0.715,-7.14,0.0661,0.023,0.00213,0.181,0.222,131.452,253494,61,alt-rock
0.426,0.217,-15.564,0.0401,0.895,9.89e-05,0.0867,0.179,128.22,237489,61,alt-rock
0.497,0.701,-6.834,0.119,0.000568,0.000287,0.352,0.18,76.918,229531,62,alt-rock
0.436,0.876,-4.902,0.0647,3.33e-05,0.000104,0.205,0.512,157.044,255080,67,alt-rock
0.561,0.866,-5.258,0.0352,0.00623,0.039,0.0414,0.824,93.104,254301,63,alt-rock
0.469,0.79,-6.889,0.0391,0.000148,0.372,0.282,0.466,107.45,381946,69,alt-rock
0.774,0.75,-4.927,0.0412,0.00207,1.78e-05,0.0808,0.927,118.015,197986,76,alt-rock
0.572,0.601,-6.879,0.0392,0.0123,0.000237,0.101,0.552,142.258,240217,62,alt-rock
0.486,0.812,-6.244,0.0553,0.0106,0.0116,0.201,0.303,112.648,306434,62,alt-rock
0.576,0.798,-6.691,0.0351,0.125,0.134,0.137,0.399,146.8,222737,62,alt-rock
0.67,0.896,-6.069,0.057,0.382,0.0201,0.233,0.787,115.4,223946,45,alt-rock
0.462,0.76,-7.009,0.0355,0.324,0.235,0.0757,0.405,81.514,252986,45,alt-rock
0.445,0.821,-5.146,0.136,0.0129,0.0,0.357,0.398,164.154,205146,66,alt-rock
0.618,0.718,-7.494,0.0262,0.000303,0.00125,0.0863,0.371,97.029,236146,0,alt-rock
0.432,0.456,-7.259,0.029,0.132,0.000205,0.085,0.231,98.843,208579,45,alt-rock
0.442,0.567,-6.346,0.0516,0.238,0.000325,0.0852,0.639,138.616,213198,44,alt-rock
0.68,0.639,-6.233,0.0278,0.017,5.09e-06,0.0398,0.957,106.991,164866,69,alt-rock
0.355,0.791,-7.565,0.0453,0.00045,0.0,0.0969,0.758,106.392,285200,75,alt-rock
0.346,0.717,-7.727,0.138,0.347,0.0,0.225,0.838,182.498,274773,44,alt-rock
0.45,0.92,-4.162,0.0383,0.00117,0.123,0.128,0.438,145.608,230075,44,alt-rock
0.56,0.906,-4.808,0.0284,0.0648,5.91e-05,0.255,0.839,105.706,244666,45,alt-rock
0.783,0.292,-18.026,0.0404,0.164,0.00185,0.153,0.696,120.802,209893,45,alt-rock
0.731,0.58,-6.91,0.0461,0.15,0.000599,0.189,0.59,108.038,275160,45,alt-rock
0.373,0.862,-11.931,0.0781,0.0052,1.05e-06,0.145,0.24,90.466,189106,44,alt-rock
0.462,0.914,-6.382,0.0416,0.00124,0.000125,0.0978,0.326,142.978,233906,0,alt-rock
0.562,0.784,-7.147,0.0971,0.177,9.92e-05,0.0793,0.805,158.113,139389,44,alt-rock
0.526,0.884,-3.359,0.0757,0.0469,0.0,0.315,0.657,156.021,196207,45,alt-rock
0.648,0.85,-5.323,0.0401,0.0861,1.43e-05,0.122,0.878,77.516,234061,44,alt-rock
0.497,0.311,-8.269,0.0523,0.673,0.0,0.105,0.33,169.007,254240,44,alt-rock
0.776,0.896,-5.035,0.232,0.35,1.29e-05,0.367,0.396,104.949,230026,45,alt-rock
0.334,0.814,-14.175,0.0447,0.0247,0.000593,0.501,0.676,150.813,284040,1,alt-rock
0.457,0.774,-6.63,0.03,0.0719,1.67e-06,0.443,0.465,153.389,214893,45,alt-rock
0.349,0.983,-5.969,0.0564,0.00065,0.000892,0.0365,0.422,105.571,341066,1,alt-rock
0.471,0.796,-8.318,0.0423,0.0439,0.000226,0.712,0.339,178.063,277693,44,alt-rock
0.755,0.74,-3.161,0.039,0.0048,1.87e-06,0.283,0.852,100.95,173253,45,alt-rock
0.366,0.885,-5.235,0.046,0.0296,0.0872,0.0712,0.336,157.971,161733,45,alt-rock
0.714,0.827,-4.011,0.0325,0.00837,1.85e-05,0.226,0.781,144.081,254413,45,alt-rock
0.499,0.502,-9.986,0.0301,0.0115,2.78e-05,0.127,0.294,120.177,251026,44,alt-rock
0.599,0.831,-7.86,0.159,0.000155,2.13e-06,0.117,0.281,121.05,210493,0,alt-rock
0.596,0.897,-2.94,0.0462,0.0641,5.24e-05,0.0628,0.578,118.0,206393,68,alt-rock
0.779,0.516,-6.467,0.0521,0.148,0.0,0.0492,0.715,120.026,247786,66,alt-rock
0.438,0.94,-3.249,0.0452,8.74e-05,0.0777,0.3,0.421,100.99,261000,72,alt-rock
0.699,0.812,-6.005,0.0377,0.0164,0.000763,0.105,0.662,138.185,276693,76,alt-rock
0.467,0.988,-3.313,0.112,0.000152,0.0484,0.28,0.321,130.433,220426,77,alt-rock
0.51,0.917,-4.806,0.0854,0.0054,0.000133,0.396,0.313,75.098,272440,74,alt-rock
0.366,0.869,-3.316,0.0387,0.0207,0.0,0.254,0.384,138.051,240120,60,alt-rock
0.451,0.97,-4.938,0.107,0.0264,0.00355,0.102,0.198,122.444,216933,75,alt-rock
0.394,0.944,-6.506,0.0761,0.00178,4.54e-06,0.298,0.265,105.338,292580,76,alt-rock
0.412,0.919,-7.291,0.184,0.0124,0.0601,0.424,0.572,166.367,229466,75,alt-rock
0.369,0.223,-9.582,0.0348,0.114,0.0,0.274,0.34,87.352,184831,44,alt-rock
0.521,0.895,-5.242,0.0442,5.54e-05,0.349,0.0985,0.237,120.117,322339,77,alt-rock
0.622,0.619,-6.4,0.0561,0.0624,0.0,0.081,0.483,147.965,186249,68,alt-rock
0.404,0.634,-4.772,0.0311,0.0371,0.00209,0.182,0.0943,153.951,330360,61,alt-rock
0.462,0.832,-6.085,0.0479,0.108,0.00416,0.0741,0.807,165.653,248893,69,alt-rock
0.628,0.703,-8.365,0.0341,0.0355,0.000696,0.105,0.231,120.006,229125,44,alt-rock
0.558,0.817,-3.619,0.0481,0.0147,0.000102,0.384,0.429,76.004,234613,57,alt-rock
0.567,0.714,-8.512,0.0302,0.0012,0.417,0.186,0.191,107.441,403533,70,alt-rock
0.592,0.616,-7.227,0.0337,0.0917,0.0106,0.179,0.492,129.896,224983,60,alt-rock
0.407,0.653,-5.901,0.035,0.000935,0.00434,0.402,0.355,85.985,159741,56,alt-rock
0.381,0.806,-6.376,0.0641,0.00184,0.000233,0.162,0.425,172.068,245040,43,alt-rock
0.592,0.797,-7.657,0.0288,0.000929,0.847,0.0826,0.518,99.032,299160,44,alt-rock
0.49,0.833,-5.899,0.0487,0.0116,0.000504,0.15,0.39,89.981,187346,66,alt-rock
0.475,0.728,-4.741,0.0362,0.0331,0.0,0.198,0.483,82.474,199872,44,alt-rock
0.697,0.873,-7.422,0.0451,0.241,0.00291,0.358,0.899,144.203,187693,44,alt-rock
0.599,0.633,-6.629,0.0357,0.501,0.000147,0.124,0.289,90.072,240880,44,alt-rock
0.46,0.898,-4.922,0.0412,0.0112,0.00108,0.649,0.746,92.148,235864,45,alt-rock
0.616,0.395,-6.017,0.0301,0.289,5.6e-06,0.166,0.398,120.758,230866,44,alt-rock
0.703,0.82,-7.121,0.0272,0.0496,0.0,0.094,0.934,119.993,172466,44,alt-rock
0.6,0.938,-2.781,0.0326,0.0136,1.15e-06,0.0975,0.65,130.057,240413,44,alt-rock
0.623,0.946,-4.199,0.0486,0.172,6.01e-06,0.066,0.922,108.016,244760,44,alt-rock
0.38,0.595,-9.742,0.0381,0.547,0.0,0.155,0.909,132.439,145319,45,alt-rock
0.518,0.846,-7.181,0.0448,0.0529,0.0,0.934,0.563,152.087,197847,44,alt-rock
0.599,0.845,-6.05,0.0389,0.0282,0.0,0.0749,0.858,74.992,241171,45,alt-rock
0.77,0.786,-3.516,0.0553,0.0322,0.000664,0.182,0.969,153.8,243666,45,alt-rock
0.65,0.915,-5.761,0.0368,0.446,0.0,0.91,0.885,112.028,170866,44,alt-rock
0.448,0.915,-4.737,0.0685,0.00108,0.000338,0.231,0.626,139.927,239386,45,alt-rock
0.596,0.81,-7.48,0.0273,0.000322,0.0,0.155,0.705,130.022,223692,44,alt-rock
0.371,0.961,-6.765,0.0931,1.52e-05,0.0548,0.0916,0.159,115.336,198226,0,alt-rock
0.646,0.846,-4.427,0.0282,0.0584,0.0,0.376,0.965,126.022,185501,44,alt-rock
0.744,0.823,-6.44,0.0307,0.0133,0.427,0.0919,0.962,120.018,202826,44,alt-rock
0.396,0.955,-1.889,0.272,0.0786,0.0,0.194,0.523,180.04,212386,44,alt-rock
0.746,0.72,-5.955,0.0695,0.0365,0.00927,0.599,0.801,89.988,127723,44,alt-rock
0.58,0.847,-9.639,0.0516,0.00106,0.498,0.289,0.403,98.561,231026,44,alt-rock
0.57,0.824,-5.156,0.0308,0.000372,5.9e-05,0.12,0.651,128.95,241880,44,alt-rock
0.49,0.747,-4.628,0.0448,0.0759,0.000234,0.108,0.785,96.01,279413,44,alt-rock
0.628,0.869,-5.821,0.0426,0.125,1.19e-06,0.0235,0.868,166.983,235058,44,alt-rock
0.435,0.874,-6.664,0.123,0.000337,0.0419,0.311,0.265,120.167,212253,0,alt-rock
0.557,0.896,-6.52,0.0346,0.000931,0.000186,0.339,0.561,101.073,294733,44,alt-rock
0.485,0.271,-18.108,0.0683,0.679,0.000302,0.126,0.155,115.172,264333,44,alt-rock
0.454,0.4,-10.261,0.0265,0.139,0.846,0.137,0.327,93.719,320030,78,ambient
0.521,0.298,-12.474,0.026,0.754,0.46,0.11,0.232,80.388,269933,63,ambient
0.37,0.467,-9.013,0.0273,0.0205,0.572,0.109,0.182,94.485,290616,84,ambient
0.406,0.399,-10.449,0.0278,0.756,0.678,0.112,0.163,142.83,256799,76,ambient
0.45,0.511,-9.073,0.0276,0.353,0.766,0.139,0.115,96.563,292110,75,ambient
0.405,0.479,-9.396,0.0301,0.0527,0.795,0.0974,0.131,75.37,215150,78,ambient
0.484,0.457,-13.976,0.0456,0.406,0.646,0.297,0.187,87.159,256786,60,ambient
0.409,0.223,-13.886,0.0296,0.947,0.0123,0.0635,0.173,89.877,192866,69,ambient
0.307,0.371,-8.498,0.0288,0.923,0.0253,0.11,0.189,115.241,255893,72,ambient
0.508,0.33,-14.071,0.0265,0.259,0.154,0.114,0.101,96.818,286293,72,ambient
0.401,0.504,-8.579,0.0252,0.0884,0.757,0.11,0.285,98.357,266666,65,ambient
0.535,0.437,-9.187,0.0248,0.669,0.688,0.11,0.127,105.22,286773,71,ambient
0.483,0.5,-9.403,0.0241,0.354,0.912,0.103,0.368,95.981,292853,65,ambient
0.403,0.417,-11.252,0.0257,0.5,0.889,0.105,0.251,89.966,311000,67,ambient
0.456,0.364,-9.336,0.0252,0.533,0.96,0.111,0.116,73.457,233010,65,ambient
0.447,0.449,-10.634,0.0376,0.934,0.961,0.0697,0.036,92.468,315426,79,ambient
0.509,0.31,-10.623,0.0313,0.959,0.229,0.0963,0.151,137.474,208653,73,ambient
0.472,0.27,-11.649,0.027,0.729,0.0158,0.125,0.373,140.673,245840,68,ambient
0.233,0.471,-10.947,0.0294,0.363,0.828,0.113,0.277,182.161,264453,68,ambient
0.334,0.397,-7.993,0.0284,0.558,0.0774,0.126,0.035,93.445,273106,68,ambient
0.298,0.398,-14.911,0.0365,0.549,0.105,0.136,0.174,64.135,322218,63,ambient
0.457,0.407,-11.475,0.0308,0.805,0.884,0.126,0.126,117.053,257533,75,ambient
0.378,0.533,-8.843,0.0279,0.479,0.508,0.131,0.285,75.927,290630,65,ambient
0.608,0.687,-7.083,0.0536,0.449,2.1e-06,0.0625,0.548,83.918,252158,43,ambient
0.419,0.362,-15.32,0.0337,0.453,0.335,0.0687,0.114,100.264,206000,62,ambient
0.441,0.465,-8.389,0.0291,0.343,0.884,0.0982,0.173,123.933,258483,65,ambient
0.414,0.369,-9.606,0.0262,0.453,0.501,0.0985,0.17,96.722,262560,64,ambient
0.269,0.489,-11.099,0.0303,0.0972,0.0935,0.102,0.277,180.247,225767,63,ambient
0.426,0.413,-11.378,0.0248,0.0412,0.381,0.107,0.349,93.636,303296,62,ambient
0.233,0.15,-11.736,0.0336,0.982,0.36,0.154,0.0875,143.887,234080,69,ambient
0.567,0.131,-14.124,0.029,0.888,0.0553,0.158,0.0657,104.784,194560,69,ambient
0.139,0.22,-19.974,0.0324,0.856,0.831,0.17,0.0789,71.432,480106,68,ambient
0.593,0.5,-8.532,0.029,0.707,1.24e-05,0.0837,0.465,117.996,180086,73,ambient
0.418,0.248,-9.997,0.0451,0.954,4.21e-06,0.108,0.298,130.953,243007,69,ambient
0.483,0.886,-7.279,0.103,0.427,2.84e-05,0.114,0.235,124.795,222427,50,ambient
0.191,0.0582,-25.398,0.0578,0.961,0.89,0.0941,0.0454,132.614,357706,73,ambient
0.545,0.792,-6.395,0.032,0.1,0.952,0.173,0.127,128.977,348306,1,ambient
0.346,0.122,-26.341,0.0554,0.992,0.927,0.144,0.183,109.94,116550,0,ambient
0.181,0.135,-17.393,0.0394,0.28,0.888,0.12,0.0307,67.438,175997,0,ambient
0.23,0.206,-13.594,0.0348,0.965,0.856,0.17,0.134,139.114,442400,0,ambient
0.225,0.117,-24.971,0.0488,0.968,0.867,0.103,0.275,160.017,220956,0,ambient
0.425,0.47,-10.452,0.0494,0.531,0.168,0.1,0.126,120.092,368098,0,ambient
0.192,0.0119,-41.808,0.0401,0.969,0.944,0.12,0.0753,69.045,166560,0,ambient
0.166,0.0577,-27.78,0.049,0.901,0.449,0.391,0.0764,140.099,171266,0,ambient
0.687,0.342,-12.378,0.0409,0.523,0.93,0.35,0.169,105.318,155135,0,ambient
0.166,0.0577,-27.78,0.049,0.901,0.449,0.391,0.0764,140.099,171266,0,ambient
0.166,0.0577,-27.78,0.049,0.901,0.449,0.391,0.0764,140.099,171266,0,ambient
0.469,0.259,-15.335,0.0376,0.246,0.872,0.319,0.0373,110.601,279093,0,ambient
0.469,0.259,-15.335,0.0376,0.246,0.872,0.319,0.0373,110.601,279093,0,ambient
0.469,0.259,-15.335,0.0376,0.246,0.872,0.319,0.0373,110.601,279093,0,ambient
0.544,0.579,-8.52,0.0712,0.193,1.43e-05,0.117,0.294,109.769,303660,70,ambient
0.853,0.798,-7.995,0.068,0.0158,0.948,0.0967,0.42,129.983,269149,74,ambient
0.527,0.242,-13.546,0.0313,0.939,0.0435,0.114,0.112,143.848,232026,62,ambient
0.199,0.319,-14.43,0.0334,0.00513,0.893,0.144,0.0462,120.772,288800,46,ambient
0.403,0.521,-8.842,0.028,0.507,0.7,0.105,0.231,97.053,273896,59,ambient
0.361,0.3,-13.657,0.0335,0.483,0.0303,0.158,0.125,114.941,271018,61,ambient
0.561,0.367,-10.35,0.0246,0.373,0.831,0.0989,0.125,73.993,274576,60,ambient
0.449,0.383,-9.808,0.0278,0.145,0.565,0.0846,0.311,96.549,244110,59,ambient
0.454,0.287,-11.202,0.0289,0.779,0.753,0.131,0.054,130.637,275186,59,ambient
0.415,0.104,-11.83,0.0426,0.955,3.79e-06,0.104,0.18,82.006,256299,71,ambient
0.298,0.148,-26.245,0.0438,0.868,0.843,0.11,0.0603,108.658,148546,54,ambient
0.361,0.291,-14.148,0.0338,0.722,0.837,0.0971,0.0708,115.999,365150,60,ambient
0.457,0.474,-9.245,0.0324,0.93,0.956,0.0679,0.0381,92.404,312853,53,ambient
0.392,0.433,-13.313,0.0364,0.92,0.646,0.0937,0.0432,100.253,214335,62,ambient
0.224,0.139,-22.587,0.0354,0.961,0.913,0.108,0.213,111.316,196893,69,ambient
0.231,0.0297,-31.544,0.0579,0.991,0.878,0.0742,0.07,131.413,203800,70,ambient
0.49,0.126,-13.868,0.0327,0.926,3.36e-06,0.0992,0.102,99.892,284143,58,ambient
0.459,0.326,-12.29,0.0268,0.896,0.0132,0.112,0.0864,90.042,271487,58,ambient
0.37,0.119,-11.513,0.0392,0.953,1.97e-06,0.099,0.183,110.424,456480,61,ambient
0.556,0.261,-11.668,0.0289,0.797,0.016,0.0893,0.219,110.841,172500,67,ambient
0.177,0.215,-9.886,0.0335,0.807,0.000125,0.0921,0.0415,75.862,188864,57,ambient
0.389,0.202,-15.121,0.0375,0.887,2.86e-06,0.128,0.187,83.019,202827,59,ambient
0.263,0.237,-13.738,0.0344,0.638,0.305,0.109,0.0461,73.024,289792,68,ambient
0.689,0.757,-8.344,0.761,0.703,0.0,0.336,0.663,143.07,299626,35,ambient
0.261,0.371,-10.112,0.0313,0.96,0.856,0.109,0.149,158.924,228164,60,ambient
0.483,0.192,-15.378,0.0469,0.991,0.908,0.106,0.0542,100.848,140733,73,ambient
0.466,0.67,-4.701,0.0297,0.155,0.0,0.145,0.395,126.142,296400,66,ambient
0.065,0.341,-12.743,0.0482,0.154,0.854,0.109,0.0334,65.38,371746,65,ambient
0.317,0.161,-17.203,0.0374,0.916,0.881,0.0979,0.0545,118.162,320000,0,ambient
0.14,0.217,-15.304,0.0352,0.909,0.855,0.0689,0.078,88.381,402240,58,ambient
0.409,0.0191,-31.753,0.0324,0.992,0.912,0.0981,0.181,104.164,234280,0,ambient
0.302,0.096,-28.927,0.0309,0.972,0.903,0.098,0.382,94.275,128048,0,ambient
0.485,0.0293,-30.251,0.031,0.991,0.902,0.0964,0.0423,80.014,280500,0,ambient
0.365,0.0289,-27.855,0.0419,0.995,0.947,0.12,0.477,146.853,235825,0,ambient
0.302,0.096,-28.927,0.0309,0.972,0.903,0.098,0.382,94.275,128048,0,ambient
0.403,0.185,-20.519,0.0417,0.962,0.911,0.0958,0.162,104.517,336200,0,ambient
0.485,0.0293,-30.251,0.031,0.991,0.902,0.0964,0.0423,80.014,280500,0,ambient
0.561,0.445,-16.71,0.0579,0.784,0.87,0.0918,0.0519,125.695,222084,0,ambient
0.485,0.0293,-30.251,0.031,0.991,0.902,0.0964,0.0423,80.014,280500,0,ambient
0.318,0.0361,-21.792,0.0445,0.907,0.0302,0.0926,0.0625,99.889,490327,2,ambient
0.0819,0.0132,-25.217,0.0494,0.964,0.647,0.12,0.032,82.637,378378,1,ambient
0.186,0.00432,-20.811,0.0366,0.926,0.963,0.0952,0.0286,57.23,289548,0,ambient
0.186,0.00432,-20.811,0.0366,0.926,0.963,0.0952,0.0286,57.23,289548,0,ambient
0.515,0.0695,-22.837,0.0342,0.992,0.934,0.0943,0.109,112.81,204560,0,ambient
0.442,0.286,-16.598,0.0419,0.968,0.811,0.0886,0.629,146.761,177013,2,ambient
0.287,0.19,-16.959,0.0379,0.941,0.369,0.0906,0.177,77.583,645210,2,ambient
0.285,0.0158,-24.312,0.0483,0.947,0.466,0.126,0.0369,119.852,351466,0,ambient
0.0713,0.00696,-39.507,0.0405,0.994,0.915,0.071,0.0977,213.848,464453,0,ambient
0.168,0.0442,-18.784,0.0371,0.908,0.914,0.694,0.0384,74.591,186400,2,ambient
0.117,0.297,-12.742,0.035,0.133,0.924,0.0949,0.0617,94.85,635790,0,ambient
0.483,0.456,-14.013,0.0439,0.396,0.571,0.301,0.183,87.154,256786,40,ambient
0.182,0.242,-16.755,0.0442,0.922,0.872,0.101,0.074,114.671,137765,33,ambient
0.325,0.349,-21.23,0.0555,0.871,0.886,0.0851,0.0394,179.966,257180,33,ambient
0.537,0.69,-8.29,0.04,0.0504,0.0185,0.109,0.205,120.035,250810,31,ambient
0.411,0.304,-11.311,0.0344,0.791,0.383,0.0896,0.0393,67.552,263045,59,ambient
0.496,0.174,-11.908,0.0372,0.907,0.0721,0.114,0.0903,137.993,159877,60,ambient
0.734,0.867,-5.632,0.0456,0.0968,0.0,0.1,0.962,131.947,279475,32,ambient
0.432,0.109,-15.925,0.0368,0.889,0.772,0.0939,0.0797,92.682,65040,62,ambient
0.453,0.227,-12.418,0.0285,0.712,0.468,0.108,0.161,125.984,285146,57,ambient
0.333,0.114,-21.255,0.0453,0.906,0.96,0.119,0.0566,141.839,165160,64,ambient
0.504,0.327,-9.49,0.0367,0.902,7.63e-06,0.445,0.299,132.803,258609,60,ambient
0.354,0.311,-10.377,0.0321,0.965,0.0315,0.204,0.135,146.631,194160,61,ambient
0.476,0.263,-12.036,0.0321,0.935,0.00179,0.091,0.147,121.107,190293,61,ambient
0.296,0.284,-14.01,0.033,0.968,0.189,0.0961,0.0917,114.786,243466,66,ambient
0.699,0.18,-22.361,0.0731,0.99,0.836,0.0649,0.268,129.775,95033,56,ambient
0.574,0.468,-12.392,0.0305,0.867,0.928,0.098,0.352,154.626,183533,61,ambient
0.537,0.211,-13.477,0.0312,0.557,0.804,0.101,0.0399,134.475,254626,55,ambient
0.336,0.052,-25.364,0.0283,0.952,0.955,0.0695,0.0366,62.748,149976,53,ambient
0.324,0.0186,-28.248,0.0476,0.99,0.934,0.105,0.126,85.297,207640,69,ambient
0.324,0.0379,-25.247,0.0554,0.987,0.907,0.0756,0.0383,120.169,132306,56,ambient
0.207,0.292,-11.641,0.0328,0.818,0.942,0.0934,0.11,141.869,248635,65,ambient
0.525,0.411,-8.829,0.0261,0.671,0.000338,0.0989,0.197,138.112,219004,51,ambient
0.421,0.118,-17.703,0.0408,0.842,0.938,0.115,0.175,104.03,68691,64,ambient
0.577,0.434,-8.437,0.0303,0.887,0.215,0.0822,0.321,79.497,178626,61,ambient
0.467,0.157,-9.649,0.0336,0.974,1.46e-06,0.0816,0.277,108.13,242564,62,ambient
0.701,0.341,-12.26,0.0418,0.499,0.903,0.359,0.163,105.513,151506,65,ambient
0.342,0.612,-6.432,0.0357,0.804,3.11e-06,0.239,0.24,79.01,179815,57,ambient
0.438,0.529,-9.224,0.0324,0.0113,0.0,0.109,0.395,136.147,299365,63,ambient
0.339,0.00572,-32.309,0.0378,0.986,0.923,0.103,0.0616,72.7,198649,65,ambient
0.348,0.169,-18.45,0.0413,0.959,0.889,0.1,0.107,138.877,111442,65,ambient
0.35,0.25,-10.648,0.0314,0.698,1.46e-05,0.11,0.11,129.82,385053,62,ambient
0.0,0.0362,-22.519,0.0,0.994,0.94,0.0958,0.0,0.0,151506,64,ambient
0.231,0.206,-13.593,0.0332,0.965,0.856,0.17,0.136,141.628,442400,62,ambient
0.412,0.61,-7.988,0.0379,0.177,0.000102,0.0851,0.242,148.005,373691,62,ambient
0.452,0.866,-4.431,0.04,0.0041,0.0,0.134,0.291,81.972,470880,63,ambient
0.123,0.113,-20.961,0.0367,0.972,0.926,0.0752,0.0378,79.66,393958,0,ambient
0.263,0.009,-35.193,0.0515,0.995,0.946,0.0881,0.156,68.083,194789,61,ambient
0.302,0.096,-28.927,0.0309,0.972,0.903,0.098,0.382,94.275,128048,0,ambient
0.453,0.0939,-17.53,0.0336,0.989,0.885,0.102,0.113,89.665,152452,0,ambient
0.347,0.232,-21.254,0.055,0.984,0.916,0.105,0.0373,128.317,214960,0,ambient
0.302,0.096,-28.927,0.0309,0.972,0.903,0.098,0.382,94.275,128048,0,ambient
0.14,0.125,-16.519,0.041,0.86,0.875,0.112,0.0362,140.811,343724,0,ambient
0.494,0.366,-21.035,0.0292,0.939,0.831,0.0882,0.613,145.047,304230,0,ambient
0.222,0.0456,-20.891,0.0385,0.993,0.964,0.231,0.0882,128.691,251573,0,ambient
0.296,0.168,-21.006,0.0349,0.782,0.934,0.136,0.074,73.466,256644,0,ambient
0.296,0.168,-21.006,0.0349,0.782,0.934,0.136,0.074,73.466,256644,0,ambient
0.27,0.211,-20.438,0.0363,0.971,0.868,0.083,0.103,98.917,277334,0,ambient
0.296,0.168,-21.006,0.0349,0.782,0.934,0.136,0.074,73.466,256644,0,ambient
0.382,0.014,-27.667,0.0444,0.99,0.935,0.107,0.349,162.072,117482,0,ambient
0.338,0.0568,-27.643,0.0374,0.99,0.907,0.149,0.544,152.728,181055,0,ambient
0.369,0.46,-9.04,0.0274,0.0205,0.473,0.109,0.173,94.523,290146,50,ambient
0.651,0.123,-13.957,0.029,0.947,0.103,0.109,0.115,107.044,240430,44,ambient
0.167,0.071,-27.108,0.041,0.911,0.855,0.107,0.0613,143.315,464293,64,ambient
0.53,0.2,-19.456,0.0383,0.932,0.00174,0.113,0.123,114.909,213391,29,ambient
0.794,0.307,-15.629,0.0486,0.674,0.935,0.0954,0.171,119.994,346586,57,ambient
0.482,0.552,-11.779,0.0424,0.418,0.617,0.0728,0.0948,92.095,335600,32,ambient
0.252,0.0875,-24.711,0.0403,0.989,0.873,0.108,0.126,135.774,108968,60,ambient
0.199,0.133,-15.992,0.0379,0.914,0.868,0.278,0.0388,132.028,203466,58,ambient
0.529,0.31,-12.159,0.0388,0.928,0.514,0.102,0.73,177.972,136000,56,ambient
0.307,0.00229,-34.977,0.0519,0.992,0.931,0.098,0.281,67.775,283280,62,ambient
0.399,0.136,-20.219,0.0307,0.985,0.895,0.156,0.396,100.195,115578,61,ambient
0.447,0.206,-11.75,0.0519,0.956,4.56e-06,0.107,0.327,66.734,240790,56,ambient
0.22,0.043,-28.726,0.0438,0.975,0.402,0.062,0.11,118.456,165572,62,ambient
0.565,0.56,-8.198,0.0281,0.595,0.0025,0.207,0.592,90.016,194333,2,ambient
0.682,0.105,-16.983,0.0337,0.877,0.884,0.0896,0.258,124.027,160644,48,ambient
0.159,0.487,-13.086,0.0491,0.0332,0.867,0.135,0.0328,77.44,154283,47,ambient
0.324,0.116,-22.841,0.0348,0.986,0.926,0.113,0.299,79.487,120853,64,ambient
0.525,0.188,-19.635,0.0322,0.59,0.839,0.0975,0.121,110.02,189818,55,ambient
0.437,0.0586,-23.625,0.0339,0.974,0.902,0.111,0.0391,114.041,183421,41,ambient
0.58,0.192,-24.026,0.0479,0.995,0.926,0.139,0.393,105.052,63831,58,ambient
0.161,0.296,-17.388,0.0381,0.709,0.917,0.111,0.0795,109.055,295853,48,ambient
0.336,0.044,-29.255,0.0456,0.982,0.96,0.221,0.0666,90.243,172444,62,ambient
0.123,0.0358,-38.528,0.0483,0.99,0.945,0.098,0.0399,114.425,75775,60,ambient
0.602,0.371,-11.575,0.0322,0.23,0.0,0.0887,0.211,120.01,280370,57,ambient
0.224,0.387,-9.022,0.0287,0.532,0.00548,0.0689,0.0395,104.566,262533,60,ambient
0.649,0.467,-6.589,0.0304,0.874,1.68e-05,0.114,0.353,106.549,154773,63,ambient
0.574,0.407,-8.321,0.0243,0.902,0.637,0.0927,0.223,82.047,202226,54,ambient
0.367,0.337,-9.857,0.0326,0.955,0.117,0.0869,0.283,181.868,192040,58,ambient
0.733,0.147,-16.465,0.0393,0.902,0.883,0.114,0.0432,122.003,159389,56,ambient
0.384,0.00341,-39.053,0.0447,0.996,0.943,0.0964,0.117,116.941,75849,61,ambient
0.21,0.0223,-28.528,0.0432,0.991,0.922,0.105,0.252,166.662,195240,45,ambient
0.451,0.0767,-12.221,0.0402,0.979,0.0,0.129,0.333,139.586,208339,54,ambient
0.452,0.131,-13.163,0.0324,0.47,0.898,0.0604,0.143,121.276,349200,61,ambient
0.0783,0.206,-20.611,0.0337,0.864,0.838,0.179,0.0807,80.341,486840,67,ambient
0.517,0.41,-17.598,0.0393,0.964,0.924,0.119,0.317,105.034,91039,58,ambient
0.332,0.0525,-24.1,0.0388,0.991,0.891,0.0683,0.097,78.853,158600,62,ambient
0.397,0.357,-14.694,0.0313,0.889,0.907,0.147,0.16,86.043,188346,58,ambient
0.307,0.00229,-34.977,0.0519,0.992,0.931,0.098,0.281,67.775,283280,62,ambient
0.303,0.00958,-28.556,0.054,0.991,0.953,0.109,0.212,72.204,264844,65,ambient
0.133,0.339,-10.315,0.0339,0.854,0.0422,0.101,0.0291,144.726,221746,58,ambient
0.42,0.823,-4.889,0.0434,0.00985,0.0,0.103,0.517,163.997,244040,61,ambient
0.0877,0.0452,-22.712,0.0431,0.988,0.936,0.109,0.0353,85.425,201651,0,ambient
0.407,0.00256,-31.357,0.0449,0.989,0.94,0.119,0.134,73.214,280093,0,ambient
0.0877,0.0452,-22.712,0.0431,0.988,0.936,0.109,0.0353,85.425,201651,0,ambient
0.0877,0.0452,-22.712,0.0431,0.988,0.936,0.109,0.0353,85.425,201651,0,ambient
0.0877,0.0452,-22.712,0.0431,0.988,0.936,0.109,0.0353,85.425,201651,0,ambient
0.216,0.172,-21.399,0.0456,0.989,0.819,0.0949,0.0997,168.501,187426,0,ambient
0.303,0.178,-22.166,0.0432,0.935,0.779,0.111,0.379,176.897,196950,0,ambient
0.571,0.293,-18.832,0.0336,0.882,0.815,0.605,0.327,119.515,295826,0,ambient
0.236,0.499,-12.763,0.0396,0.576,0.745,0.0991,0.0757,98.581,322133,0,ambient
0.469,0.373,-9.189,0.0311,0.803,0.168,0.133,0.0474,125.017,431874,27,ambient
0.538,0.431,-9.299,0.0249,0.628,0.68,0.11,0.124,105.146,288594,49,ambient
0.702,0.372,-12.298,0.0478,0.629,0.0114,0.0972,0.189,114.077,213204,56,ambient
0.462,0.339,-14.301,0.0418,0.813,0.808,0.108,0.0395,115.015,272014,54,ambient
0.337,0.48,-7.295,0.0324,0.406,0.0397,0.111,0.105,120.093,359899,28,ambient
0.497,0.348,-10.593,0.0285,0.879,0.796,0.722,0.227,82.176,197933,58,ambient
0.449,0.774,-6.135,0.0384,0.592,0.00687,0.104,0.156,95.964,333125,26,ambient
0.167,0.0721,-19.221,0.0339,0.856,0.265,0.0758,0.0388,86.116,128280,53,ambient
0.278,0.0217,-37.438,0.0327,0.98,0.919,0.0926,0.223,104.541,103090,54,ambient
0.303,0.00338,-30.932,0.0493,0.909,0.89,0.116,0.347,50.96,102373,56,ambient
0.359,0.286,-10.172,0.0338,0.908,0.0036,0.109,0.229,152.205,152333,58,ambient
0.488,0.507,-9.329,0.0283,0.352,0.754,0.221,0.114,96.225,252576,51,ambient
0.182,0.341,-9.966,0.0337,0.972,0.608,0.1,0.113,78.895,267746,52,ambient
0.166,0.00225,-37.609,0.0507,0.988,0.946,0.108,0.0541,69.327,118668,62,ambient
0.528,0.822,-5.371,0.0287,0.0087,0.192,0.183,0.363,130.013,256898,66,ambient
0.38,0.246,-13.955,0.0329,0.872,0.905,0.084,0.0573,133.805,234400,53,ambient
0.367,0.107,-20.273,0.0471,0.862,0.926,0.107,0.146,129.368,78874,60,ambient
0.277,0.243,-18.456,0.0348,0.966,0.889,0.105,0.0379,150.074,110000,29,ambient
0.567,0.344,-13.8,0.0326,0.91,0.121,0.107,0.272,117.563,211240,53,ambient
0.645,0.188,-19.37,0.0377,0.546,0.836,0.0952,0.0748,119.999,416333,52,ambient
0.456,0.672,-10.431,0.0317,0.0728,0.451,0.0724,0.0541,102.005,395294,46,ambient
0.257,0.0551,-25.138,0.0317,0.92,0.917,0.0804,0.0445,96.864,180594,48,ambient
0.451,0.724,-5.758,0.0409,0.0309,0.0,0.0844,0.284,139.972,284422,61,ambient
0.313,0.0288,-28.271,0.0395,0.992,0.911,0.0779,0.0764,126.866,240000,53,ambient
0.107,0.0214,-33.248,0.0473,0.963,0.877,0.107,0.064,151.531,171608,61,ambient
0.819,0.599,-6.778,0.039,0.347,0.824,0.083,0.489,127.986,246506,63,ambient
0.667,0.526,-18.544,0.04,0.18,0.883,0.0771,0.0354,97.99,461380,34,ambient
0.496,0.255,-17.984,0.0283,0.937,0.845,0.0909,0.0809,141.961,119999,54,ambient
0.613,0.314,-9.575,0.031,0.975,8.41e-06,0.0946,0.421,132.776,196806,55,ambient
0.491,0.197,-11.346,0.0303,0.93,2.77e-05,0.101,0.167,127.904,371506,51,ambient
0.215,0.0223,-28.528,0.0432,0.991,0.922,0.105,0.253,166.528,195240,49,ambient
0.414,0.712,-6.815,0.0379,0.0486,0.0,0.529,0.185,143.957,406346,54,ambient
0.276,0.259,-17.332,0.034,0.987,0.866,0.102,0.416,180.901,158036,57,ambient
0.496,0.873,-7.547,0.0362,0.00335,0.896,0.099,0.0458,130.0,293489,58,ambient
0.511,0.126,-20.852,0.0374,0.895,0.869,0.102,0.403,103.997,123157,60,ambient
0.194,0.179,-16.834,0.0422,0.988,0.866,0.0819,0.179,177.694,158666,64,ambient
0.314,0.634,-7.168,0.0344,0.0207,7.52e-05,0.687,0.172,143.992,526890,60,ambient
0.214,0.367,-10.858,0.0321,0.844,0.0181,0.188,0.175,79.854,281843,53,ambient
0.493,0.175,-18.049,0.036,0.949,0.777,0.112,0.278,106.903,286466,58,ambient
0.386,0.0552,-31.201,0.0395,0.992,0.942,0.0805,0.247,111.914,176000,64,ambient
0.558,0.0259,-30.016,0.0458,0.996,0.871,0.0969,0.37,157.811,125520,64,ambient
0.15,0.106,-24.453,0.0356,0.985,0.923,0.108,0.351,169.943,190605,51,ambient
0.417,0.655,-5.798,0.0347,0.0459,0.0,0.11,0.321,147.972,249213,56,ambient
0.336,0.697,-5.03,0.0339,3.07e-05,0.0,0.0598,0.125,138.122,320013,37,ambient
0.583,0.0238,-32.244,0.0369,0.994,0.847,0.103,0.426,108.74,131923,65,ambient
0.257,0.0906,-25.381,0.07,0.932,0.985,0.0786,0.0451,67.46,266200,59,ambient
0.218,0.00352,-39.627,0.0515,0.992,0.951,0.139,0.192,68.61,335542,62,ambient
0.18,0.00656,-35.4,0.0369,0.995,0.956,0.107,0.0399,58.008,82509,0,ambient
0.208,0.012,-29.933,0.0422,0.987,0.919,0.1,0.0391,175.159,257216,61,ambient
0.277,0.0314,-30.21,0.0545,0.992,0.943,0.0712,0.0495,131.571,411080,59,ambient
0.253,0.405,-10.257,0.035,0.146,0.824,0.142,0.303,188.31,319560,48,ambient
0.493,0.656,-12.747,0.0426,0.195,0.842,0.113,0.0995,169.942,235142,36,ambient
0.451,0.0457,-18.026,0.0423,0.904,0.783,0.102,0.128,128.598,172560,53,ambient
0.472,0.27,-11.649,0.027,0.729,0.0158,0.125,0.373,140.673,245840,47,ambient
0.442,0.134,-19.543,0.0425,0.991,0.946,0.103,0.288,147.943,130000,59,ambient
0.524,0.0338,-28.584,0.058,0.995,0.921,0.0907,0.25,111.895,147936,61,ambient
0.289,0.0253,-31.435,0.0376,0.994,0.919,0.0837,0.138,99.801,150000,60,ambient
0.169,0.221,-21.642,0.0349,0.846,0.894,0.101,0.061,68.937,297000,27,ambient
0.248,0.0621,-31.174,0.0362,0.988,0.873,0.144,0.0398,68.537,93657,60,ambient
0.384,0.125,-22.4,0.0315,0.987,0.929,0.112,0.369,80.185,120741,59,ambient
0.535,0.147,-25.141,0.0382,0.867,0.797,0.0825,0.238,126.823,155733,53,ambient
0.201,0.133,-19.194,0.0387,0.927,0.961,0.116,0.0775,155.788,157221,58,ambient
0.826,0.72,-9.582,0.119,0.103,0.773,0.11,0.287,127.011,494256,58,ambient
0.509,0.126,-22.956,0.0359,0.995,0.942,0.121,0.34,72.702,128915,59,ambient
0.564,0.227,-14.668,0.0407,0.963,0.000824,0.0601,0.222,124.824,175093,51,ambient
0.478,0.181,-8.731,0.0327,0.975,3.37e-06,0.0795,0.279,108.346,240426,54,ambient
0.444,0.0629,-20.499,0.035,0.962,0.0069,0.097,0.225,141.325,158422,55,ambient
0.176,0.00998,-27.101,0.0456,0.973,0.854,0.0842,0.0385,83.902,116760,55,ambient
0.218,0.0293,-31.517,0.0425,0.951,0.565,0.228,0.037,68.836,169382,61,ambient
0.171,0.0172,-32.538,0.0458,0.989,0.902,0.0876,0.0686,67.6,223880,51,ambient
0.496,0.0936,-22.248,0.0359,0.43,0.94,0.0997,0.0308,120.116,248125,53,ambient
0.442,0.0992,-22.153,0.0346,0.983,0.852,0.0975,0.213,113.645,189906,61,ambient
0.309,0.204,-10.867,0.0397,0.949,0.0,0.127,0.289,185.309,197804,52,ambient
0.33,0.423,-10.504,0.0279,0.265,0.731,0.347,0.117,143.086,211500,63,ambient
0.463,0.192,-13.229,0.0338,0.706,8.46e-05,0.105,0.135,122.631,233013,54,ambient
0.0748,0.523,-8.069,0.0354,0.782,0.866,0.0886,0.0383,74.195,255335,52,ambient
0.448,0.147,-16.405,0.0279,0.92,0.912,0.0766,0.289,144.738,85960,55,ambient
0.312,0.0268,-26.537,0.0369,0.994,0.885,0.107,0.188,68.524,152000,61,ambient
0.517,0.737,-8.189,0.0352,0.434,0.684,0.392,0.558,79.82,426614,61,ambient
0.437,0.652,-6.152,0.0288,0.0011,0.614,0.111,0.211,111.888,298466,59,ambient
0.333,0.436,-9.735,0.029,0.876,0.0179,0.0808,0.149,140.011,271199,47,ambient
0.456,0.285,-12.309,0.0303,0.851,0.152,0.122,0.0501,114.953,289117,40,ambient
0.309,0.0278,-38.497,0.043,0.988,0.952,0.081,0.24,127.773,99049,58,ambient
0.147,0.044,-22.446,0.0443,0.36,0.945,0.0875,0.0284,102.153,114647,0,ambient
0.0688,0.237,-18.403,0.0408,0.64,0.977,0.099,0.0363,76.487,283991,0,ambient
0.55,0.187,-11.991,0.0261,0.938,0.00954,0.09,0.197,92.465,237500,57,ambient
0.318,0.209,-10.664,0.0295,0.934,0.0,0.0946,0.365,90.336,376093,55,ambient
0.36,0.608,-7.811,0.0309,0.065,0.0,0.43,0.21,144.004,515387,58,ambient
0.269,0.0155,-26.36,0.032,0.974,0.925,0.11,0.24,65.363,167921,57,ambient
0.59,0.382,-11.039,0.0296,0.817,4.37e-05,0.116,0.287,98.029,232617,53,ambient
0.176,0.138,-25.668,0.0446,0.82,0.871,0.231,0.0279,101.916,156665,0,ambient
0.515,0.0695,-22.837,0.0342,0.992,0.934,0.0943,0.109,112.81,204560,60,ambient
0.4,0.128,-16.614,0.0401,0.989,0.85,0.11,0.124,122.974,251626,58,ambient
0.51,0.505,-13.053,0.0344,0.342,0.96,0.117,0.318,114.532,293751,60,ambient
0.146,0.0661,-27.101,0.0476,0.989,0.928,0.103,0.0623,76.633,341038,59,ambient
0.466,0.0155,-25.169,0.034,0.956,0.0461,0.126,0.0938,134.678,183493,55,ambient
0.206,0.272,-19.152,0.0636,0.944,0.968,0.0801,0.0266,141.733,91666,0,ambient
0.448,0.111,-20.606,0.0353,0.991,0.898,0.0974,0.0755,74.76,204629,59,ambient
0.187,0.0383,-24.141,0.0485,0.879,0.986,0.113,0.0965,80.189,88010,33,ambient
0.614,0.188,-13.477,0.0401,0.967,0.926,0.119,0.18,111.486,374290,3,ambient
0.159,0.123,-26.301,0.0652,0.864,0.762,0.104,0.0498,131.552,161465,52,ambient
0.37,0.624,-6.854,0.0276,0.417,0.0138,0.12,0.167,150.053,281062,24,ambient
0.382,0.533,-8.829,0.0277,0.471,0.688,0.14,0.276,76.019,290160,45,ambient
0.163,0.191,-20.924,0.0365,0.937,0.959,0.0961,0.0335,105.104,220630,51,ambient
0.118,0.296,-23.831,0.0737,0.946,0.972,0.111,0.184,61.882,317047,41,ambient
0.591,0.37,-12.9,0.0343,0.895,0.737,0.103,0.352,143.94,218573,51,ambient
0.513,0.185,-24.03,0.0348,0.967,0.897,0.101,0.0341,92.992,557634,47,ambient
0.213,0.0377,-33.06,0.0475,0.986,0.869,0.139,0.0973,165.763,195154,58,ambient
0.222,0.11,-18.317,0.0377,0.979,0.902,0.128,0.0638,103.252,226000,50,ambient
0.403,0.255,-9.601,0.0428,0.854,9.5e-06,0.198,0.21,206.198,155320,59,ambient
0.303,0.291,-12.932,0.0318,0.934,0.824,0.363,0.197,111.327,265253,54,ambient
0.218,0.00352,-39.627,0.0515,0.992,0.951,0.139,0.192,68.61,335542,62,ambient
0.448,0.107,-23.153,0.0321,0.951,0.921,0.111,0.2,139.33,130045,58,ambient
0.246,0.111,-24.418,0.0443,0.913,0.871,0.11,0.137,126.738,162946,59,ambient
0.142,0.112,-20.806,0.0407,0.906,0.967,0.0751,0.05,101.366,385000,51,ambient
0.467,0.532,-7.519,0.0339,0.897,0.144,0.101,0.121,72.49,202960,50,ambient
0.357,0.0878,-16.909,0.0392,0.967,0.98,0.102,0.654,82.874,101572,54,ambient
0.567,0.207,-22.354,0.037,0.963,0.925,0.105,0.151,143.999,135041,45,ambient
0.425,0.0757,-21.707,0.0375,0.89,0.901,0.111,0.156,124.374,142120,54,ambient
0.181,0.245,-12.333,0.0389,0.779,0.899,0.0681,0.0366,109.007,287520,48,ambient
0.744,0.329,-9.869,0.0312,0.954,0.591,0.0971,0.389,125.631,190573,49,ambient
0.207,0.0537,-26.829,0.043,0.993,0.953,0.0991,0.0325,68.227,184714,59,ambient
0.527,0.941,-5.084,0.0367,0.000649,0.861,0.726,0.618,148.03,397297,34,ambient
0.525,0.366,-16.488,0.0718,0.958,0.751,0.137,0.0785,179.956,291000,56,ambient
0.217,0.117,-21.398,0.0374,0.975,0.911,0.0573,0.0388,46.755,82773,56,ambient
0.579,0.606,-5.704,0.0319,0.743,0.0895,0.113,0.348,155.042,168786,50,ambient
0.433,0.00824,-29.236,0.0516,0.995,0.886,0.0742,0.0807,62.597,191610,60,ambient
0.499,0.353,-14.773,0.0352,0.961,0.856,0.154,0.199,99.936,99610,56,ambient
0.305,0.0501,-28.268,0.0413,0.967,0.88,0.0877,0.166,180.996,175909,56,ambient
0.375,0.165,-21.918,0.0676,0.995,0.901,0.105,0.0581,114.728,78546,61,ambient
0.287,0.0176,-26.308,0.047,0.988,0.908,0.104,0.17,79.592,89968,59,ambient
0.393,0.0399,-27.124,0.0469,0.982,0.892,0.109,0.147,123.787,141315,53,ambient
0.425,0.445,-10.535,0.0283,0.181,0.0,0.0728,0.116,138.03,215217,36,ambient
0.342,0.612,-6.432,0.0357,0.804,3.11e-06,0.239,0.24,79.01,179815,21,ambient
0.242,0.154,-26.525,0.0564,0.975,0.897,0.0964,0.0489,123.077,324015,58,ambient
0.282,0.063,-26.185,0.0377,0.991,0.905,0.131,0.102,128.534,176457,56,ambient
0.355,0.00708,-33.07,0.0504,0.985,0.961,0.0903,0.16,63.731,173576,58,ambient
0.336,0.173,-14.492,0.0477,0.99,0.927,0.076,0.0374,118.564,332360,55,ambient
0.174,0.178,-18.717,0.0362,0.994,0.861,0.0737,0.0347,167.972,278933,58,ambient
0.45,0.442,-11.444,0.0478,0.524,0.176,0.101,0.138,120.176,367240,54,ambient
0.334,0.268,-14.772,0.0321,0.933,0.904,0.0846,0.0523,93.405,262653,53,ambient
0.593,0.138,-25.831,0.0452,0.963,0.809,0.0903,0.172,125.039,331400,55,ambient
0.605,0.299,-11.192,0.0264,0.751,0.474,0.0943,0.181,109.008,212467,60,ambient
0.21,0.179,-15.954,0.0341,0.962,0.934,0.103,0.06,106.705,330573,56,ambient
0.487,0.509,-9.051,0.0241,0.58,0.00878,0.115,0.2,94.017,206465,61,ambient
0.139,0.215,-15.301,0.0352,0.912,0.864,0.0775,0.075,88.27,402466,55,ambient
0.327,0.405,-13.561,0.0538,0.839,0.965,0.0744,0.478,165.18,92087,11,ambient
0.537,0.302,-12.816,0.0324,0.738,0.905,0.122,0.413,110.578,189160,3,ambient
0.482,0.61,-12.196,0.0817,0.738,0.897,0.302,0.485,150.861,180560,3,ambient
0.307,0.5,-13.366,0.0365,0.627,0.844,0.0933,0.281,142.674,300880,4,ambient
0.634,0.207,-22.772,0.0354,0.434,0.881,0.105,0.174,117.981,315369,53,ambient
0.204,0.0522,-26.234,0.0404,0.968,0.937,0.0799,0.0345,78.274,123533,48,ambient
0.483,0.578,-8.286,0.0344,0.0978,0.505,0.0895,0.135,124.581,331124,23,ambient
0.439,0.379,-17.538,0.0304,0.451,0.76,0.122,0.199,160.011,285000,51,ambient
0.515,0.177,-28.931,0.0537,0.964,0.954,0.0999,0.496,149.964,295200,46,ambient
0.202,0.238,-16.526,0.0338,0.727,0.938,0.126,0.0383,97.274,159266,44,ambient
0.355,0.297,-10.826,0.0314,0.936,0.545,0.129,0.0627,107.061,220000,42,ambient
0.446,0.0523,-26.715,0.081,0.99,0.97,0.0878,0.0351,101.8,112555,54,ambient
0.23,0.0335,-29.436,0.039,0.98,0.94,0.1,0.149,136.201,142024,58,ambient
0.555,0.272,-15.373,0.0323,0.35,0.642,0.097,0.167,74.913,388266,27,ambient
0.616,0.482,-13.689,0.0657,0.723,0.537,0.0802,0.234,171.825,454506,26,ambient
0.16,0.18,-19.587,0.0337,0.874,0.833,0.109,0.0361,108.106,181908,41,ambient
0.392,0.018,-27.064,0.0375,0.995,0.903,0.0954,0.14,66.99,141500,59,ambient
0.497,0.348,-10.593,0.0285,0.879,0.796,0.722,0.227,82.176,197933,51,ambient
0.384,0.235,-20.69,0.0332,0.885,0.852,0.0874,0.193,95.95,138574,51,ambient
0.533,0.427,-11.135,0.0322,0.835,0.0199,0.0831,0.379,124.813,224666,49,ambient
0.239,0.11,-18.247,0.0349,0.978,0.945,0.11,0.111,77.77,135793,52,ambient
0.553,0.127,-13.067,0.0336,0.953,0.0,0.104,0.178,118.003,297293,52,ambient
0.184,0.207,-17.119,0.033,0.94,0.931,0.0772,0.089,79.979,251173,48,ambient
0.463,0.0223,-26.117,0.046,0.993,0.768,0.13,0.0571,78.66,87466,62,ambient
0.757,0.388,-13.754,0.044,0.88,0.382,0.104,0.74,114.031,233411,53,ambient
0.366,0.254,-12.733,0.0314,0.827,0.000139,0.139,0.129,133.116,214866,53,ambient
0.225,0.0368,-23.039,0.0381,0.977,0.956,0.107,0.0388,169.851,130678,53,ambient
0.348,0.0427,-30.862,0.0541,0.991,0.954,0.107,0.158,165.491,120406,54,ambient
0.301,0.198,-18.721,0.0314,0.889,0.871,0.104,0.04,136.903,232221,54,ambient
0.223,0.0138,-32.843,0.0294,0.937,0.916,0.13,0.0357,64.017,91706,58,ambient
0.0975,0.0077,-34.135,0.0471,0.988,0.83,0.0603,0.0989,87.152,190813,55,ambient
0.129,0.251,-13.674,0.0338,0.545,0.0138,0.0855,0.0416,76.63,166498,17,ambient
0.328,0.845,-6.606,0.0407,0.000227,0.0,0.138,0.282,149.773,383447,58,ambient
0.0,0.0445,-26.44,0.0,0.972,0.972,0.0873,0.0,0.0,73266,55,ambient
0.477,0.348,-14.586,0.0335,0.931,0.949,0.11,0.0867,117.94,208589,54,ambient
0.177,0.215,-9.886,0.0335,0.807,0.000125,0.0921,0.0415,75.862,188864,20,ambient
0.389,0.202,-15.121,0.0375,0.887,2.86e-06,0.128,0.187,83.019,202827,20,ambient
0.525,0.411,-8.829,0.0261,0.671,0.000338,0.0989,0.197,138.112,219004,23,ambient
0.458,0.00701,-34.755,0.0438,0.993,0.948,0.102,0.0939,118.444,171213,52,ambient
0.398,0.208,-10.525,0.0394,0.953,6.26e-06,0.108,0.132,129.682,303053,55,ambient
0.349,0.119,-25.234,0.0482,0.993,0.906,0.103,0.181,136.278,100013,58,ambient
0.329,0.0232,-24.632,0.0372,0.993,0.922,0.0965,0.112,111.377,209693,56,ambient
0.374,0.338,-12.44,0.029,0.737,6.42e-05,0.0649,0.0953,155.965,319739,57,ambient
0.433,0.564,-8.917,0.0405,0.713,0.275,0.117,0.855,192.07,135906,59,ambient
0.327,0.425,-11.577,0.027,0.878,0.000873,0.18,0.165,93.946,268306,63,ambient
0.338,0.00384,-40.558,0.0657,0.995,0.954,0.112,0.159,68.921,183955,58,ambient
0.402,0.0275,-25.462,0.0686,0.963,0.896,0.125,0.365,76.219,73678,58,ambient
0.322,0.184,-18.312,0.0338,0.984,0.902,0.0813,0.356,107.847,193600,59,ambient
0.286,0.00952,-40.225,0.0447,0.995,0.921,0.105,0.416,80.772,218200,58,ambient
0.427,0.849,-7.014,0.0484,0.00214,0.0,0.441,0.272,150.028,314480,45,ambient
0.446,0.467,-6.684,0.0306,0.00572,0.0,0.111,0.184,130.08,541213,45,ambient
0.307,0.394,-8.716,0.0338,0.0611,8.04e-06,0.254,0.159,134.967,452520,51,ambient
0.225,0.308,-14.874,0.0345,0.851,0.854,0.074,0.0361,107.666,394973,55,ambient
0.505,0.157,-19.683,0.0426,0.791,0.0683,0.247,0.348,139.929,296237,0,ambient
0.453,0.0208,-22.219,0.0486,0.944,0.9,0.111,0.0436,92.163,105773,51,ambient
0.514,0.174,-28.958,0.0544,0.965,0.964,0.0998,0.513,150.056,295200,43,ambient
0.621,0.504,-13.143,0.0286,0.771,0.736,0.284,0.0564,95.995,350000,38,ambient
0.446,0.0586,-26.416,0.0416,0.801,0.85,0.0876,0.111,124.019,260564,49,ambient
0.584,0.151,-14.161,0.0337,0.912,0.698,0.109,0.286,127.076,211500,48,ambient
0.208,0.162,-10.884,0.0355,0.903,6.66e-05,0.106,0.113,93.987,341173,50,ambient
0.512,0.159,-11.108,0.0305,0.849,1.75e-06,0.103,0.0797,137.896,243478,52,ambient
0.305,0.0384,-28.605,0.0301,0.961,0.902,0.0886,0.0856,81.917,221061,61,ambient
0.172,0.222,-18.408,0.0419,0.457,0.808,0.0965,0.0392,74.914,155866,49,ambient
0.471,0.138,-23.623,0.0351,0.877,0.878,0.103,0.0493,135.934,188933,49,ambient
0.281,0.0333,-31.46,0.0348,0.994,0.959,0.0995,0.169,90.25,190500,47,ambient
0.233,0.0358,-28.579,0.0373,0.946,0.878,0.108,0.0396,117.497,234000,50,ambient
0.359,0.0224,-29.089,0.039,0.987,0.866,0.111,0.169,107.849,354988,58,ambient
0.11,0.266,-14.371,0.0411,0.618,0.917,0.143,0.134,83.607,186520,51,ambient
0.326,0.161,-12.798,0.0366,0.956,7.26e-06,0.086,0.177,131.952,375813,51,ambient
0.296,0.144,-27.745,0.0361,0.984,0.901,0.109,0.133,169.195,108461,52,ambient
0.185,0.0839,-26.019,0.0355,0.916,0.896,0.107,0.133,73.769,169127,51,ambient
0.571,0.374,-13.533,0.046,0.787,0.0,0.117,0.188,119.852,137919,47,ambient
0.489,0.92,-4.746,0.0323,0.0376,0.665,0.25,0.215,126.991,417431,59,ambient
0.705,0.275,-8.894,0.0264,0.843,0.604,0.1,0.139,132.0,248295,53,ambient
0.296,0.0213,-30.051,0.0348,0.969,0.747,0.087,0.174,70.532,115160,52,ambient
0.217,0.00572,-30.767,0.0394,0.989,0.925,0.109,0.174,85.279,281120,57,ambient
0.157,0.184,-19.854,0.0442,0.539,0.922,0.107,0.0304,132.606,210052,50,ambient
0.631,0.521,-10.312,0.063,0.0201,0.923,0.103,0.118,84.033,151520,59,ambient
0.252,0.462,-9.05,0.0334,0.0135,0.0,0.104,0.0604,110.243,599746,52,ambient
0.275,0.175,-15.043,0.0373,0.793,0.0218,0.111,0.0382,85.56,166762,54,ambient
0.517,0.155,-13.335,0.032,0.877,0.0,0.103,0.223,135.203,293377,55,ambient
0.357,0.0431,-25.461,0.0334,0.992,0.948,0.13,0.0698,131.976,313973,48,ambient
0.412,0.00313,-33.479,0.0579,0.99,0.96,0.0883,0.12,102.398,180061,56,ambient
0.394,0.56,-6.925,0.0281,0.00162,0.000582,0.107,0.107,138.057,322326,54,ambient
0.582,0.64,-7.855,0.0529,0.2,0.678,0.117,0.155,180.624,497009,28,ambient
0.475,0.218,-11.49,0.0304,0.979,0.385,0.282,0.193,71.967,251920,50,ambient
0.214,0.00144,-39.869,0.0487,0.995,0.968,0.0998,0.0866,72.046,153101,55,ambient
0.346,0.217,-16.927,0.038,0.993,0.874,0.0912,0.163,130.063,202736,54,ambient
0.348,0.00533,-37.7,0.0415,0.986,0.898,0.108,0.216,103.431,198584,60,ambient
0.381,0.0943,-24.325,0.04,0.986,0.915,0.0906,0.0794,127.71,225866,57,ambient
0.394,0.228,-12.584,0.0431,0.966,3.81e-05,0.113,0.258,104.625,211787,54,ambient
0.302,0.12,-21.272,0.037,0.98,0.887,0.0874,0.218,108.008,167947,53,ambient
0.219,0.0825,-22.604,0.0421,0.994,0.602,0.278,0.168,76.03,236480,53,ambient
0.507,0.0249,-32.35,0.0409,0.995,0.931,0.0944,0.124,149.976,215333,48,ambient
0.455,0.734,-7.422,0.0315,0.00555,0.0,0.243,0.267,90.019,280762,53,ambient
0.649,0.525,-7.551,0.0347,0.912,0.000111,0.121,0.603,97.808,180693,52,ambient
0.366,0.336,-17.407,0.0367,0.968,0.934,0.0898,0.0542,140.037,364648,51,ambient
0.174,0.178,-18.717,0.0362,0.994,0.861,0.0737,0.0347,167.972,278933,59,ambient
0.14,0.217,-15.304,0.0352,0.909,0.855,0.0689,0.078,88.381,402240,42,ambient
0.364,0.00222,-35.497,0.0479,0.995,0.951,0.104,0.299,135.805,234655,56,ambient
0.461,0.802,-4.448,0.0325,0.112,0.0,0.116,0.342,144.518,221333,57,ambient
0.313,0.00821,-34.243,0.0504,0.993,0.941,0.107,0.209,66.695,198088,56,ambient
0.62,0.28,-10.477,0.0358,0.942,0.28,0.088,0.165,105.542,358133,0,ambient
0.332,0.131,-26.78,0.0501,0.993,0.912,0.0955,0.0742,117.9,336360,57,ambient
0.253,0.00209,-37.859,0.0344,0.994,0.913,0.109,0.0707,65.125,138227,58,ambient
0.157,0.334,-17.121,0.0468,0.912,0.74,0.12,0.0395,133.627,81040,50,ambient
0.612,0.427,-11.645,0.0521,0.539,0.924,0.115,0.0693,91.016,307896,44,ambient
0.249,0.00248,-30.501,0.036,0.994,0.931,0.118,0.0788,73.601,155250,51,ambient
0.367,0.337,-9.857,0.0326,0.955,0.117,0.0869,0.283,181.868,192040,48,ambient
0.3,0.00305,-30.576,0.0627,0.992,0.928,0.0805,0.0502,144.796,376198,51,ambient
0.277,0.01,-32.893,0.0359,0.98,0.848,0.131,0.0353,102.397,321880,55,ambient
0.353,0.116,-14.189,0.0373,0.98,0.000787,0.0917,0.102,64.119,271586,43,ambient
0.404,0.141,-23.148,0.0542,0.987,0.758,0.118,0.037,113.903,74690,53,ambient
0.43,0.232,-13.059,0.0399,0.93,0.872,0.122,0.0424,66.953,155266,44,ambient
0.557,0.149,-16.676,0.0434,0.899,0.00622,0.072,0.0815,114.824,213869,50,ambient
0.187,0.109,-21.143,0.048,0.938,0.867,0.124,0.0501,139.128,147093,56,ambient
0.697,0.958,-6.118,0.07,0.0186,7.12e-06,0.0876,0.608,131.965,298306,18,ambient
0.502,0.33,-8.568,0.0326,0.913,1.7e-06,0.0717,0.24,115.007,188357,43,ambient
0.183,0.131,-17.785,0.0401,0.785,0.899,0.121,0.0543,111.851,268146,54,ambient
0.5,0.015,-31.658,0.0422,0.982,0.87,0.0906,0.215,115.25,157600,30,ambient
0.36,0.0854,-20.406,0.0343,0.993,0.737,0.115,0.0773,58.322,111836,55,ambient
0.295,0.00814,-32.512,0.0454,0.993,0.894,0.124,0.152,84.328,122266,54,ambient
0.281,0.339,-11.472,0.0288,0.793,0.903,0.108,0.163,125.207,256354,52,ambient
0.228,0.082,-21.568,0.033,0.931,0.896,0.0879,0.0389,75.259,435124,45,ambient
0.346,0.0706,-35.12,0.0534,0.97,0.929,0.1,0.182,109.605,182013,54,ambient
0.623,0.813,-5.385,0.029,0.621,0.924,0.373,0.49,106.962,228653,54,ambient
0.638,0.384,-7.193,0.047,0.926,0.341,0.44,0.766,99.967,95093,57,ambient
0.324,0.0102,-32.425,0.0476,0.993,0.802,0.103,0.0879,72.085,156000,0,ambient
0.23,0.0592,-23.594,0.0445,0.989,0.941,0.0906,0.103,89.965,337372,55,ambient
0.163,0.047,-24.975,0.0344,0.938,0.955,0.14,0.0389,85.607,261480,55,ambient
0.338,0.202,-13.684,0.0314,0.953,0.194,0.111,0.128,116.745,211813,47,ambient
0.409,0.0523,-25.613,0.0343,0.993,0.943,0.117,0.344,145.833,227184,56,ambient
0.528,0.00779,-23.281,0.091,0.993,0.959,0.151,0.48,131.447,100946,54,ambient
0.271,0.0757,-26.414,0.0397,0.976,0.941,0.0924,0.0399,73.761,218958,0,ambient
0.367,0.139,-12.903,0.0465,0.866,0.0,0.111,0.323,85.695,259375,52,ambient
0.471,0.243,-10.592,0.0299,0.89,0.000963,0.109,0.233,111.469,293266,50,ambient
0.429,0.292,-7.65,0.0278,0.725,2.1e-05,0.0887,0.0352,82.5,203973,46,ambient
0.469,0.17,-18.551,0.0399,0.988,0.244,0.0772,0.202,119.972,339082,52,ambient
0.571,0.551,-7.898,0.0399,0.581,1.31e-05,0.286,0.413,134.915,185805,47,ambient
0.591,0.116,-17.019,0.0397,0.922,0.937,0.0903,0.0735,112.555,283000,53,ambient
0.324,0.0438,-33.04,0.0401,0.993,0.937,0.0713,0.307,110.226,95942,50,ambient
0.2,0.0132,-25.88,0.0352,0.974,0.868,0.119,0.123,62.372,166827,50,ambient
0.548,0.532,-12.246,0.0313,0.171,0.838,0.079,0.038,99.994,485106,45,ambient
0.183,0.0896,-27.54,0.0486,0.989,0.899,0.107,0.0326,76.923,77346,55,ambient
0.354,0.157,-22.217,0.0385,0.972,0.907,0.1,0.0431,84.909,143166,0,ambient
0.266,0.00361,-29.735,0.052,0.995,0.925,0.0723,0.0631,94.861,160453,52,ambient
0.662,0.585,-9.42,0.0458,0.0459,0.68,0.107,0.718,120.046,198943,3,ambient
0.437,0.735,-6.606,0.0301,0.00206,2.15e-05,0.701,0.145,98.923,452013,51,ambient
0.357,0.302,-15.65,0.0403,0.325,0.93,0.0626,0.0361,159.966,528765,0,ambient
0.354,0.0592,-22.256,0.0474,0.99,0.968,0.104,0.0779,109.653,91026,30,ambient
0.513,0.183,-10.249,0.0407,0.966,0.0,0.327,0.266,107.18,192571,51,ambient
0.665,0.236,-16.209,0.0291,0.612,0.842,0.101,0.0605,140.025,473142,0,ambient
0.14,0.0109,-26.251,0.0552,0.863,0.966,0.121,0.0721,139.841,120000,28,ambient
0.161,0.0128,-26.071,0.0526,0.836,0.966,0.12,0.151,130.155,113429,28,ambient
0.304,0.379,-8.484,0.029,0.912,0.025,0.112,0.189,125.203,255373,45,ambient
0.48,0.551,-11.776,0.0422,0.415,0.624,0.0727,0.0954,91.973,335600,21,ambient
0.335,0.0615,-30.169,0.0435,0.995,0.927,0.109,0.0352,96.309,232174,54,ambient
0.498,0.432,-7.297,0.0296,0.888,0.617,0.136,0.126,132.928,235053,46,ambient
0.667,0.329,-15.775,0.0298,0.936,0.942,0.104,0.428,128.015,223520,46,ambient
0.435,0.154,-21.451,0.0367,0.977,0.85,0.0728,0.0799,148.1,150405,47,ambient
0.0839,0.0303,-27.545,0.037,0.965,0.903,0.0459,0.0801,82.3,216000,40,ambient
0.0734,0.102,-23.647,0.036,0.667,0.787,0.117,0.0353,50.422,175462,41,ambient
0.377,0.0414,-25.84,0.0413,0.991,0.944,0.107,0.194,93.159,161562,45,ambient
0.712,0.569,-10.819,0.0348,0.346,0.492,0.0794,0.241,116.016,251591,54,ambient
0.241,0.231,-16.365,0.0322,0.85,0.939,0.112,0.274,134.836,102584,49,ambient
0.425,0.236,-8.765,0.0361,0.987,0.000772,0.123,0.239,126.381,257502,40,ambient
0.525,0.411,-8.829,0.0261,0.671,0.000338,0.0989,0.197,138.112,219004,35,ambient
0.565,0.251,-16.988,0.0882,0.957,0.754,0.101,0.31,134.852,146322,55,ambient
0.219,0.0153,-33.563,0.0346,0.994,0.923,0.0934,0.1,57.439,312757,54,ambient
0.5,0.469,-7.629,0.0275,0.931,0.474,0.0637,0.187,99.989,217640,47,ambient
0.408,0.136,-17.702,0.0319,0.869,0.906,0.243,0.108,107.105,180914,48,ambient
0.502,0.107,-27.84,0.0365,0.992,0.906,0.104,0.353,119.221,132235,48,ambient
0.235,0.116,-21.701,0.0328,0.988,0.951,0.122,0.109,167.941,135668,54,ambient
0.458,0.0743,-24.145,0.0532,0.993,0.91,0.103,0.232,108.93,230125,56,ambient
0.0789,0.16,-18.144,0.0362,0.733,0.786,0.0943,0.0409,56.449,176373,49,ambient
0.282,0.00212,-36.252,0.0491,0.993,0.964,0.104,0.0803,66.72,133629,55,ambient
0.424,0.0713,-23.609,0.0515,0.987,0.929,0.118,0.148,63.648,160693,54,ambient
0.518,0.933,-5.41,0.0355,0.0524,0.985,0.131,0.372,129.997,291944,53,ambient
0.575,0.0559,-16.409,0.0536,0.991,0.536,0.0808,0.214,138.327,267733,55,ambient
0.222,0.0456,-20.891,0.0385,0.993,0.964,0.231,0.0881,128.662,251573,51,ambient
0.0746,0.156,-24.007,0.0393,0.863,0.919,0.105,0.0463,80.494,458906,56,ambient
0.385,0.437,-17.853,0.0422,0.137,0.889,0.132,0.224,169.933,432506,54,ambient
0.214,0.0733,-21.302,0.0408,0.944,0.885,0.0691,0.039,137.764,223653,53,ambient
0.554,0.0782,-23.678,0.04,0.957,0.944,0.107,0.0922,136.003,157110,50,ambient
0.6,0.211,-15.272,0.0593,0.953,0.0,0.107,0.201,77.026,181568,43,ambient
0.374,0.351,-10.522,0.044,0.832,0.71,0.103,0.0852,82.56,168676,53,ambient
0.568,0.18,-12.655,0.0364,0.935,6.11e-06,0.0938,0.123,120.14,224304,40,ambient
0.198,0.0382,-29.885,0.0443,0.989,0.969,0.17,0.127,136.392,194373,57,ambient
0.414,0.25,-11.802,0.029,0.776,0.0,0.0886,0.25,148.402,305768,54,ambient
0.422,0.672,-6.629,0.0333,0.0163,0.00203,0.108,0.342,137.933,366160,54,ambient
0.386,0.67,-6.817,0.0387,0.087,0.0,0.107,0.214,143.842,304813,46,ambient
0.435,0.0564,-27.616,0.0369,0.99,0.943,0.113,0.127,110.006,155484,53,ambient
0.262,0.0111,-32.058,0.0412,0.977,0.251,0.0795,0.0732,134.731,207706,53,ambient
0.193,0.335,-8.681,0.0314,0.852,0.131,0.117,0.254,64.078,120333,55,ambient
0.322,0.615,-10.774,0.0427,0.507,0.819,0.0677,0.0361,167.95,300186,56,ambient
0.128,0.289,-13.668,0.0331,0.322,0.000707,0.197,0.0745,84.422,188481,0,ambient
0.108,0.0712,-25.938,0.0479,0.795,0.921,0.131,0.0447,61.885,124118,28,ambient
0.169,0.0153,-26.169,0.0648,0.884,0.98,0.119,0.0822,119.147,90000,28,ambient
0.166,0.263,-18.907,0.0357,0.972,0.92,0.124,0.41,177.408,96560,57,ambient
0.115,0.43,-26.167,0.06,0.879,0.978,0.119,0.362,95.325,127467,28,ambient
0.198,0.0471,-23.917,0.0476,0.869,0.922,0.117,0.143,90.982,114882,28,ambient
0.324,0.0711,-23.476,0.0364,0.985,0.857,0.0925,0.0426,69.408,282333,54,ambient
0.167,0.282,-15.214,0.0368,0.97,0.842,0.0892,0.0405,148.711,189478,0,ambient
0.203,0.0357,-24.847,0.0516,0.833,0.969,0.116,0.0391,72.357,134296,28,ambient
0.172,0.0785,-26.07,0.046,0.926,0.938,0.109,0.0372,68.967,91160,47,ambient
0.568,0.669,-4.807,0.0316,0.528,0.446,0.108,0.381,119.95,204556,40,ambient
0.217,0.23,-12.791,0.0324,0.862,0.898,0.725,0.0742,149.76,498000,53,ambient
0.181,0.0203,-26.978,0.0351,0.976,0.852,0.0808,0.0361,66.015,191460,39,ambient
0.615,0.417,-15.441,0.0373,0.287,0.862,0.215,0.117,117.982,217134,52,ambient
0.259,0.29,-17.231,0.0289,0.939,0.887,0.0944,0.186,177.267,119013,51,ambient
0.113,0.146,-19.294,0.033,0.925,0.958,0.0998,0.08,75.822,194676,38,ambient
0.14,0.0739,-22.458,0.0437,0.916,0.947,0.0961,0.0313,141.524,174333,50,ambient
0.203,0.03,-31.871,0.0425,0.987,0.926,0.0805,0.0776,71.547,259200,49,ambient
0.181,0.0167,-25.536,0.0355,0.974,0.862,0.0723,0.0475,62.784,204000,43,ambient
0.2,0.293,-18.901,0.0423,0.828,0.899,0.299,0.119,150.167,864000,44,ambient
0.412,0.124,-20.09,0.0425,0.939,0.909,0.109,0.0398,119.992,214680,46,ambient
0.388,0.554,-8.562,0.0318,0.0131,0.00768,0.0794,0.14,135.078,630228,49,ambient
0.364,0.00799,-33.09,0.0395,0.978,0.894,0.109,0.0674,101.226,216093,57,ambient
0.118,0.134,-18.708,0.04,0.673,0.804,0.108,0.0572,82.743,299120,52,ambient
0.495,0.389,-13.975,0.0409,0.644,0.597,0.0946,0.321,149.686,168733,42,ambient
0.155,0.258,-13.266,0.0358,0.979,0.95,0.611,0.0317,102.231,207200,46,ambient
0.495,0.0647,-13.052,0.0467,0.967,7.75e-05,0.135,0.249,118.967,118833,50,ambient
0.542,0.643,-7.097,0.0394,0.0954,0.0,0.115,0.237,135.921,231851,47,ambient
0.3,0.212,-21.017,0.0333,0.847,0.861,0.062,0.0553,199.617,239769,54,ambient
0.113,0.271,-12.944,0.0348,0.289,0.929,0.105,0.0469,177.119,319694,38,ambient
0.464,0.493,-11.77,0.038,0.793,0.757,0.0986,0.0391,90.534,350040,50,ambient
0.354,0.301,-12.772,0.0373,0.41,0.509,0.084,0.111,124.991,136507,38,ambient
0.0936,0.0204,-31.212,0.042,0.995,0.936,0.139,0.291,80.879,75626,55,ambient
0.185,0.264,-9.29,0.0333,0.94,3.13e-05,0.0871,0.0576,72.902,273466,51,ambient
0.487,0.15,-10.057,0.0402,0.912,0.0,0.11,0.222,117.995,261519,48,ambient
0.274,0.573,-7.881,0.0391,0.0604,1.2e-06,0.537,0.223,126.319,510726,55,ambient
0.235,0.118,-20.222,0.0318,0.98,0.888,0.125,0.185,167.29,161258,53,ambient
0.487,0.604,-5.14,0.0319,0.601,0.0,0.144,0.827,162.973,198592,46,ambient
0.233,0.0369,-24.326,0.0363,0.99,0.909,0.098,0.0582,70.862,105974,50,ambient
0.535,0.364,-11.349,0.0328,0.948,0.082,0.334,0.0956,120.033,232613,47,ambient
0.206,0.177,-19.623,0.0344,0.95,0.943,0.0986,0.0962,78.691,157984,50,ambient
0.459,0.35,-15.912,0.0356,0.0407,0.81,0.137,0.037,89.89,345170,48,ambient
0.403,0.0217,-25.107,0.0502,0.994,0.953,0.109,0.0652,72.051,166173,50,ambient
0.232,0.164,-16.952,0.0417,0.984,0.95,0.075,0.0378,131.065,308760,51,ambient
0.175,0.195,-23.733,0.0464,0.857,0.84,0.372,0.104,63.029,99047,27,ambient
0.178,0.0949,-23.573,0.0612,0.796,0.848,0.119,0.177,106.237,121904,27,ambient
0.179,0.179,-17.838,0.0319,0.975,0.888,0.0758,0.432,185.851,225760,53,ambient
0.144,0.12,-23.212,0.0484,0.811,0.895,0.117,0.265,71.542,45714,27,ambient
0.13,0.112,-23.607,0.0513,0.79,0.855,0.112,0.145,85.425,72380,27,ambient
0.199,0.118,-23.407,0.0546,0.608,0.602,0.118,0.164,123.353,49523,27,ambient
0.543,0.507,-8.119,0.0269,0.374,0.0343,0.11,0.193,100.13,192070,57,ambient
0.157,0.118,-23.331,0.0521,0.845,0.908,0.119,0.262,86.731,76190,27,ambient
0.203,0.215,-23.772,0.0548,0.74,0.567,0.299,0.182,118.355,102857,27,ambient
0.132,0.116,-23.457,0.0461,0.902,0.928,0.126,0.217,92.325,49523,27,ambient
0.196,0.435,-24.807,0.195,0.633,0.193,0.659,0.644,59.802,64761,27,ambient
0.183,0.123,-21.108,0.051,0.694,0.937,0.373,0.0448,81.342,77647,27,ambient
0.199,0.102,-23.531,0.0497,0.838,0.903,0.114,0.262,81.059,114285,27,ambient
0.269,0.142,-23.695,0.0509,0.866,0.904,0.114,0.321,67.872,45714,27,ambient
0.136,0.116,-22.585,0.0485,0.828,0.903,0.119,0.221,79.102,41904,27,ambient
0.368,0.294,-13.599,0.0302,0.399,0.00959,0.16,0.126,180.003,215063,18,ambient
0.241,0.856,-6.771,0.0474,0.02,0.00168,0.1,0.293,132.006,244690,18,ambient
0.354,0.499,-11.844,0.0317,0.82,0.899,0.116,0.205,143.843,146195,19,ambient
0.425,0.375,-13.693,0.0353,0.467,0.525,0.133,0.179,116.99,218727,53,ambient
0.464,0.211,-19.716,0.0387,0.916,0.506,0.0819,0.271,105.729,315026,22,ambient
0.235,0.0177,-31.596,0.0362,0.989,0.919,0.0917,0.0464,103.05,155360,51,ambient
0.597,0.268,-18.485,0.0564,0.954,0.961,0.132,0.0992,137.942,102057,49,ambient
0.175,0.212,-14.073,0.0374,0.85,0.86,0.0979,0.128,132.026,277853,53,ambient
0.494,0.0345,-19.24,0.0374,0.985,0.952,0.223,0.192,70.907,124589,54,ambient
0.281,0.443,-12.56,0.0322,0.699,0.92,0.155,0.055,97.833,175706,48,ambient
0.298,0.151,-14.479,0.0341,0.769,0.00602,0.105,0.139,158.407,282680,50,ambient
0.303,0.129,-18.549,0.0348,0.915,0.872,0.122,0.073,137.734,118746,52,ambient
0.45,0.574,-6.568,0.0393,0.908,0.0289,0.126,0.321,145.674,175986,47,ambient
0.403,0.16,-22.779,0.0369,0.959,0.941,0.0911,0.16,72.571,204845,50,ambient
0.437,0.183,-25.455,0.0369,0.985,0.916,0.0989,0.0393,138.098,295293,54,ambient
0.314,0.00174,-37.754,0.0473,0.994,0.97,0.11,0.0628,64.329,142355,54,ambient
0.0701,0.0132,-28.395,0.0404,0.98,0.634,0.072,0.034,75.221,181106,52,ambient
0.29,0.177,-15.928,0.0364,0.896,0.944,0.114,0.0706,115.306,167432,44,ambient
0.434,0.305,-18.173,0.0364,0.892,0.942,0.111,0.0594,139.878,596773,51,ambient
0.275,0.401,-10.641,0.0349,0.8,0.00903,0.124,0.186,147.662,311853,46,ambient
0.241,0.306,-13.571,0.0404,0.929,0.895,0.134,0.065,89.802,243493,51,ambient
0.521,0.28,-16.645,0.0362,0.946,0.943,0.112,0.307,141.96,352357,44,ambient
0.635,0.256,-14.187,0.0355,0.874,0.95,0.107,0.249,92.025,167066,49,ambient
0.0911,0.163,-17.135,0.0382,0.945,0.965,0.0975,0.0393,63.438,274218,57,ambient
0.55,0.342,-16.771,0.0337,0.695,0.884,0.0899,0.169,120.949,423047,50,ambient
0.429,0.00693,-31.051,0.0539,0.995,0.938,0.0711,0.431,97.075,125413,56,ambient
0.178,0.0135,-28.203,0.046,0.964,0.92,0.116,0.0392,47.37,118986,50,ambient
0.301,0.0089,-30.804,0.0371,0.987,0.907,0.101,0.0897,127.536,367666,53,ambient
0.393,0.0429,-25.727,0.0341,0.992,0.925,0.0821,0.0394,135.405,288280,54,ambient
0.45,0.257,-9.449,0.0533,0.952,0.0,0.159,0.366,100.24,244824,50,ambient
0.448,0.111,-20.606,0.0353,0.991,0.898,0.0974,0.0755,74.76,204629,57,ambient
0.398,0.19,-18.011,0.0302,0.987,0.911,0.0834,0.174,169.153,417733,49,ambient
0.525,0.144,-22.617,0.0349,0.984,0.89,0.186,0.321,115.509,429933,47,ambient
0.201,0.0332,-29.063,0.0516,0.863,0.986,0.11,0.0315,83.87,125400,52,ambient
0.38,0.0797,-18.041,0.0438,0.991,0.935,0.123,0.0668,109.091,111831,55,ambient
0.107,0.117,-23.472,0.0531,0.704,0.835,0.118,0.232,174.17,91428,27,ambient
0.2,0.13,-23.285,0.0481,0.878,0.91,0.114,0.336,110.51,53333,27,ambient
0.182,0.106,-23.278,0.0493,0.893,0.904,0.113,0.233,97.453,68571,27,ambient
0.265,0.124,-23.395,0.0456,0.809,0.916,0.114,0.371,100.861,49523,27,ambient
0.201,0.444,-23.991,0.132,0.669,0.08,0.367,0.494,129.808,80000,27,ambient
0.674,0.267,-17.058,0.0318,0.976,0.954,0.0847,0.394,107.749,365960,51,ambient
0.199,0.12,-23.949,0.0514,0.814,0.85,0.115,0.3,71.151,144761,27,ambient
0.185,0.119,-23.618,0.0527,0.811,0.853,0.118,0.346,129.282,83809,27,ambient
0.29,0.129,-23.333,0.055,0.733,0.762,0.113,0.182,92.904,49523,27,ambient
0.184,0.109,-24.131,0.0631,0.786,0.879,0.117,0.193,131.54,175238,26,ambient
0.104,0.316,-23.74,0.0642,0.838,0.798,0.604,0.307,79.953,99047,26,ambient
0.197,0.122,-23.756,0.0496,0.822,0.836,0.115,0.307,86.216,68571,27,ambient
0.18,0.0968,-22.729,0.0478,0.863,0.938,0.12,0.388,80.867,45714,27,ambient
0.377,0.261,-15.708,0.0411,0.132,0.875,0.116,0.0457,117.994,181933,52,ambient
0.346,0.095,-22.82,0.0428,0.907,0.864,0.0923,0.0396,109.452,278800,47,ambient
0.573,0.287,-11.124,0.0337,0.79,0.0,0.111,0.108,115.917,310474,18,ambient
0.576,0.137,-20.681,0.0509,0.986,0.897,0.0871,0.532,104.033,145450,19,ambient
0.525,0.837,-6.591,0.0336,0.0251,0.84,0.346,0.077,120.03,333124,18,ambient
0.489,0.15,-15.737,0.0607,0.891,0.722,0.0772,0.0932,79.987,144626,48,ambient
0.417,0.49,-13.065,0.0514,0.246,0.432,0.065,0.121,105.892,375493,22,ambient
0.671,0.838,-9.902,0.0352,0.00495,0.854,0.34,0.0348,120.01,252528,42,ambient
0.305,0.168,-16.916,0.0332,0.964,0.852,0.103,0.051,117.312,119063,48,ambient
0.0602,0.0276,-21.52,0.0528,0.979,0.962,0.101,0.0356,67.561,229403,50,ambient
0.302,0.0288,-26.078,0.0491,0.956,0.805,0.101,0.069,119.592,323573,42,ambient
0.819,0.599,-6.778,0.039,0.347,0.824,0.083,0.489,127.986,246506,54,ambient
0.395,0.0782,-23.023,0.0414,0.988,0.905,0.104,0.0798,173.83,197943,39,ambient
0.145,0.126,-18.667,0.0356,0.853,0.98,0.113,0.0278,58.373,84760,40,ambient
0.324,0.588,-10.75,0.0518,0.223,0.464,0.523,0.0792,89.826,282973,44,ambient
0.0,0.0323,-23.636,0.0,0.994,0.973,0.0922,0.0,0.0,68493,53,ambient
0.444,0.0508,-28.789,0.0395,0.993,0.894,0.0983,0.271,132.664,147314,51,ambient
0.389,0.202,-15.121,0.0375,0.887,2.86e-06,0.128,0.187,83.019,202827,39,ambient
0.0643,0.0704,-24.653,0.039,0.654,0.767,0.0886,0.0674,65.582,241773,49,ambient
0.488,0.0549,-26.054,0.0376,0.987,0.943,0.0753,0.122,65.011,129199,47,ambient
0.282,0.154,-22.065,0.0444,0.833,0.88,0.0809,0.0383,138.131,304460,48,ambient
0.698,0.789,-4.936,0.163,0.132,0.0091,0.366,0.492,123.016,368400,55,ambient
0.475,0.137,-16.239,0.032,0.723,0.129,0.124,0.057,129.623,257516,47,ambient
0.535,0.113,-22.767,0.233,0.93,0.635,0.0982,0.333,119.958,51000,48,ambient
0.148,0.25,-15.961,0.0334,0.906,0.775,0.12,0.162,171.567,170893,51,ambient
0.254,0.131,-22.392,0.0332,0.84,0.899,0.0777,0.0372,135.145,217125,52,ambient
0.525,0.0406,-16.14,0.0413,0.557,0.964,0.118,0.31,88.027,112546,36,ambient
0.447,0.449,-10.634,0.0376,0.934,0.961,0.0697,0.036,92.468,315426,49,ambient
0.248,0.0318,-24.706,0.0447,0.926,0.954,0.111,0.0756,130.462,437253,55,ambient
0.249,0.128,-19.254,0.0408,0.978,0.922,0.109,0.388,170.246,140585,46,ambient
0.482,0.00796,-36.846,0.0395,0.988,0.953,0.0972,0.0757,105.502,63262,50,ambient
0.483,0.0176,-25.501,0.052,0.994,0.928,0.0912,0.2,76.384,301733,51,ambient
0.273,0.0338,-33.878,0.0343,0.984,0.878,0.105,0.134,147.649,227674,52,ambient
0.258,0.082,-25.537,0.0526,0.988,0.915,0.107,0.0788,142.581,359213,52,ambient
0.436,0.76,-7.906,0.0374,0.362,0.955,0.13,0.504,75.012,219760,55,ambient
0.225,0.124,-26.385,0.0544,0.965,0.905,0.0937,0.0479,132.853,473493,54,ambient
0.388,0.566,-8.316,0.0332,0.269,1.2e-06,0.0938,0.17,144.914,468274,55,ambient
0.263,0.0177,-32.229,0.0412,0.992,0.906,0.119,0.173,73.247,127733,27,ambient
0.332,0.105,-23.594,0.0328,0.87,0.838,0.109,0.0534,127.923,257666,51,ambient
0.408,0.0835,-12.626,0.0422,0.939,6.07e-06,0.153,0.324,140.247,168669,26,ambient
0.345,0.512,-11.576,0.0343,0.938,0.888,0.126,0.242,110.148,130572,49,ambient
0.396,0.843,-7.077,0.0467,0.0041,2.46e-06,0.45,0.354,144.011,265520,40,ambient
0.679,0.0809,-21.97,0.0583,0.994,0.942,0.0969,0.195,130.049,114461,52,ambient
0.126,0.0805,-31.267,0.0413,0.996,0.852,0.0976,0.124,205.971,108773,56,ambient
0.389,0.314,-8.559,0.0345,0.772,0.576,0.109,0.107,95.641,228080,50,ambient
0.44,0.702,-6.759,0.0325,0.0197,3.79e-05,0.109,0.295,143.99,456000,52,ambient
0.682,0.444,-16.704,0.0964,0.646,0.873,0.113,0.261,131.991,372727,26,ambient
0.458,0.309,-14.186,0.0283,0.909,0.956,0.118,0.0556,106.006,173026,53,ambient
0.74,0.974,-8.817,0.0558,0.00231,0.03,0.0345,0.466,130.012,387466,27,ambient
0.221,0.0319,-20.259,0.0417,0.989,0.943,0.0674,0.043,80.491,301573,52,ambient
0.417,0.361,-7.59,0.0301,0.0204,0.00167,0.0999,0.285,62.532,251469,55,ambient
0.337,0.309,-15.671,0.035,0.973,0.961,0.0636,0.0356,113.48,247729,44,ambient
0.413,0.389,-10.039,0.0263,0.63,0.895,0.0823,0.0698,85.008,248906,19,ambient
0.25,0.656,-6.576,0.0317,0.229,0.82,0.0956,0.15,104.987,278500,18,ambient
0.506,0.162,-27.524,0.0343,0.901,0.818,0.0972,0.502,129.948,210461,41,ambient
0.65,0.609,-9.038,0.0663,0.0298,0.875,0.106,0.18,119.993,323000,43,ambient
0.587,0.033,-24.687,0.042,0.991,0.911,0.107,0.269,115.94,200331,36,ambient
0.581,0.375,-16.464,0.0363,0.39,0.651,0.672,0.106,97.006,247422,45,ambient
0.409,0.407,-11.483,0.0302,0.676,0.000153,0.101,0.329,134.977,200562,45,ambient
0.545,0.18,-21.022,0.0337,0.988,0.906,0.0686,0.31,156.694,226866,47,ambient
0.288,0.0323,-25.465,0.0362,0.975,0.96,0.106,0.0345,112.168,140760,50,ambient
0.467,0.392,-14.282,0.0336,0.023,0.913,0.107,0.038,135.0,211555,41,ambient
0.423,0.668,-7.927,0.0252,0.0381,0.96,0.168,0.506,86.021,196960,42,ambient
0.578,0.547,-12.526,0.032,0.564,0.853,0.112,0.0679,120.022,252633,45,ambient
0.465,0.619,-10.947,0.0447,0.758,0.916,0.108,0.0544,113.984,266270,47,ambient
0.385,0.393,-11.91,0.0307,0.614,0.725,0.108,0.0918,109.909,196490,45,ambient
0.581,0.459,-14.519,0.0314,0.0398,0.881,0.151,0.315,119.042,177266,54,ambient
0.395,0.0826,-18.982,0.0432,0.995,0.93,0.126,0.119,93.288,165020,58,ambient
0.0655,0.0455,-26.592,0.0494,0.884,0.369,0.104,0.0388,66.915,491333,48,ambient
0.185,0.0535,-26.329,0.0435,0.975,0.953,0.0998,0.0849,179.997,229606,50,ambient
0.276,0.289,-14.322,0.0339,0.662,0.982,0.0963,0.0805,39.369,123720,51,ambient
0.321,0.00611,-38.341,0.0362,0.995,0.908,0.09,0.0693,104.311,205493,58,ambient
0.309,0.204,-10.867,0.0397,0.949,0.0,0.127,0.289,185.309,197804,49,ambient
0.562,0.504,-8.359,0.0375,0.894,0.209,0.23,0.488,164.21,195680,46,ambient
0.648,0.339,-14.428,0.0304,0.966,0.881,0.105,0.169,119.984,200240,50,ambient
0.176,0.0543,-22.125,0.0391,0.953,0.907,0.0788,0.0395,120.077,406056,44,ambient
0.17,0.0388,-28.428,0.0462,0.938,0.922,0.105,0.129,125.098,267451,44,ambient
0.567,0.243,-21.787,0.0581,0.995,0.892,0.0981,0.422,129.95,130652,51,ambient
0.481,0.182,-24.37,0.0638,0.995,0.966,0.118,0.125,100.542,146360,49,ambient
0.181,0.0863,-21.685,0.0374,0.956,0.95,0.0929,0.0337,70.907,333400,48,ambient
0.355,0.0552,-25.603,0.0334,0.976,0.915,0.131,0.195,106.809,203653,42,ambient
0.355,0.734,-8.221,0.0509,0.00177,0.0,0.0965,0.237,143.964,633462,55,ambient
0.505,0.0994,-21.953,0.0378,0.941,0.969,0.106,0.158,142.873,223000,44,ambient
0.151,0.0928,-20.167,0.0389,0.982,0.921,0.0771,0.113,156.658,182000,49,ambient
0.186,0.0916,-17.125,0.0381,0.885,0.00027,0.0959,0.0489,168.926,414173,51,ambient
0.18,0.328,-14.955,0.0381,0.0882,0.906,0.16,0.0445,88.592,268083,41,ambient
0.337,0.28,-18.646,0.0384,0.987,0.882,0.0851,0.0824,140.004,75969,57,ambient
0.417,0.0939,-20.98,0.0402,0.984,0.826,0.0903,0.0384,84.241,219549,56,ambient
0.541,0.21,-22.624,0.0373,0.885,0.868,0.0876,0.0461,119.916,238318,52,ambient
0.243,0.158,-24.65,0.0494,0.983,0.937,0.117,0.304,112.454,103093,41,ambient
0.146,0.00849,-36.382,0.0384,0.97,0.932,0.101,0.0389,77.324,413480,51,ambient
0.515,0.39,-9.544,0.0275,0.706,0.000684,0.137,0.0718,105.981,93400,55,ambient
0.101,0.241,-17.526,0.0376,0.819,0.944,0.14,0.0369,90.234,295920,42,ambient
0.819,0.601,-6.793,0.0389,0.347,0.798,0.0773,0.482,127.989,246506,46,ambient
0.284,0.209,-19.712,0.0346,0.949,0.846,0.113,0.0786,154.189,142773,51,ambient
0.295,0.0326,-28.956,0.0566,0.994,0.931,0.15,0.0999,124.728,265626,51,ambient
0.6,0.181,-11.581,0.0331,0.914,0.0,0.119,0.178,119.919,223754,44,ambient
0.401,0.0949,-28.822,0.0583,0.985,0.883,0.0995,0.0293,103.858,229826,54,ambient
0.238,0.185,-18.862,0.0478,0.985,0.923,0.0655,0.0395,145.18,660000,49,ambient
0.302,0.405,-16.077,0.0388,0.978,0.927,0.124,0.213,110.259,204461,52,ambient
0.342,0.0319,-34.481,0.0451,0.983,0.952,0.0607,0.183,128.733,245438,52,ambient
0.398,0.0933,-11.879,0.0442,0.958,4.63e-06,0.0893,0.185,81.76,253892,50,ambient
0.146,0.143,-19.2,0.0324,0.978,0.829,0.117,0.173,81.018,122810,43,ambient
0.0832,0.245,-14.042,0.0484,0.933,0.741,0.0944,0.0372,85.475,663021,46,ambient
0.395,0.0465,-25.504,0.0383,0.978,0.923,0.0968,0.1,66.808,195193,49,ambient
0.133,0.0671,-16.578,0.0344,0.747,0.903,0.0983,0.038,66.744,240461,39,ambient
0.488,0.903,-10.355,0.0373,0.0039,0.823,0.137,0.0364,119.99,237600,48,ambient
0.483,0.623,-12.925,0.0376,0.651,0.883,0.134,0.376,97.033,358560,52,ambient
0.0951,0.155,-20.447,0.0342,0.865,0.776,0.0922,0.138,163.072,159747,46,ambient
0.332,0.101,-23.391,0.0406,0.985,0.947,0.107,0.185,129.317,305880,50,ambient
0.219,0.324,-12.016,0.036,0.093,0.948,0.0596,0.0431,97.604,206729,49,ambient
0.258,0.0238,-28.865,0.0428,0.994,0.904,0.106,0.0757,140.596,182647,54,ambient
0.152,0.00559,-32.174,0.0426,0.956,0.906,0.112,0.0772,195.603,396688,51,ambient
0.207,0.0748,-22.754,0.0328,0.904,0.9,0.0571,0.0385,48.232,269861,45,ambient
0.434,0.00159,-33.554,0.0439,0.983,0.785,0.118,0.18,85.395,134523,54,ambient
0.359,0.143,-24.629,0.042,0.979,0.944,0.101,0.136,75.111,173635,49,ambient
0.121,0.0971,-22.27,0.0367,0.963,0.947,0.0981,0.0404,56.513,143186,43,ambient
0.137,0.00965,-34.079,0.0487,0.995,0.917,0.107,0.0895,176.173,191120,53,ambient
0.52,0.304,-15.255,0.0284,0.816,0.366,0.0948,0.0392,103.981,231640,55,ambient
0.612,0.753,-10.114,0.0317,0.0656,0.00595,0.129,0.592,143.946,245613,15,ambient
0.852,0.796,-7.994,0.0689,0.0156,0.948,0.0966,0.431,129.984,269149,45,ambient
0.468,0.00375,-33.35,0.0358,0.994,0.948,0.0776,0.174,61.416,201901,44,ambient
0.192,0.0777,-19.26,0.038,0.986,0.916,0.0485,0.154,87.354,138360,47,ambient
0.0688,0.326,-15.193,0.0412,0.792,0.756,0.114,0.0387,75.48,317487,33,ambient
0.418,0.051,-25.754,0.0353,0.992,0.936,0.107,0.236,132.424,214862,45,ambient
0.478,0.333,-11.441,0.0328,0.316,0.0,0.0646,0.204,74.935,342259,52,ambient
0.16,0.0985,-25.284,0.0463,0.497,0.936,0.11,0.0321,131.018,210426,46,ambient
0.376,0.0273,-19.715,0.034,0.988,0.0916,0.119,0.185,89.013,111760,44,ambient
0.416,0.392,-8.97,0.0282,0.205,0.0294,0.0833,0.0896,141.8,298681,49,ambient
0.128,0.396,-9.904,0.0342,0.0561,8.3e-06,0.0966,0.05,71.965,339870,53,ambient
0.462,0.0787,-24.908,0.0362,0.971,0.873,0.108,0.04,124.963,234027,53,ambient
0.114,0.121,-21.115,0.0392,0.981,0.958,0.215,0.0778,87.964,101375,52,ambient
0.302,0.274,-10.26,0.0353,0.947,2.28e-06,0.105,0.379,75.891,281506,50,ambient
0.312,0.431,-7.23,0.0296,0.191,0.00107,0.124,0.287,139.542,408826,48,ambient
0.253,0.00429,-36.172,0.0523,0.99,0.912,0.103,0.0368,74.497,256146,59,ambient
0.131,0.205,-17.043,0.0387,0.624,0.918,0.129,0.0362,146.089,289792,46,ambient
0.403,0.412,-8.863,0.0286,0.0247,0.0,0.128,0.064,136.05,371774,50,ambient
0.49,0.524,-13.911,0.0357,0.729,0.896,0.0803,0.0929,94.986,343606,41,ambient
0.265,0.0838,-23.47,0.0349,0.99,0.848,0.101,0.239,135.873,95306,50,ambient
0.619,0.0327,-20.273,0.0371,0.995,0.712,0.0865,0.0785,102.884,447800,48,ambient
0.593,0.625,-7.11,0.0291,0.015,0.000108,0.15,0.229,127.007,444174,50,ambient
0.395,0.00515,-27.24,0.0807,0.996,0.939,0.0675,0.138,64.168,136890,37,ambient
0.431,0.0775,-23.964,0.0706,0.996,0.933,0.0806,0.29,64.86,115227,52,ambient
0.321,0.109,-19.433,0.0333,0.944,0.935,0.0774,0.0833,81.953,223985,52,ambient
0.603,0.289,-16.3,0.0394,0.971,0.841,0.0921,0.194,123.978,350986,49,ambient
0.334,0.268,-14.772,0.0321,0.933,0.904,0.0846,0.0523,93.405,262653,50,ambient
0.522,0.462,-11.273,0.0335,0.674,0.969,0.11,0.104,80.0,389325,43,ambient
0.384,0.0517,-25.724,0.0398,0.978,0.895,0.0837,0.222,108.219,310688,26,ambient
0.436,0.0949,-18.795,0.0482,0.992,0.938,0.0994,0.0338,160.164,115640,25,ambient
0.328,0.166,-18.42,0.0413,0.983,0.884,0.0931,0.172,75.497,195837,43,ambient
0.397,0.575,-9.689,0.0443,0.652,0.00261,0.12,0.284,76.118,203397,53,ambient
0.168,0.0383,-23.447,0.0382,0.48,0.856,0.107,0.0342,92.746,193466,45,ambient
0.28,0.299,-9.68,0.0298,0.856,0.0295,0.104,0.109,155.035,170160,39,ambient
0.287,0.236,-22.615,0.0726,0.83,0.898,0.0972,0.0293,73.765,97160,44,ambient
0.349,0.106,-13.263,0.037,0.966,1.55e-05,0.106,0.138,125.386,291688,47,ambient
0.472,0.308,-16.387,0.0353,0.906,0.915,0.0982,0.0793,126.64,225000,40,ambient
0.228,0.348,-9.748,0.0295,0.875,0.000139,0.0829,0.178,109.255,254853,49,ambient
0.4,0.00478,-32.946,0.0382,0.993,0.92,0.103,0.122,74.012,143960,57,ambient
0.611,0.697,-12.596,0.0347,0.164,0.935,0.0846,0.0388,123.037,315297,49,ambient
0.492,0.0814,-24.477,0.0584,0.993,0.952,0.111,0.562,177.103,200348,56,ambient
0.317,0.151,-23.897,0.0358,0.992,0.926,0.0852,0.112,69.883,236040,49,ambient
0.355,0.074,-17.67,0.0317,0.976,0.928,0.0892,0.0605,77.003,197666,46,ambient
0.164,0.858,-8.141,0.0374,2.52e-05,0.889,0.102,0.0336,99.986,558000,28,ambient
0.666,0.518,-10.387,0.035,0.0646,0.825,0.152,0.277,122.998,296585,43,ambient
0.578,0.162,-10.48,0.0374,0.74,0.0,0.178,0.195,135.495,235560,37,ambient
0.19,0.0739,-21.4,0.0333,0.975,0.11,0.0725,0.0786,99.994,311666,46,ambient
0.414,0.392,-13.021,0.038,0.96,0.926,0.071,0.0366,92.394,316973,44,ambient
0.503,0.209,-22.495,0.0288,0.974,0.913,0.102,0.325,132.361,168398,51,ambient
0.167,0.0709,-25.474,0.0341,0.967,0.958,0.107,0.0391,111.917,226857,39,ambient
0.621,0.786,-9.086,0.0317,0.0646,0.00876,0.133,0.637,143.965,243680,15,ambient
0.633,0.574,-9.667,0.0299,0.792,0.921,0.105,0.236,117.515,248680,47,ambient
0.315,0.0392,-27.539,0.0385,0.989,0.88,0.0821,0.0606,58.582,152597,18,ambient
0.387,0.0616,-23.838,0.0422,0.99,0.915,0.058,0.279,209.852,178973,50,ambient
0.199,0.0882,-21.032,0.0366,0.926,0.94,0.0938,0.0912,125.963,293000,0,ambient
0.311,0.309,-19.505,0.036,0.891,0.961,0.112,0.231,115.102,440333,54,ambient
0.209,0.00395,-34.685,0.0403,0.99,0.945,0.0861,0.157,171.429,256540,17,ambient
0.227,0.00414,-33.712,0.04,0.99,0.951,0.0869,0.166,173.674,254271,18,ambient
0.46,0.47,-9.703,0.0351,0.671,0.124,0.0875,0.0898,140.066,259854,45,ambient
0.139,0.0427,-23.586,0.0438,0.963,0.908,0.0885,0.0347,142.538,322906,50,ambient
0.421,0.46,-13.568,0.0375,0.966,0.894,0.105,0.435,125.925,173133,40,ambient
0.357,0.0431,-25.461,0.0334,0.992,0.948,0.13,0.0698,131.976,313973,47,ambient
0.352,0.0355,-23.22,0.0581,0.987,0.916,0.0911,0.233,65.048,197877,55,ambient
0.253,0.359,-8.482,0.0317,0.31,6.16e-06,0.359,0.115,115.348,415079,53,ambient
0.506,0.206,-22.564,0.0512,0.846,0.948,0.114,0.09,112.967,146986,43,ambient
0.108,0.24,-16.343,0.0309,0.531,0.167,0.13,0.0381,71.699,259053,46,ambient
0.285,0.55,-10.988,0.0414,0.326,0.866,0.128,0.0559,89.986,405010,40,ambient
0.592,0.506,-12.327,0.039,0.00346,0.606,0.406,0.289,89.991,514906,36,ambient
0.17,0.364,-21.87,0.0701,0.839,0.948,0.975,0.21,83.16,160000,51,ambient
0.154,0.208,-19.148,0.039,0.84,0.888,0.102,0.0456,95.143,263573,42,ambient
0.641,0.477,-13.083,0.058,0.165,0.922,0.0788,0.46,171.424,324906,51,ambient
0.297,0.0155,-29.852,0.0513,0.978,0.184,0.18,0.0971,78.661,253453,49,ambient
0.361,0.00189,-30.927,0.0493,0.986,0.835,0.0898,0.179,94.018,226626,25,ambient
0.209,0.0199,-26.368,0.0475,0.974,0.674,0.126,0.567,84.93,159453,48,ambient
0.393,0.104,-12.154,0.0339,0.908,0.0,0.389,0.214,117.851,215689,54,ambient
0.347,0.244,-16.585,0.0361,0.906,0.915,0.335,0.211,115.044,326693,23,ambient
0.172,0.0109,-38.78,0.0463,0.992,0.985,0.0618,0.0305,81.261,71360,29,ambient
0.567,0.476,-9.166,0.0294,0.527,0.603,0.103,0.279,126.602,245554,25,ambient
0.372,0.00827,-34.436,0.0618,0.964,0.0248,0.574,0.153,84.781,209373,25,ambient
0.143,0.13,-19.458,0.0373,0.918,0.589,0.11,0.0367,51.762,208080,43,ambient
0.0629,0.0718,-24.789,0.0432,0.955,0.907,0.0906,0.0324,67.25,272786,50,ambient
0.295,0.545,-9.214,0.0442,1.5e-06,0.891,0.585,0.438,54.669,425066,52,ambient
0.135,0.0285,-24.029,0.0415,0.947,0.893,0.1,0.0351,76.033,117093,45,ambient
0.549,0.183,-11.398,0.0447,0.911,0.0,0.109,0.337,93.965,172226,55,ambient
0.2,0.058,-26.123,0.0395,0.951,0.94,0.0891,0.0386,140.137,238333,44,ambient
0.484,0.698,-19.799,0.431,0.987,0.819,0.0833,0.64,115.529,66061,51,ambient
0.766,0.572,-10.182,0.0433,0.0202,0.0146,0.0554,0.231,119.952,258000,50,ambient
0.146,0.0945,-24.802,0.0407,0.861,0.93,0.0931,0.0323,138.522,261825,38,ambient
0.587,0.267,-14.936,0.0326,0.513,0.0363,0.075,0.0388,115.201,236719,47,ambient
0.466,0.0205,-18.097,0.062,0.988,0.101,0.097,0.0758,132.77,254813,53,ambient
0.0976,0.255,-21.353,0.0759,0.777,0.935,0.148,0.0367,71.422,203960,43,ambient
0.188,0.0712,-25.731,0.0351,0.873,0.907,0.133,0.0939,102.045,329773,51,ambient
0.453,0.138,-17.702,0.0391,0.927,0.958,0.0786,0.0358,184.093,328695,41,ambient
0.282,0.273,-12.489,0.037,0.956,0.215,0.0846,0.101,115.2,267333,44,ambient
0.246,0.0715,-22.533,0.0513,0.994,0.931,0.0748,0.122,52.902,207661,31,ambient
0.292,0.374,-10.495,0.0332,0.463,0.000292,0.357,0.247,119.784,268111,48,ambient
0.335,0.197,-26.478,0.0407,0.957,0.867,0.13,0.176,67.631,100600,51,ambient
0.337,0.0111,-27.273,0.0456,0.991,0.958,0.0886,0.148,75.69,159208,51,ambient
0.505,0.104,-31.753,0.0495,0.994,0.966,0.0827,0.255,125.251,189280,52,ambient
0.174,0.235,-14.816,0.0422,0.228,0.894,0.113,0.0347,117.351,413800,46,ambient
0.498,0.432,-7.297,0.0296,0.888,0.617,0.136,0.126,132.928,235053,45,ambient
0.719,0.363,-12.567,0.0545,0.692,0.73,0.0803,0.122,142.046,168560,36,ambient
0.487,0.0702,-15.854,0.0443,0.942,0.0,0.103,0.247,81.22,227649,47,ambient
0.267,0.0781,-20.715,0.036,0.978,0.933,0.116,0.0776,138.394,278693,52,ambient
0.505,0.904,-4.849,0.0781,0.0494,0.854,0.072,0.237,123.023,351252,45,ambient
0.375,0.13,-17.102,0.0366,0.986,0.0281,0.0936,0.0751,124.539,275826,43,ambient
0.324,0.437,-9.813,0.0394,0.12,0.964,0.308,0.0296,125.362,76453,42,ambient
0.541,0.421,-11.792,0.0337,0.773,0.749,0.118,0.154,90.002,440000,40,ambient
0.277,0.226,-17.855,0.0349,0.977,0.897,0.108,0.222,137.125,128773,54,ambient
0.0626,0.0907,-27.14,0.035,0.919,0.966,0.0916,0.0376,59.214,373800,24,ambient
0.774,0.577,-14.651,0.0446,0.0735,0.857,0.385,0.305,127.978,65624,25,ambient
0.179,0.27,-13.13,0.0325,0.39,0.138,0.118,0.119,105.169,239640,44,ambient
0.419,0.128,-12.481,0.0519,0.966,0.0,0.134,0.362,141.905,209584,48,ambient
0.268,0.0102,-20.591,0.0496,0.984,0.859,0.134,0.133,66.633,191906,50,ambient
0.233,0.0146,-23.575,0.0447,0.976,0.917,0.125,0.0365,74.132,154506,24,ambient
0.303,0.516,-8.518,0.0302,0.00574,0.0,0.163,0.0592,141.932,485396,50,ambient
0.414,0.1,-18.42,0.031,0.972,0.902,0.109,0.106,95.075,160089,42,ambient
0.629,0.22,-15.028,0.0514,0.939,0.558,0.169,0.707,150.173,169387,25,ambient
0.143,0.256,-18.874,0.0345,0.722,0.976,0.122,0.0349,139.674,479986,25,ambient
0.508,0.0459,-22.484,0.0493,0.995,0.934,0.0984,0.0809,75.007,198897,36,ambient
0.539,0.059,-25.958,0.0409,0.995,0.916,0.101,0.196,143.717,182577,33,ambient
0.0791,0.0979,-21.706,0.0404,0.942,0.902,0.0752,0.0337,79.435,501453,37,ambient
0.336,0.0681,-25.095,0.0441,0.99,0.916,0.0671,0.0721,125.978,189717,29,ambient
0.377,0.0686,-25.15,0.0475,0.994,0.897,0.109,0.132,70.476,236637,32,ambient
0.446,0.118,-22.953,0.0496,0.985,0.923,0.105,0.144,121.688,188697,37,ambient
0.239,0.0256,-27.559,0.0449,0.991,0.955,0.0885,0.155,67.112,225417,30,ambient
0.455,0.103,-21.069,0.0437,0.98,0.927,0.117,0.0378,66.104,125106,25,ambient
0.36,0.111,-23.135,0.0358,0.977,0.93,0.0825,0.0998,119.186,232557,27,ambient
0.584,0.272,-13.011,0.032,0.938,0.0851,0.0977,0.161,111.038,367106,26,ambient
0.221,0.171,-20.633,0.0398,0.989,0.896,0.0446,0.0746,89.193,233577,32,ambient
0.55,0.0502,-26.362,0.0462,0.995,0.886,0.0891,0.385,134.892,169317,25,ambient
0.314,0.0324,-24.132,0.053,0.986,0.921,0.115,0.233,68.246,196857,24,ambient
0.559,0.224,-18.199,0.0317,0.89,0.921,0.11,0.221,100.03,277200,17,ambient
0.504,0.108,-16.284,0.0712,0.964,0.818,0.0721,0.0761,163.648,139480,45,ambient
0.325,0.469,-10.869,0.0309,0.243,0.736,0.077,0.275,72.69,170693,37,ambient
0.167,0.0435,-22.755,0.0387,0.956,0.803,0.0901,0.0373,112.356,287733,19,ambient
0.47,0.072,-22.05,0.037,0.993,0.957,0.0929,0.477,121.997,127000,49,ambient
0.368,0.0854,-16.224,0.0495,0.922,0.0,0.11,0.203,106.6,319713,47,ambient
0.222,0.0285,-28.619,0.0352,0.99,0.867,0.163,0.152,79.693,127147,51,ambient
0.263,0.171,-11.748,0.0338,0.241,0.87,0.0766,0.038,111.995,676986,49,ambient
0.108,0.0172,-27.017,0.0462,0.96,0.981,0.0882,0.0705,71.007,335653,31,ambient
0.125,0.267,-17.026,0.0301,0.577,0.859,0.0776,0.0569,89.908,205333,38,ambient
0.254,0.246,-14.722,0.0384,0.985,0.882,0.0983,0.12,201.608,351186,48,ambient
0.165,0.0448,-28.218,0.0426,0.943,0.779,0.0912,0.0565,135.893,198000,47,ambient
0.478,0.176,-17.971,0.0342,0.948,0.943,0.081,0.0378,116.997,321373,45,ambient
0.435,0.669,-10.202,0.123,0.737,0.00152,0.106,0.0734,130.009,241388,50,ambient
0.0998,0.0019,-36.502,0.0434,0.972,0.753,0.113,0.178,85.205,209502,49,ambient
0.446,0.0646,-28.818,0.0451,0.869,0.911,0.1,0.148,121.96,122383,51,ambient
0.213,0.128,-19.601,0.0388,0.915,0.868,0.103,0.0362,87.83,371760,46,ambient
0.333,0.315,-9.795,0.0314,0.949,0.202,0.202,0.0606,119.958,283133,41,ambient
0.3,0.0296,-25.094,0.0355,0.975,0.913,0.0786,0.0798,68.118,258000,48,ambient
0.324,0.0798,-22.421,0.0348,0.956,0.888,0.105,0.123,70.405,205625,42,ambient
0.525,0.209,-9.403,0.0442,0.828,0.927,0.0712,0.944,138.702,123000,51,ambient
0.327,0.0733,-20.667,0.04,0.946,0.913,0.339,0.0384,137.139,160812,53,ambient
0.0844,0.13,-15.927,0.0424,0.889,0.874,0.0887,0.0501,171.138,182160,45,ambient
0.427,0.0749,-22.719,0.0364,0.961,0.948,0.109,0.152,73.236,151119,37,ambient
0.244,0.16,-15.389,0.0345,0.971,0.772,0.387,0.0776,65.166,214320,45,ambient
0.299,0.0264,-26.535,0.0469,0.995,0.882,0.073,0.235,168.963,120456,57,ambient
0.273,0.174,-19.513,0.0368,0.819,0.963,0.147,0.286,64.758,310146,53,ambient
0.49,0.231,-13.968,0.0265,0.607,0.0,0.0859,0.0904,103.958,174971,50,ambient
0.482,0.463,-7.927,0.0573,0.282,0.848,0.36,0.0427,115.011,293173,44,ambient
0.0952,0.332,-13.901,0.0349,0.0968,0.797,0.336,0.0653,74.928,355200,0,ambient
0.239,0.237,-18.392,0.0522,0.989,0.879,0.108,0.231,83.403,197982,49,ambient
0.494,0.224,-20.147,0.0508,0.988,0.86,0.109,0.111,200.097,205597,24,ambient
0.515,0.0736,-15.492,0.031,0.975,0.000261,0.082,0.0684,109.964,330840,48,ambient
0.271,0.0101,-32.125,0.0548,0.994,0.895,0.0923,0.0743,116.876,251600,51,ambient
0.13,0.086,-21.92,0.0373,0.932,0.912,0.108,0.0375,90.223,391160,54,ambient
0.114,0.11,-19.848,0.0378,0.933,0.871,0.0957,0.0384,76.272,252151,41,ambient
0.366,0.037,-24.291,0.0385,0.992,0.914,0.118,0.165,63.134,172173,51,ambient
0.202,0.273,-19.685,0.0347,0.603,0.779,0.0831,0.0478,94.558,230560,38,ambient
0.263,0.0639,-21.149,0.0383,0.907,0.884,0.108,0.0537,74.584,205920,39,ambient
0.33,0.0295,-27.731,0.0419,0.961,0.918,0.122,0.0547,136.561,295760,52,ambient
0.322,0.558,-8.321,0.0306,0.0596,0.00016,0.102,0.0813,139.92,413573,49,ambient
0.184,0.00874,-16.26,0.0414,0.991,0.734,0.103,0.0337,59.098,202000,27,ambient
0.155,0.167,-13.128,0.0343,0.913,0.152,0.118,0.0367,96.244,202866,38,ambient
0.619,0.564,-10.696,0.0293,0.872,0.926,0.16,0.787,131.908,228866,53,ambient
0.26,0.00397,-31.095,0.0406,0.982,0.913,0.102,0.0368,82.862,1041520,51,ambient
0.144,0.275,-15.408,0.036,0.798,0.363,0.0965,0.039,77.303,292466,41,ambient
0.208,0.276,-14.648,0.0293,0.961,0.92,0.129,0.231,177.108,191866,54,ambient
0.599,0.406,-19.881,0.0368,0.822,0.933,0.112,0.326,134.762,547133,51,ambient
0.453,0.268,-15.611,0.0318,0.947,0.766,0.519,0.115,111.414,277160,24,ambient
0.538,0.728,-8.653,0.0368,0.00163,0.775,0.747,0.492,111.04,211533,24,ambient
0.258,0.242,-17.521,0.034,0.906,0.936,0.0834,0.275,79.257,285373,28,ambient
0.539,0.407,-13.548,0.0364,0.439,0.885,0.103,0.036,120.053,288000,40,ambient
0.338,0.00384,-40.558,0.0657,0.995,0.954,0.112,0.159,68.921,183955,49,ambient
0.294,0.109,-20.238,0.0375,0.981,0.858,0.0888,0.0517,74.349,255053,49,ambient
0.389,0.181,-11.148,0.0431,0.94,0.0,0.0644,0.259,127.965,247463,48,ambient
0.435,0.00889,-33.986,0.046,0.992,0.941,0.121,0.29,110.307,116960,57,ambient
0.521,0.501,-12.301,0.0317,0.000327,0.886,0.113,0.0399,90.001,472000,36,ambient
0.125,0.214,-28.989,0.0413,0.991,0.94,0.133,0.0328,82.521,160000,46,ambient
0.719,0.363,-12.567,0.0545,0.692,0.73,0.0803,0.122,142.047,168560,24,ambient
0.344,0.0578,-27.024,0.0395,0.996,0.643,0.131,0.317,92.513,120107,51,ambient
0.727,0.21,-16.49,0.0448,0.888,0.844,0.11,0.0403,124.068,173499,11,ambient
0.72,0.172,-15.553,0.0492,0.93,0.924,0.074,0.109,121.921,163999,7,ambient
0.593,0.443,-17.845,0.0389,0.679,0.675,0.0948,0.0396,119.971,252000,49,ambient
0.249,0.297,-15.377,0.0349,0.855,0.886,0.0667,0.0375,140.052,224298,45,ambient
0.706,0.257,-15.147,0.0589,0.937,0.895,0.131,0.258,126.006,155999,6,ambient
0.706,0.228,-18.502,0.0329,0.914,0.953,0.0859,0.0713,117.997,152999,5,ambient
0.406,0.0378,-25.735,0.041,0.993,0.942,0.0995,0.148,167.805,202977,51,ambient
0.563,0.133,-20.87,0.0328,0.921,0.904,0.143,0.156,61.983,159285,46,ambient
0.565,0.145,-19.083,0.0342,0.921,0.926,0.079,0.0399,120.995,158999,6,ambient
0.63,0.108,-19.841,0.0319,0.811,0.686,0.085,0.12,95.054,129998,44,ambient
0.42,0.557,-8.969,0.0412,0.055,0.0102,0.247,0.0736,116.104,219331,46,ambient
0.277,0.0148,-33.992,0.035,0.994,0.917,0.103,0.153,138.564,309600,50,ambient
0.457,0.313,-11.215,0.0302,0.97,0.378,0.108,0.0657,128.882,196279,44,ambient
0.7,0.205,-20.188,0.043,0.805,0.877,0.0698,0.134,118.016,165999,6,ambient
0.651,0.12,-19.113,0.0293,0.951,0.923,0.0971,0.0562,112.011,180999,6,ambient
0.547,0.163,-19.722,0.0294,0.842,0.946,0.166,0.179,129.978,166999,5,ambient
0.714,0.0593,-22.9,0.0389,0.951,0.952,0.0753,0.0663,116.992,131499,5,ambient
0.469,0.159,-21.999,0.0326,0.875,0.927,0.0652,0.0362,117.975,227999,6,ambient
0.63,0.202,-19.051,0.0302,0.958,0.871,0.112,0.0969,121.965,179999,9,ambient
0.456,0.461,-11.337,0.0593,0.0978,0.815,0.102,0.119,155.008,290201,50,ambient
0.397,0.0496,-22.0,0.0344,0.981,0.922,0.109,0.174,131.946,293826,50,ambient
0.0655,0.202,-25.998,0.0512,0.855,0.812,0.114,0.0389,74.063,531072,23,ambient
0.629,0.135,-22.358,0.0338,0.819,0.923,0.0784,0.0378,115.967,164999,6,ambient
0.669,0.161,-22.266,0.0468,0.948,0.914,0.0979,0.189,127.056,168999,7,ambient
0.544,0.793,-6.424,0.0319,0.1,0.95,0.173,0.126,128.981,348306,53,ambient
0.684,0.0499,-23.568,0.0499,0.976,0.716,0.106,0.37,100.063,86280,24,ambient
0.709,0.0945,-22.648,0.037,0.935,0.959,0.089,0.096,128.024,136499,6,ambient
0.624,0.124,-11.191,0.028,0.917,0.0,0.12,0.206,78.014,351236,48,ambient
0.379,0.177,-22.892,0.0324,0.902,0.957,0.117,0.1,113.985,182999,5,ambient
0.673,0.17,-23.395,0.0347,0.858,0.879,0.0684,0.213,123.972,161999,6,ambient
0.438,0.389,-15.695,0.0403,0.888,0.885,0.106,0.23,84.066,274946,23,ambient
0.663,0.196,-19.37,0.0301,0.97,0.935,0.0701,0.0787,110.036,149999,6,ambient
0.52,0.37,-15.211,0.0292,0.0101,0.849,0.0743,0.0375,144.963,511011,44,ambient
0.263,0.228,-14.361,0.0376,0.902,0.935,0.123,0.0762,76.944,127800,24,ambient
0.594,0.418,-12.837,0.0285,0.107,0.917,0.112,0.0375,105.999,323919,42,ambient
0.465,0.0342,-28.257,0.0401,0.992,0.939,0.103,0.059,152.054,300293,49,ambient
0.516,0.743,-8.47,0.0292,0.282,0.637,0.111,0.226,109.837,226293,55,ambient
0.222,0.02,-27.114,0.0464,0.995,0.948,0.0945,0.119,85.86,357773,50,ambient
0.0576,0.169,-20.216,0.0484,0.903,0.966,0.117,0.031,50.838,760053,24,ambient
0.156,0.126,-22.038,0.0389,0.965,0.972,0.106,0.0341,74.775,368226,26,ambient
0.449,0.775,-12.029,0.0405,0.162,0.149,0.248,0.313,94.907,249767,59,bluegrass
0.373,0.276,-14.945,0.0357,0.883,0.0124,0.122,0.409,79.204,212853,64,bluegrass
0.532,0.371,-8.908,0.0334,0.817,0.0,0.131,0.161,74.47,260826,52,bluegrass
0.514,0.243,-12.348,0.0288,0.752,0.00054,0.0822,0.388,171.816,260800,64,bluegrass
0.388,0.47,-10.011,0.0377,0.584,1.99e-06,0.176,0.776,183.893,175466,36,bluegrass
0.678,0.737,-7.146,0.029,0.321,0.000416,0.188,0.774,129.166,254026,36,bluegrass
0.487,0.558,-8.793,0.0289,0.539,5.12e-06,0.308,0.668,93.959,171506,39,bluegrass
0.607,0.588,-6.882,0.0268,0.406,0.0,0.127,0.495,93.705,209346,38,bluegrass
0.434,0.796,-3.71,0.0325,0.658,0.00685,0.156,0.471,94.611,203053,36,bluegrass
0.566,0.781,-6.963,0.0302,0.376,0.0916,0.0967,0.962,133.312,207000,33,bluegrass
0.437,0.341,-7.773,0.0292,0.822,0.0,0.109,0.436,148.067,194333,35,bluegrass
0.584,0.806,-4.858,0.0339,0.191,0.0658,0.234,0.755,136.687,201226,37,bluegrass
0.466,0.565,-10.29,0.0379,0.718,0.00194,0.295,0.698,199.894,288720,35,bluegrass
0.61,0.512,-9.256,0.0322,0.628,0.000548,0.221,0.884,125.988,175800,34,bluegrass
0.476,0.684,-7.764,0.0594,0.299,1.34e-05,0.271,0.503,188.156,160346,34,bluegrass
0.508,0.522,-6.032,0.0326,0.219,0.0,0.138,0.463,127.964,238040,34,bluegrass
0.495,0.742,-5.815,0.0301,0.239,0.0502,0.205,0.824,134.742,249280,34,bluegrass
0.296,0.308,-10.365,0.0301,0.532,0.0,0.123,0.331,149.956,240733,35,bluegrass
0.555,0.696,-5.992,0.0298,0.599,7.24e-05,0.145,0.84,169.963,179186,35,bluegrass
0.708,0.682,-7.987,0.031,0.331,0.0166,0.282,0.714,120.316,253640,35,bluegrass
0.472,0.702,-8.965,0.0981,0.82,4.25e-05,0.362,0.351,104.656,537106,33,bluegrass
0.651,0.515,-9.237,0.0366,0.475,2.11e-06,0.122,0.895,157.174,251346,39,bluegrass
0.583,0.63,-11.301,0.0353,0.459,0.115,0.285,0.662,150.064,297640,38,bluegrass
0.398,0.78,-5.306,0.0359,0.242,0.0,0.342,0.772,149.503,193586,34,bluegrass
0.63,0.789,-8.001,0.0271,0.133,0.00665,0.304,0.881,128.695,258760,38,bluegrass
0.646,0.51,-8.703,0.0335,0.514,0.000104,0.747,0.455,117.647,282253,44,bluegrass
0.64,0.688,-8.351,0.034,0.538,0.00114,0.105,0.969,130.31,190680,36,bluegrass
0.531,0.552,-7.846,0.0324,0.676,8.31e-06,0.109,0.816,80.945,179573,34,bluegrass
0.62,0.406,-5.824,0.0311,0.653,0.0,0.229,0.694,117.345,177920,36,bluegrass
0.515,0.748,-5.758,0.035,0.311,0.00263,0.103,0.916,121.564,206276,34,bluegrass
0.43,0.902,-8.924,0.0447,0.0393,0.847,0.0489,0.928,161.404,150373,37,bluegrass
0.631,0.548,-8.886,0.0275,0.81,0.0193,0.272,0.622,108.004,226586,39,bluegrass
0.505,0.469,-12.386,0.0281,0.237,0.0,0.726,0.503,105.697,342469,35,bluegrass
0.565,0.208,-12.778,0.0323,0.823,5.14e-06,0.109,0.449,148.024,230746,39,bluegrass
0.546,0.766,-7.249,0.0308,0.457,0.0476,0.218,0.835,117.192,312866,33,bluegrass
0.699,0.138,-13.479,0.0318,0.864,8.79e-06,0.116,0.287,80.505,191360,44,bluegrass
0.409,0.198,-10.832,0.0293,0.751,0.000712,0.082,0.14,132.782,294960,0,bluegrass
0.409,0.198,-10.832,0.0293,0.751,0.000712,0.082,0.14,132.782,294960,0,bluegrass
0.462,0.613,-8.153,0.0271,0.213,0.0927,0.189,0.327,137.7,221640,34,bluegrass
0.553,0.703,-5.404,0.0276,0.208,0.084,0.179,0.705,92.292,225946,37,bluegrass
0.409,0.198,-10.832,0.0293,0.751,0.000712,0.082,0.14,132.782,294960,0,bluegrass
0.409,0.198,-10.832,0.0293,0.751,0.000712,0.082,0.14,132.782,294960,0,bluegrass
0.409,0.198,-10.832,0.0293,0.751,0.000712,0.082,0.14,132.782,294960,0,bluegrass
0.654,0.295,-13.429,0.0293,0.768,0.000399,0.112,0.379,116.015,294160,37,bluegrass
0.325,0.154,-15.168,0.039,0.887,1.38e-06,0.106,0.301,204.882,337906,0,bluegrass
0.606,0.298,-11.326,0.0319,0.701,2.06e-06,0.13,0.174,118.907,244880,0,bluegrass
0.778,0.51,-10.072,0.209,0.822,0.000162,0.202,0.652,144.849,169866,0,bluegrass
0.602,0.297,-9.341,0.0254,0.879,6.28e-06,0.106,0.436,98.505,224786,39,bluegrass
0.552,0.366,-7.274,0.0326,0.85,0.000163,0.193,0.345,125.686,227480,37,bluegrass
0.529,0.772,-5.109,0.0361,0.602,0.00281,0.341,0.634,105.401,154293,38,bluegrass
0.548,0.466,-9.097,0.0358,0.833,6.36e-06,0.159,0.489,79.705,183840,31,bluegrass
0.503,0.28,-18.668,0.0526,0.881,0.729,0.171,0.957,99.959,124333,30,bluegrass
0.502,0.372,-10.996,0.0313,0.677,5.61e-05,0.104,0.257,98.607,245106,58,bluegrass
0.582,0.411,-9.492,0.0381,0.598,2.75e-05,0.134,0.756,146.149,154960,32,bluegrass
0.478,0.333,-10.543,0.0288,0.786,2.46e-05,0.103,0.317,151.675,184939,30,bluegrass
0.608,0.659,-8.813,0.0282,0.24,0.00818,0.305,0.822,130.025,242613,33,bluegrass
0.592,0.523,-9.241,0.0275,0.536,0.00728,0.117,0.484,137.893,262640,30,bluegrass
0.376,0.376,-8.389,0.0281,0.33,0.000105,0.128,0.381,107.41,203026,31,bluegrass
0.535,0.385,-6.897,0.0272,0.675,0.0853,0.152,0.349,113.426,183133,31,bluegrass
0.636,0.634,-5.398,0.0267,0.614,0.0,0.185,0.631,98.931,203666,31,bluegrass
0.591,0.452,-7.648,0.0406,0.326,0.0,0.113,0.653,146.019,236253,33,bluegrass
0.594,0.754,-8.08,0.0573,0.604,2.48e-05,0.973,0.534,101.628,515853,31,bluegrass
0.551,0.469,-11.037,0.0389,0.723,0.622,0.375,0.932,148.462,99960,30,bluegrass
0.36,0.759,-8.277,0.0426,0.00768,2.71e-05,0.874,0.431,99.838,219906,35,bluegrass
0.659,0.574,-9.328,0.0272,0.174,3.52e-05,0.333,0.665,133.958,243640,31,bluegrass
0.474,0.705,-9.01,0.0273,0.0974,0.969,0.356,0.766,136.808,190866,30,bluegrass
0.579,0.246,-11.706,0.0315,0.81,6.61e-05,0.117,0.607,138.742,206066,30,bluegrass
0.442,0.585,-7.779,0.0293,0.554,0.025,0.132,0.528,123.493,317133,33,bluegrass
0.502,0.433,-10.665,0.0433,0.583,0.0,0.102,0.635,129.159,177000,32,bluegrass
0.687,0.378,-13.338,0.0336,0.822,0.00981,0.109,0.584,96.077,241348,29,bluegrass
0.576,0.357,-13.477,0.0283,0.741,0.013,0.206,0.404,104.916,227440,33,bluegrass
0.639,0.52,-9.592,0.0299,0.502,1.48e-05,0.159,0.748,113.661,216229,31,bluegrass
0.471,0.727,-7.583,0.032,0.581,4.65e-05,0.147,0.704,133.118,255721,32,bluegrass
0.454,0.568,-10.225,0.0349,0.222,0.00177,0.35,0.49,157.812,238560,31,bluegrass
0.547,0.581,-7.32,0.0283,0.677,5.99e-05,0.226,0.684,88.813,243360,31,bluegrass
0.588,0.606,-6.975,0.0306,0.564,7.6e-05,0.319,0.779,126.995,128759,30,bluegrass
0.591,0.177,-17.299,0.0811,0.926,0.00106,0.294,0.522,70.959,288760,32,bluegrass
0.501,0.731,-6.135,0.0385,0.304,0.0,0.0661,0.879,201.077,170186,32,bluegrass
0.336,0.297,-11.556,0.0292,0.709,0.147,0.125,0.179,141.442,333746,31,bluegrass
0.573,0.604,-7.833,0.0279,0.464,0.0126,0.131,0.782,126.286,213760,32,bluegrass
0.373,0.7,-9.849,0.0468,0.0827,0.131,0.133,0.537,174.242,255693,30,bluegrass
0.649,0.743,-4.961,0.0339,0.47,0.0,0.267,0.876,127.046,181920,30,bluegrass
0.506,0.782,-5.41,0.0291,0.602,0.000171,0.139,0.711,155.048,281413,35,bluegrass
0.718,0.675,-9.701,0.0303,0.702,0.000915,0.0801,0.925,110.557,185546,30,bluegrass
0.562,0.534,-8.125,0.0313,0.772,5.05e-05,0.126,0.504,93.12,228853,32,bluegrass
0.367,0.733,-7.708,0.0389,0.674,0.0902,0.807,0.678,119.795,500893,31,bluegrass
0.609,0.801,-4.076,0.0274,0.302,5.85e-06,0.144,0.939,100.678,210266,32,bluegrass
0.594,0.613,-8.062,0.0291,0.384,0.000626,0.115,0.877,104.859,188266,29,bluegrass
0.558,0.831,-6.656,0.0318,0.459,0.00101,0.258,0.883,140.021,172133,31,bluegrass
0.485,0.54,-10.213,0.0336,0.536,0.00123,0.2,0.575,140.105,370746,32,bluegrass
0.634,0.609,-8.957,0.0396,0.728,0.000415,0.109,0.825,111.54,272333,33,bluegrass
0.608,0.694,-7.936,0.0318,0.564,0.0061,0.196,0.623,126.043,233600,31,bluegrass
0.33,0.331,-12.208,0.0322,0.6,0.00321,0.126,0.425,173.23,205720,30,bluegrass
0.369,0.44,-11.16,0.031,0.856,0.184,0.0434,0.333,102.194,221960,31,bluegrass
0.438,0.682,-6.844,0.0334,0.304,3.19e-06,0.186,0.352,136.248,196613,29,bluegrass
0.614,0.338,-8.933,0.026,0.778,1.73e-06,0.0858,0.558,104.01,182880,30,bluegrass
0.536,0.495,-6.918,0.0268,0.728,0.000102,0.164,0.348,107.028,227920,30,bluegrass
0.503,0.731,-6.113,0.0303,0.526,0.0015,0.12,0.746,115.934,275973,32,bluegrass
0.432,0.433,-11.176,0.0345,0.604,0.0,0.0116,0.713,97.257,361226,32,bluegrass
0.768,0.41,-12.034,0.046,0.713,4.6e-06,0.474,0.755,77.98,333986,32,bluegrass
0.589,0.382,-12.332,0.0249,0.402,1.23e-06,0.116,0.218,75.497,233906,54,bluegrass
0.657,0.368,-9.978,0.0281,0.884,0.00293,0.109,0.522,116.221,188946,66,bluegrass
0.509,0.242,-13.353,0.0291,0.714,0.000365,0.127,0.448,169.642,261120,57,bluegrass
0.583,0.522,-13.405,0.0336,0.43,0.159,0.104,0.915,120.657,143800,28,bluegrass
0.51,0.522,-10.52,0.0291,0.74,0.00452,0.284,0.527,134.114,239346,28,bluegrass
0.444,0.896,-6.213,0.0396,0.292,0.815,0.128,0.637,126.51,301786,28,bluegrass
0.441,0.552,-6.286,0.0318,0.0625,0.0,0.263,0.624,138.363,152933,29,bluegrass
0.677,0.644,-7.23,0.0293,0.688,0.034,0.32,0.909,129.866,162480,28,bluegrass
0.556,0.546,-9.336,0.0333,0.745,0.000104,0.247,0.691,120.565,251213,29,bluegrass
0.439,0.274,-16.033,0.0377,0.793,8.49e-05,0.227,0.682,201.5,186333,29,bluegrass
0.426,0.259,-13.644,0.028,0.89,0.000561,0.389,0.207,144.064,282040,29,bluegrass
0.81,0.422,-9.278,0.0593,0.815,1.53e-05,0.0872,0.802,120.072,212826,29,bluegrass
0.448,0.477,-5.681,0.0316,0.185,0.0187,0.133,0.28,122.997,264266,30,bluegrass
0.605,0.68,-8.293,0.0376,0.233,0.000251,0.258,0.895,120.044,182500,29,bluegrass
0.698,0.563,-10.275,0.0339,0.551,0.000364,0.0663,0.83,111.977,199453,29,bluegrass
0.463,0.685,-7.587,0.0324,0.114,0.6,0.0826,0.815,111.273,171093,29,bluegrass
0.43,0.261,-11.072,0.0312,0.275,0.00301,0.11,0.237,107.373,280682,29,bluegrass
0.383,0.208,-13.747,0.0286,0.714,0.0,0.319,0.3,143.667,185000,28,bluegrass
0.58,0.29,-11.942,0.0272,0.261,0.0,0.125,0.497,91.321,214600,30,bluegrass
0.548,0.47,-9.87,0.0351,0.848,0.222,0.144,0.797,73.796,109254,29,bluegrass
0.314,0.252,-18.399,0.0487,0.587,0.000803,0.171,0.418,165.248,182893,29,bluegrass
0.672,0.663,-6.335,0.126,0.666,0.0,0.2,0.853,138.489,131133,29,bluegrass
0.44,0.938,-4.36,0.0492,0.615,0.024,0.119,0.895,139.975,204040,30,bluegrass
0.45,0.615,-8.158,0.0284,0.26,0.000387,0.82,0.62,113.073,333413,30,bluegrass
0.469,0.783,-6.722,0.0348,0.298,0.000117,0.266,0.826,187.124,214213,30,bluegrass
0.654,0.551,-10.2,0.0325,0.579,0.0,0.812,0.965,138.15,156600,29,bluegrass
0.301,0.495,-6.902,0.0313,0.803,2.5e-05,0.102,0.423,183.986,212133,29,bluegrass
0.61,0.805,-5.611,0.0306,0.53,0.0204,0.136,0.892,133.987,267226,29,bluegrass
0.533,0.841,-4.418,0.0315,0.126,0.000212,0.184,0.97,122.132,224373,29,bluegrass
0.604,0.341,-13.1,0.048,0.804,8.21e-06,0.102,0.835,183.907,246266,28,bluegrass
0.488,0.775,-5.458,0.0465,0.54,0.000387,0.0502,0.811,205.864,208653,28,bluegrass
0.544,0.929,-5.8,0.0475,0.153,1.16e-06,0.0569,0.663,147.707,300080,30,bluegrass
0.594,0.432,-8.856,0.0305,0.593,0.00366,0.0862,0.445,103.81,323333,29,bluegrass
0.64,0.752,-9.782,0.0311,0.0562,0.000311,0.311,0.949,117.511,190066,28,bluegrass
0.456,0.619,-9.393,0.0332,0.224,5.38e-06,0.339,0.605,180.911,243266,28,bluegrass
0.465,0.61,-8.506,0.0319,0.358,0.0102,0.0689,0.716,174.783,250560,28,bluegrass
0.596,0.581,-8.378,0.0281,0.505,0.512,0.277,0.535,115.109,328253,28,bluegrass
0.268,0.504,-8.654,0.0302,0.0361,0.031,0.0868,0.254,168.518,258604,29,bluegrass
0.642,0.711,-7.709,0.0989,0.62,1.31e-06,0.17,0.874,113.972,237840,29,bluegrass
0.564,0.45,-12.168,0.029,0.423,7.34e-05,0.638,0.842,112.241,144160,29,bluegrass
0.589,0.614,-9.399,0.0385,0.171,0.000718,0.27,0.348,118.564,222213,27,bluegrass
0.392,0.571,-9.452,0.0335,0.73,0.618,0.327,0.77,106.737,410773,29,bluegrass
0.505,0.684,-8.142,0.0334,0.418,0.934,0.226,0.885,128.036,178133,29,bluegrass
0.498,0.72,-9.238,0.0298,0.312,0.00505,0.247,0.899,148.953,205120,31,bluegrass
0.357,0.898,-5.935,0.0444,0.177,0.0,0.257,0.961,147.414,143200,30,bluegrass
0.685,0.245,-12.693,0.0303,0.938,9.46e-06,0.108,0.326,111.96,191186,31,bluegrass
0.601,0.675,-6.059,0.0282,0.301,0.0,0.14,0.562,89.084,246663,28,bluegrass
0.458,0.536,-8.992,0.051,0.381,0.0,0.119,0.577,180.095,190826,28,bluegrass
0.551,0.737,-6.528,0.0341,0.414,1.16e-06,0.0802,0.821,181.071,169662,28,bluegrass
0.417,0.592,-13.715,0.0361,0.381,0.00153,0.276,0.965,153.16,152800,29,bluegrass
0.678,0.468,-13.465,0.0376,0.966,0.891,0.108,0.753,123.186,125027,47,bluegrass
0.582,0.371,-9.585,0.028,0.912,0.00784,0.108,0.163,128.756,193533,69,bluegrass
0.593,0.442,-14.764,0.0381,0.573,0.00156,0.0814,0.697,119.417,196333,26,bluegrass
0.617,0.487,-8.684,0.0379,0.779,0.00439,0.259,0.595,99.733,139440,27,bluegrass
0.388,0.47,-10.011,0.0377,0.584,1.99e-06,0.176,0.776,183.893,175466,28,bluegrass
0.456,0.556,-9.135,0.0299,0.375,0.00258,0.268,0.886,167.863,119600,27,bluegrass
0.457,0.602,-11.774,0.0361,0.153,0.897,0.132,0.769,129.507,159133,27,bluegrass
0.674,0.589,-7.313,0.0302,0.57,0.000801,0.123,0.733,100.013,220000,28,bluegrass
0.33,0.712,-10.204,0.0364,0.442,0.98,0.243,0.938,173.004,114346,27,bluegrass
0.311,0.437,-13.102,0.0311,0.614,0.693,0.309,0.401,95.406,462660,27,bluegrass
0.594,0.745,-6.764,0.0378,0.763,7.56e-05,0.148,0.53,106.183,208346,26,bluegrass
0.493,0.467,-12.365,0.0311,0.588,0.0518,0.15,0.687,173.573,187479,28,bluegrass
0.553,0.567,-7.814,0.0294,0.262,5.69e-05,0.143,0.404,122.828,214840,26,bluegrass
0.576,0.587,-11.745,0.0292,0.338,0.344,0.291,0.579,100.432,257358,27,bluegrass
0.59,0.525,-7.117,0.0303,0.693,4.45e-05,0.186,0.51,151.723,214543,28,bluegrass
0.472,0.524,-9.781,0.031,0.675,0.0601,0.155,0.916,118.95,181507,28,bluegrass
0.522,0.302,-9.774,0.0315,0.593,0.00162,0.115,0.187,121.47,229226,30,bluegrass
0.576,0.663,-7.999,0.0267,0.409,0.000339,0.128,0.581,126.367,217960,28,bluegrass
0.574,0.651,-6.464,0.0259,0.622,0.000902,0.369,0.542,107.336,227560,28,bluegrass
0.559,0.74,-6.433,0.13,0.631,0.0,0.124,0.803,151.258,150866,29,bluegrass
0.358,0.624,-8.64,0.0281,0.224,0.0,0.0945,0.567,93.863,206320,28,bluegrass
0.354,0.779,-9.424,0.0322,0.0546,0.00282,0.0943,0.54,162.431,230226,27,bluegrass
0.629,0.535,-11.576,0.0356,0.589,0.0238,0.11,0.663,102.512,181267,28,bluegrass
0.391,0.879,-4.672,0.0402,0.285,4.53e-05,0.267,0.795,182.219,128800,27,bluegrass
0.45,0.484,-6.208,0.0304,0.669,0.0,0.112,0.514,138.633,185093,28,bluegrass
0.521,0.463,-9.802,0.0269,0.389,0.0592,0.0926,0.467,92.73,267533,27,bluegrass
0.484,0.728,-6.059,0.0376,0.398,6.36e-06,0.0646,0.69,186.042,191395,28,bluegrass
0.587,0.421,-9.419,0.0276,0.273,0.00822,0.177,0.496,83.114,326546,28,bluegrass
0.559,0.835,-7.858,0.0373,0.215,5.14e-06,0.192,0.935,168.613,332906,28,bluegrass
0.534,0.395,-8.963,0.0257,0.0288,0.0,0.151,0.418,158.014,239266,29,bluegrass
0.355,0.664,-4.517,0.03,0.0531,0.0062,0.104,0.434,144.786,182840,30,bluegrass
0.422,0.646,-7.281,0.0374,0.204,1.75e-05,0.255,0.678,138.465,257987,27,bluegrass
0.661,0.647,-8.73,0.0326,0.595,0.00157,0.132,0.609,119.09,181687,27,bluegrass
0.565,0.715,-6.563,0.0341,0.627,0.00385,0.15,0.684,115.472,299986,31,bluegrass
0.636,0.721,-8.705,0.0366,0.208,1.47e-05,0.0938,0.63,129.898,321106,27,bluegrass
0.531,0.552,-7.846,0.0324,0.676,8.31e-06,0.109,0.816,80.945,179573,28,bluegrass
0.487,0.716,-6.57,0.0378,0.502,6.35e-06,0.164,0.879,200.166,195120,27,bluegrass
0.614,0.53,-9.098,0.0265,0.507,3.21e-05,0.125,0.734,144.986,158779,27,bluegrass
0.457,0.721,-7.324,0.0265,0.235,0.834,0.799,0.633,130.464,337012,26,bluegrass
0.569,0.942,-5.655,0.0364,0.0207,2.11e-05,0.328,0.912,130.076,187430,28,bluegrass
0.512,0.577,-10.046,0.0299,0.258,0.000102,0.932,0.689,117.735,234866,28,bluegrass
0.603,0.224,-10.281,0.029,0.779,0.000697,0.102,0.176,115.172,195773,29,bluegrass
0.45,0.497,-7.366,0.0269,0.457,0.0,0.295,0.725,147.707,192413,26,bluegrass
0.732,0.673,-6.466,0.0878,0.677,0.0,0.267,0.591,97.789,202000,29,bluegrass
0.444,0.463,-10.616,0.0299,0.168,5.74e-05,0.139,0.278,170.048,221013,26,bluegrass
0.568,0.537,-9.03,0.0333,0.544,0.012,0.251,0.917,148.418,173066,27,bluegrass
0.648,0.495,-7.198,0.0437,0.756,0.000887,0.138,0.918,130.405,222243,28,bluegrass
0.57,0.57,-10.798,0.0843,0.774,0.000101,0.976,0.827,119.912,240440,28,bluegrass
0.479,0.652,-9.869,0.0422,0.188,1.98e-05,0.947,0.78,107.161,184893,27,bluegrass
0.404,0.685,-8.69,0.0288,0.157,0.35,0.264,0.909,134.839,120320,27,bluegrass
0.416,0.192,-12.525,0.034,0.911,1.5e-05,0.107,0.222,102.49,154200,58,bluegrass
0.618,0.493,-10.31,0.0355,0.621,0.571,0.13,0.831,112.764,155453,49,bluegrass
0.427,0.237,-16.909,0.0356,0.913,0.601,0.122,0.235,96.201,166027,27,bluegrass
0.587,0.141,-9.386,0.0308,0.919,5.41e-06,0.103,0.505,105.38,212157,61,bluegrass
0.615,0.872,-6.214,0.0337,0.047,0.000121,0.107,0.964,101.045,209253,26,bluegrass
0.536,0.771,-7.294,0.0295,0.266,0.95,0.111,0.608,133.929,269733,26,bluegrass
0.652,0.512,-9.658,0.0283,0.858,0.00144,0.0842,0.623,124.971,139000,26,bluegrass
0.598,0.736,-6.536,0.0238,0.00167,0.00179,0.194,0.418,103.233,281306,53,bluegrass
0.543,0.574,-12.127,0.0315,0.198,0.104,0.28,0.581,124.79,273114,27,bluegrass
0.667,0.25,-18.533,0.217,0.757,0.0,0.25,0.412,144.145,155901,59,bluegrass
0.579,0.171,-14.495,0.0303,0.901,0.000308,0.111,0.389,136.311,238560,55,bluegrass
0.25,0.751,-10.889,0.0364,0.339,0.959,0.954,0.967,161.631,118000,26,bluegrass
0.37,0.561,-6.636,0.0297,0.346,7.42e-06,0.069,0.493,170.994,281680,26,bluegrass
0.593,0.55,-6.282,0.0287,0.83,0.0,0.23,0.68,117.405,150186,25,bluegrass
0.423,0.362,-6.906,0.0451,0.889,4.07e-06,0.087,0.364,174.173,213706,29,bluegrass
0.356,0.497,-10.852,0.049,0.649,7.65e-05,0.181,0.388,153.718,437658,27,bluegrass
0.642,0.65,-6.192,0.0316,0.355,0.551,0.258,0.971,132.151,97506,26,bluegrass
0.461,0.575,-7.044,0.0302,0.754,0.0434,0.315,0.614,175.763,204826,27,bluegrass
0.554,0.888,-8.964,0.049,0.353,1.97e-05,0.0819,0.649,135.16,129946,27,bluegrass
0.507,0.517,-7.256,0.0342,0.683,0.00143,0.0918,0.537,116.991,177320,26,bluegrass
0.571,0.096,-12.417,0.0963,0.912,0.0,0.124,0.379,76.142,137066,26,bluegrass
0.468,0.609,-7.693,0.0322,0.428,3.31e-05,0.121,0.517,146.829,358720,28,bluegrass
0.616,0.313,-8.727,0.114,0.931,0.0,0.116,0.514,147.766,150573,26,bluegrass
0.657,0.804,-7.401,0.0449,0.671,0.0374,0.103,0.918,136.34,316360,26,bluegrass
0.401,0.405,-10.542,0.0309,0.463,0.397,0.0749,0.441,154.447,187906,26,bluegrass
0.724,0.679,-8.876,0.036,0.375,0.0475,0.162,0.812,113.023,178906,27,bluegrass
0.38,0.322,-18.323,0.0358,0.284,3.2e-05,0.31,0.844,160.888,128639,26,bluegrass
0.821,0.519,-7.039,0.0431,0.715,0.0,0.0652,0.847,123.311,200820,27,bluegrass
0.543,0.524,-8.893,0.0333,0.704,0.0018,0.117,0.68,124.808,273413,27,bluegrass
0.525,0.625,-7.013,0.0283,0.596,0.0,0.138,0.718,145.088,180320,26,bluegrass
0.57,0.782,-5.601,0.0267,0.476,0.0321,0.126,0.668,105.4,264842,29,bluegrass
0.514,0.621,-8.259,0.0343,0.0754,0.0,0.0936,0.115,133.015,285893,26,bluegrass
0.533,0.665,-13.025,0.0352,0.323,0.779,0.0388,0.912,118.664,214840,26,bluegrass
0.822,0.294,-11.395,0.0641,0.231,0.000519,0.0515,0.685,120.094,267573,26,bluegrass
0.41,0.744,-7.702,0.0421,0.665,0.0915,0.152,0.858,131.423,290960,26,bluegrass
0.419,0.607,-10.193,0.0296,0.615,0.632,0.716,0.56,117.456,602453,27,bluegrass
0.497,0.874,-5.855,0.0358,0.388,0.0133,0.779,0.84,142.53,297813,26,bluegrass
0.519,0.466,-13.787,0.0288,0.636,0.612,0.106,0.706,138.168,298134,27,bluegrass
0.554,0.493,-12.303,0.032,0.41,0.00422,0.168,0.831,105.739,205253,27,bluegrass
0.593,0.834,-6.413,0.0306,0.0145,0.0028,0.138,0.734,131.821,206960,26,bluegrass
0.596,0.644,-9.479,0.0337,0.645,5.61e-05,0.334,0.903,138.787,165360,27,bluegrass
0.582,0.715,-9.654,0.0329,0.421,0.000277,0.32,0.843,150.814,119626,25,bluegrass
0.393,0.757,-8.223,0.0287,0.157,0.00597,0.131,0.726,156.675,316800,29,bluegrass
0.594,0.702,-8.474,0.0358,0.765,8.83e-05,0.106,0.741,135.353,325120,26,bluegrass
0.571,0.436,-8.553,0.0317,0.721,0.0,0.148,0.338,133.765,267986,25,bluegrass
0.658,0.747,-6.592,0.0557,0.634,1.64e-05,0.32,0.71,96.722,265506,26,bluegrass
0.566,0.719,-10.819,0.0322,0.109,0.00383,0.173,0.92,129.423,145733,26,bluegrass
0.368,0.748,-8.852,0.108,0.501,2.9e-05,0.68,0.572,142.849,407040,27,bluegrass
0.396,0.903,-8.957,0.0332,0.209,0.791,0.232,0.974,151.121,116373,27,bluegrass
0.648,0.502,-11.026,0.0346,0.575,0.0637,0.111,0.937,135.639,151266,26,bluegrass
0.622,0.357,-15.463,0.0496,0.936,0.315,0.113,0.39,97.077,215040,52,bluegrass
0.424,0.264,-9.984,0.0298,0.831,7.08e-05,0.0763,0.169,139.593,300840,62,bluegrass
0.599,0.695,-9.18,0.0303,0.39,0.000234,0.195,0.965,140.158,147053,25,bluegrass
0.526,0.761,-6.491,0.033,0.624,1.3e-06,0.238,0.908,139.514,123831,25,bluegrass
0.502,0.33,-15.249,0.0491,0.988,0.778,0.0845,0.923,142.278,100413,26,bluegrass
0.557,0.37,-8.214,0.0412,0.79,0.0,0.0682,0.688,180.001,237230,26,bluegrass
0.678,0.325,-10.359,0.0338,0.707,0.00111,0.125,0.593,123.267,231366,27,bluegrass
0.595,0.393,-15.391,0.0407,0.828,0.125,0.123,0.716,122.644,214426,25,bluegrass
0.691,0.495,-6.595,0.0293,0.839,1.59e-05,0.198,0.611,119.859,201386,25,bluegrass
0.473,0.552,-8.884,0.0289,0.198,0.0064,0.128,0.611,97.151,219120,26,bluegrass
0.658,0.49,-12.642,0.0306,0.548,0.0104,0.328,0.854,125.223,164693,25,bluegrass
0.562,0.668,-13.485,0.036,0.531,0.487,0.136,0.923,135.505,149226,25,bluegrass
0.42,0.693,-7.923,0.0502,0.255,0.142,0.117,0.516,153.185,580333,26,bluegrass
0.648,0.475,-11.566,0.034,0.484,7.3e-06,0.0908,0.909,109.436,190933,26,bluegrass
0.508,0.77,-5.659,0.0289,0.202,0.00866,0.0672,0.853,128.186,325181,25,bluegrass
0.598,0.816,-6.347,0.034,0.594,0.00358,0.281,0.886,125.004,197493,25,bluegrass
0.456,0.476,-15.652,0.0306,0.357,0.00308,0.302,0.963,146.198,209132,25,bluegrass
0.473,0.1,-15.673,0.032,0.854,0.00499,0.105,0.366,166.337,260825,28,bluegrass
0.335,0.0617,-14.874,0.0345,0.98,0.000433,0.139,0.238,168.675,161386,25,bluegrass
0.697,0.296,-11.669,0.0394,0.786,0.00076,0.142,0.564,100.86,258266,29,bluegrass
0.609,0.695,-7.615,0.0302,0.184,0.0001,0.273,0.517,115.102,179086,25,bluegrass
0.341,0.553,-12.112,0.028,0.341,0.595,0.107,0.637,151.743,542587,26,bluegrass
0.588,0.607,-7.377,0.0333,0.536,4e-05,0.302,0.88,124.143,172085,26,bluegrass
0.565,0.53,-9.301,0.237,0.233,2.14e-05,0.0756,0.718,78.427,227613,29,bluegrass
0.658,0.789,-7.53,0.0379,0.294,0.000155,0.228,0.565,107.047,214253,26,bluegrass
0.563,0.445,-9.962,0.0361,0.975,0.000119,0.178,0.85,102.965,253520,25,bluegrass
0.315,0.554,-9.072,0.0294,0.466,0.138,0.135,0.323,108.95,307333,25,bluegrass
0.656,0.738,-10.393,0.0342,0.719,0.00815,0.0799,0.598,120.966,201040,25,bluegrass
0.503,0.387,-11.937,0.034,0.855,0.000444,0.105,0.718,118.219,156133,25,bluegrass
0.497,0.456,-9.348,0.0266,0.771,0.000273,0.116,0.399,104.487,204899,26,bluegrass
0.51,0.846,-6.866,0.0306,0.255,0.225,0.359,0.931,143.489,183053,25,bluegrass
0.537,0.524,-12.504,0.167,0.55,0.000106,0.683,0.728,105.784,319253,28,bluegrass
0.565,0.284,-10.222,0.0278,0.775,3.47e-06,0.105,0.241,136.014,262786,25,bluegrass
0.351,0.527,-7.804,0.0568,0.444,0.0,0.944,0.775,198.479,235093,27,bluegrass
0.544,0.751,-6.101,0.0308,0.315,0.000708,0.307,0.732,114.705,220706,25,bluegrass
0.684,0.669,-8.111,0.0478,0.682,0.0,0.959,0.834,124.371,211440,27,bluegrass
0.517,0.334,-13.12,0.0337,0.591,0.0,0.115,0.376,142.698,244240,26,bluegrass
0.284,0.909,-4.699,0.0433,0.245,0.00926,0.162,0.591,178.323,150693,28,bluegrass
0.696,0.623,-5.883,0.0352,0.649,0.0,0.0916,0.947,132.03,234520,27,bluegrass
0.493,0.443,-9.298,0.0268,0.402,0.00051,0.0779,0.728,142.099,190789,28,bluegrass
0.484,0.258,-12.432,0.0317,0.708,6.45e-06,0.699,0.167,129.72,318413,28,bluegrass
0.567,0.674,-9.445,0.0511,0.627,8.16e-05,0.175,0.829,142.4,195400,27,bluegrass
0.294,0.675,-11.973,0.0342,0.873,0.925,0.0803,0.96,144.426,266133,25,bluegrass
0.435,0.749,-7.075,0.0349,0.525,0.0568,0.223,0.567,109.084,332920,26,bluegrass
0.502,0.454,-6.811,0.0303,0.45,4.08e-05,0.142,0.464,141.861,212026,28,bluegrass
0.629,0.807,-7.234,0.0429,0.383,0.0,0.0748,0.765,110.962,183066,28,bluegrass
0.68,0.475,-9.656,0.0285,0.844,4.82e-06,0.19,0.889,106.991,186533,25,bluegrass
0.447,0.67,-9.552,0.0421,0.66,0.000407,0.862,0.816,141.999,243880,26,bluegrass
0.606,0.572,-5.257,0.0273,0.154,0.000639,0.108,0.423,91.986,223173,27,bluegrass
0.466,0.815,-8.479,0.0355,0.159,0.000236,0.864,0.866,112.448,188400,25,bluegrass
0.621,0.403,-8.211,0.0359,0.581,0.0,0.114,0.634,145.523,232133,67,bluegrass
0.54,0.435,-18.341,0.0443,0.966,0.775,0.0932,0.929,117.031,221840,25,bluegrass
0.426,0.056,-18.751,0.0347,0.955,0.00612,0.11,0.0728,131.127,131248,50,bluegrass
0.66,0.529,-9.178,0.0289,0.543,0.0401,0.178,0.802,133.64,143333,25,bluegrass
0.562,0.472,-12.46,0.0322,0.895,0.921,0.232,0.801,128.361,97000,25,bluegrass
0.402,0.36,-11.643,0.0305,0.508,0.000821,0.0827,0.193,75.865,334760,24,bluegrass
0.553,0.24,-16.516,0.0327,0.797,0.000125,0.0865,0.519,108.986,223600,24,bluegrass
0.719,0.358,-18.672,0.0354,0.213,0.0355,0.0576,0.805,108.984,186000,25,bluegrass
0.669,0.314,-13.569,0.0282,0.805,0.0,0.186,0.525,84.341,159400,25,bluegrass
0.41,0.885,-5.275,0.0548,0.49,0.0485,0.914,0.779,190.72,539706,25,bluegrass
0.585,0.678,-7.2,0.0283,0.632,0.0017,0.0993,0.827,101.475,202853,24,bluegrass
0.342,0.442,-7.312,0.0294,0.24,0.00412,0.107,0.195,88.496,222106,27,bluegrass
0.614,0.53,-9.098,0.0265,0.507,3.21e-05,0.125,0.734,144.986,158779,24,bluegrass
0.682,0.813,-5.58,0.1,0.0606,0.0,0.0653,0.349,157.156,198066,28,bluegrass
0.63,0.644,-7.34,0.0306,0.402,0.00379,0.263,0.697,107.392,216543,24,bluegrass
0.591,0.584,-9.662,0.0357,0.765,0.0118,0.228,0.813,118.372,191030,26,bluegrass
0.529,0.539,-13.324,0.0331,0.355,0.29,0.348,0.558,124.156,347071,26,bluegrass
0.528,0.74,-7.577,0.0306,0.435,2.55e-06,0.119,0.732,150.668,240893,24,bluegrass
0.585,0.302,-12.985,0.0343,0.845,2.78e-05,0.112,0.812,147.106,151493,24,bluegrass
0.46,0.348,-15.116,0.0288,0.54,0.00118,0.0939,0.147,98.701,381064,25,bluegrass
0.546,0.437,-8.993,0.0326,0.289,0.000312,0.119,0.534,129.955,294933,28,bluegrass
0.5,0.683,-7.289,0.0306,0.258,0.00233,0.212,0.66,144.494,204240,25,bluegrass
0.477,0.588,-9.153,0.032,0.647,0.0,0.291,0.652,148.006,125280,24,bluegrass
0.577,0.727,-8.244,0.0281,0.0558,0.0552,0.0719,0.765,149.272,265480,25,bluegrass
0.542,0.339,-17.248,0.032,0.514,0.00485,0.344,0.456,88.017,333586,24,bluegrass
0.757,0.472,-6.962,0.0276,0.602,2.84e-05,0.211,0.707,129.953,251760,24,bluegrass
0.566,0.585,-8.005,0.0312,0.385,3.64e-05,0.121,0.52,122.85,270733,26,bluegrass
0.618,0.497,-10.434,0.062,0.203,0.922,0.0841,0.977,109.371,120840,24,bluegrass
0.561,0.772,-4.839,0.028,0.107,0.0,0.122,0.61,171.778,188880,26,bluegrass
0.381,0.855,-7.246,0.0423,0.634,0.935,0.116,0.576,102.535,263773,25,bluegrass
0.563,0.613,-6.663,0.0307,0.195,0.00263,0.271,0.788,146.969,212626,24,bluegrass
0.659,0.721,-9.035,0.0523,0.531,0.000931,0.34,0.728,96.118,201706,27,bluegrass
0.549,0.0464,-18.13,0.0333,0.954,0.0,0.133,0.211,104.422,170746,24,bluegrass
0.626,0.597,-8.68,0.0269,0.317,0.000287,0.115,0.699,105.262,285493,25,bluegrass
0.574,0.117,-15.58,0.0425,0.878,7.15e-05,0.106,0.196,132.649,246880,24,bluegrass
0.66,0.649,-11.285,0.0438,0.826,0.031,0.194,0.708,126.958,242392,26,bluegrass
0.411,0.328,-9.602,0.0284,0.659,0.000446,0.353,0.529,129.441,330653,26,bluegrass
0.669,0.198,-13.89,0.0305,0.852,0.0,0.108,0.377,109.523,206093,24,bluegrass
0.66,0.559,-8.0,0.0356,0.484,3.65e-05,0.102,0.887,105.774,190306,26,bluegrass
0.617,0.711,-4.941,0.0334,0.537,0.0004,0.146,0.721,142.79,214727,25,bluegrass
0.492,0.681,-6.292,0.0269,0.46,0.00498,0.192,0.67,108.824,213226,24,bluegrass
0.578,0.678,-8.398,0.0425,0.779,1.91e-05,0.177,0.627,130.392,223320,28,bluegrass
0.534,0.609,-13.365,0.0299,0.616,2.95e-06,0.708,0.963,119.263,115333,25,bluegrass
0.653,0.453,-10.12,0.0375,0.766,0.0003,0.0756,0.489,142.347,227840,29,bluegrass
0.397,0.933,-9.578,0.0503,0.275,0.969,0.0951,0.977,135.491,136266,25,bluegrass
0.587,0.437,-12.422,0.0452,0.555,0.00185,0.244,0.743,110.586,163866,25,bluegrass
0.591,0.729,-12.144,0.0378,0.093,0.0534,0.987,0.568,108.157,508680,25,bluegrass
0.679,0.637,-6.89,0.323,0.643,0.0,0.0807,0.776,160.432,180106,27,bluegrass
0.55,0.218,-13.53,0.0279,0.843,0.000332,0.103,0.239,137.876,195586,25,bluegrass
0.457,0.551,-14.491,0.0313,0.525,0.944,0.211,0.948,131.328,251026,23,bluegrass
0.401,0.846,-7.692,0.0409,0.0105,0.899,0.368,0.893,174.438,122520,24,bluegrass
0.414,0.911,-6.51,0.0504,0.669,0.952,0.253,0.941,169.919,84000,25,bluegrass
0.57,0.85,-7.361,0.0311,0.087,3.71e-05,0.248,0.91,132.379,148066,23,bluegrass
0.338,0.374,-11.682,0.0316,0.722,0.00314,0.109,0.452,66.29,194267,25,bluegrass
0.556,0.494,-9.875,0.0403,0.72,0.91,0.215,0.908,131.212,153720,24,bluegrass
0.556,0.699,-6.753,0.0441,0.101,1.61e-05,0.143,0.661,127.832,195933,24,bluegrass
0.586,0.46,-8.224,0.0258,0.812,0.00962,0.23,0.491,96.049,274955,24,bluegrass
0.516,0.466,-8.023,0.0288,0.524,1.01e-05,0.0936,0.455,125.18,243400,24,bluegrass
0.653,0.352,-11.372,0.03,0.962,0.462,0.123,0.397,101.341,176920,27,bluegrass
0.544,0.743,-4.231,0.033,0.277,7.84e-05,0.234,0.759,140.766,142573,25,bluegrass
0.688,0.14,-22.156,0.0507,0.941,0.0208,0.325,0.448,120.337,265184,24,bluegrass
0.444,0.331,-11.79,0.0355,0.69,2.2e-05,0.376,0.484,74.89,364560,27,bluegrass
0.523,0.585,-5.607,0.0765,0.0664,0.00127,0.117,0.385,140.88,269800,27,bluegrass
0.635,0.221,-14.548,0.0294,0.911,0.000158,0.11,0.285,76.712,185906,27,bluegrass
0.425,0.104,-17.586,0.0321,0.673,0.0017,0.0982,0.26,119.931,268706,23,bluegrass
0.428,0.912,-8.481,0.0533,0.115,0.964,0.95,0.926,125.308,126000,25,bluegrass
0.626,0.536,-12.903,0.0335,0.652,0.892,0.0727,0.963,125.139,154506,24,bluegrass
0.378,0.713,-8.111,0.0302,0.165,0.605,0.755,0.645,111.82,343906,24,bluegrass
0.313,0.663,-4.664,0.0315,0.424,0.000256,0.313,0.458,156.339,247394,26,bluegrass
0.588,0.534,-12.527,0.0271,0.458,0.0635,0.492,0.492,114.082,257514,25,bluegrass
0.449,0.489,-12.104,0.0317,0.829,0.0711,0.696,0.236,89.937,434011,24,bluegrass
0.328,0.689,-6.565,0.031,0.305,0.0489,0.327,0.645,181.33,248586,27,bluegrass
0.575,0.526,-8.852,0.0336,0.533,0.00153,0.0841,0.911,118.668,164995,26,bluegrass
0.566,0.577,-11.437,0.0371,0.541,0.113,0.142,0.49,106.51,296306,24,bluegrass
0.48,0.864,-5.277,0.0305,0.201,0.000497,0.214,0.57,148.843,304640,23,bluegrass
0.597,0.348,-10.524,0.0327,0.95,0.138,0.116,0.738,110.485,218689,25,bluegrass
0.693,0.475,-7.977,0.0277,0.715,0.0,0.272,0.777,138.945,188773,23,bluegrass
0.57,0.187,-14.113,0.0375,0.76,0.0,0.121,0.51,86.991,330560,23,bluegrass
0.619,0.32,-12.581,0.0264,0.729,0.00265,0.105,0.233,108.839,250120,23,bluegrass
0.607,0.692,-6.601,0.0265,0.414,0.0322,0.259,0.677,129.08,271613,24,bluegrass
0.691,0.426,-9.682,0.0677,0.827,0.000686,0.067,0.559,74.779,159026,24,bluegrass
0.435,0.523,-13.241,0.0353,0.636,0.174,0.087,0.375,87.839,271214,25,bluegrass
0.635,0.792,-6.872,0.0517,0.0901,6.15e-06,0.211,0.897,89.361,256146,25,bluegrass
0.583,0.449,-7.05,0.0306,0.71,0.559,0.111,0.0694,116.896,180466,25,bluegrass
0.649,0.384,-9.908,0.0316,0.66,0.0,0.108,0.531,112.69,172400,24,bluegrass
0.473,0.329,-18.722,0.0511,0.632,0.772,0.0651,0.399,134.338,184653,23,bluegrass
0.603,0.316,-10.803,0.0293,0.842,0.000672,0.0977,0.666,126.802,224026,25,bluegrass
0.545,0.806,-6.212,0.0526,0.526,4.76e-06,0.125,0.596,118.95,206000,27,bluegrass
0.617,0.715,-7.17,0.0375,0.087,0.000306,0.227,0.825,120.027,182326,23,bluegrass
0.295,0.738,-6.739,0.0319,0.303,0.781,0.131,0.625,171.665,313773,24,bluegrass
0.598,0.664,-8.996,0.0342,0.629,0.000328,0.119,0.445,123.909,248920,23,bluegrass
0.612,0.877,-7.799,0.0371,0.117,0.00293,0.131,0.791,122.079,285560,24,bluegrass
0.442,0.514,-12.635,0.0321,0.894,0.93,0.169,0.768,114.873,278506,23,bluegrass
0.614,0.801,-6.228,0.0311,0.483,1.01e-05,0.169,0.921,138.172,172693,23,bluegrass
0.617,0.605,-7.916,0.0299,0.494,0.02,0.0597,0.463,125.868,171906,23,bluegrass
0.495,0.537,-11.941,0.0321,0.423,0.00335,0.3,0.944,128.607,180333,24,bluegrass
0.494,0.536,-8.885,0.0332,0.448,0.016,0.0998,0.856,120.996,301160,26,bluegrass
0.539,0.61,-7.622,0.032,0.563,0.00185,0.0902,0.74,145.661,295093,23,bluegrass
0.628,0.432,-14.13,0.0322,0.483,1.75e-05,0.081,0.861,127.57,150226,23,bluegrass
0.602,0.355,-13.881,0.0255,0.619,0.036,0.205,0.281,99.271,292600,45,bluegrass
0.713,0.494,-12.139,0.0373,0.329,0.00563,0.0985,0.462,90.026,284947,24,bluegrass
0.486,0.508,-9.105,0.0311,0.763,0.000184,0.134,0.533,113.298,177000,24,bluegrass
0.39,0.668,-8.397,0.0782,0.255,0.0118,0.514,0.894,139.986,238120,23,bluegrass
0.502,0.317,-15.961,0.0352,0.932,0.902,0.0999,0.925,111.601,65280,24,bluegrass
0.327,0.48,-10.431,0.031,0.685,0.00123,0.174,0.504,159.222,261674,24,bluegrass
0.527,0.454,-15.835,0.0767,0.985,0.797,0.198,0.68,122.685,61600,24,bluegrass
0.673,0.122,-16.406,0.0344,0.837,0.000108,0.115,0.35,84.289,299973,23,bluegrass
0.669,0.593,-9.046,0.033,0.357,3.61e-06,0.204,0.796,111.647,132000,23,bluegrass
0.507,0.509,-7.865,0.0277,0.648,6.1e-05,0.289,0.839,173.309,182506,22,bluegrass
0.633,0.431,-13.602,0.034,0.424,0.405,0.1,0.683,118.756,287960,24,bluegrass
0.581,0.498,-11.586,0.0369,0.943,0.904,0.129,0.524,106.032,232163,23,bluegrass
0.491,0.667,-10.957,0.0321,0.145,0.00346,0.292,0.5,155.8,329719,24,bluegrass
0.459,0.242,-12.189,0.0354,0.898,0.0173,0.0957,0.523,108.175,251586,23,bluegrass
0.616,0.765,-5.932,0.0352,0.608,0.0135,0.168,0.796,91.967,137573,24,bluegrass
0.496,0.682,-10.56,0.0328,0.803,0.829,0.149,0.952,128.135,398960,24,bluegrass
0.616,0.734,-5.485,0.0342,0.367,0.187,0.0909,0.966,105.126,189035,23,bluegrass
0.587,0.427,-11.995,0.0282,0.816,0.0153,0.091,0.839,139.561,165493,24,bluegrass
0.565,0.632,-7.209,0.0305,0.56,0.458,0.0842,0.658,118.658,281880,24,bluegrass
0.522,0.272,-9.987,0.0265,0.709,0.0,0.246,0.286,111.787,241990,26,bluegrass
0.639,0.76,-6.006,0.03,0.125,0.000142,0.254,0.837,109.859,171560,23,bluegrass
0.501,0.737,-7.662,0.0362,0.78,0.0328,0.871,0.753,137.94,394866,23,bluegrass
0.723,0.409,-9.429,0.0407,0.81,7.39e-06,0.1,0.587,113.613,255613,23,bluegrass
0.607,0.61,-11.389,0.0297,0.275,0.921,0.0637,0.65,105.03,151066,24,bluegrass
0.571,0.135,-18.046,0.0323,0.861,4.79e-05,0.186,0.588,131.633,247733,24,bluegrass
0.401,0.521,-8.253,0.0327,0.0981,3.82e-06,0.167,0.548,155.573,265693,25,bluegrass
0.717,0.402,-12.128,0.0394,0.72,0.000131,0.105,0.888,95.509,205906,23,bluegrass
0.63,0.363,-7.949,0.029,0.678,0.00081,0.104,0.63,108.655,231493,22,bluegrass
0.491,0.299,-8.86,0.0317,0.806,0.0,0.188,0.265,109.329,316440,58,bluegrass
0.625,0.646,-7.338,0.0368,0.743,0.000284,0.0692,0.924,98.327,195920,23,bluegrass
0.568,0.756,-5.524,0.0323,0.436,5.61e-05,0.293,0.547,159.863,299840,26,bluegrass
0.635,0.627,-8.103,0.0313,0.874,4.55e-05,0.311,0.619,119.529,206280,23,bluegrass
0.603,0.373,-14.98,0.0349,0.756,6.8e-05,0.135,0.799,96.299,185053,24,bluegrass
0.47,0.474,-9.794,0.0344,0.681,0.000226,0.141,0.802,187.82,173813,24,bluegrass
0.515,0.682,-7.587,0.0359,0.334,1.77e-06,0.157,0.443,90.765,224960,23,bluegrass
0.612,0.467,-6.92,0.0449,0.736,4.24e-06,0.134,0.701,174.913,211025,24,bluegrass
0.481,0.83,-6.302,0.0339,0.115,0.000159,0.706,0.529,118.228,233439,23,bluegrass
0.41,0.63,-5.724,0.0503,0.454,0.0818,0.0835,0.744,177.334,134573,24,bluegrass
0.628,0.837,-6.117,0.0586,0.0755,8.4e-06,0.128,0.713,111.065,220480,26,bluegrass
0.753,0.527,-9.455,0.0496,0.607,5.95e-05,0.15,0.862,111.685,175284,25,bluegrass
0.488,0.437,-15.779,0.032,0.105,0.974,0.141,0.918,129.856,116386,23,bluegrass
0.466,0.776,-6.516,0.0304,0.208,0.0,0.954,0.876,123.662,167013,24,bluegrass
0.582,0.516,-11.352,0.0337,0.633,0.0364,0.322,0.648,133.161,116760,23,bluegrass
0.61,0.693,-7.91,0.0337,0.632,4.58e-05,0.339,0.701,104.024,177240,22,bluegrass
0.703,0.342,-11.986,0.0329,0.89,5.06e-05,0.158,0.584,96.61,218320,25,bluegrass
0.625,0.443,-11.177,0.123,0.665,8.51e-05,0.987,0.72,130.711,231840,23,bluegrass
0.549,0.807,-7.443,0.0439,0.621,0.000173,0.129,0.868,139.451,268240,23,bluegrass
0.692,0.372,-17.052,0.0777,0.386,0.0,0.46,0.962,127.734,238872,24,bluegrass
0.66,0.62,-9.467,0.0291,0.422,0.0842,0.297,0.828,122.747,294733,26,bluegrass
0.625,0.446,-11.272,0.0276,0.719,0.918,0.112,0.656,103.92,126266,24,bluegrass
0.359,0.416,-10.315,0.043,0.925,0.896,0.0685,0.418,172.669,313693,41,bluegrass
0.584,0.644,-7.79,0.0325,0.409,0.363,0.208,0.517,117.26,211106,13,bluegrass
0.598,0.434,-11.369,0.0576,0.804,0.0256,0.111,0.433,156.037,192666,50,bluegrass
0.693,0.324,-15.085,0.205,0.796,0.0,0.246,0.382,144.14,158306,56,bluegrass
0.514,0.0587,-12.885,0.0501,0.863,0.0,0.0879,0.47,167.977,121160,41,bluegrass
0.546,0.14,-18.215,0.0401,0.813,5.8e-06,0.0773,0.133,114.317,233586,23,bluegrass
0.495,0.479,-8.402,0.0273,0.852,0.000745,0.237,0.715,159.844,231040,23,bluegrass
0.519,0.569,-9.72,0.0289,0.858,0.861,0.079,0.836,160.627,254267,23,bluegrass
0.356,0.312,-13.735,0.0547,0.915,0.799,0.13,0.671,127.506,163600,24,bluegrass
0.536,0.419,-9.122,0.0453,0.971,9.43e-05,0.151,0.571,97.322,148522,59,bluegrass
0.777,0.266,-12.572,0.033,0.911,2.01e-05,0.103,0.583,95.998,184360,23,bluegrass
0.403,0.0968,-16.626,0.0406,0.961,4.46e-05,0.0922,0.184,140.848,197373,25,bluegrass
0.44,0.686,-12.237,0.0588,0.752,0.0716,0.97,0.947,109.259,73000,23,bluegrass
0.431,0.637,-9.148,0.0298,0.492,0.831,0.198,0.961,149.652,205800,22,bluegrass
0.422,0.117,-13.659,0.0315,0.901,0.0,0.0546,0.231,77.202,181760,38,bluegrass
0.533,0.552,-9.874,0.0352,0.399,0.481,0.103,0.847,180.048,201506,54,bluegrass
0.57,0.707,-7.919,0.0331,0.377,0.00345,0.209,0.93,145.056,159427,24,bluegrass
0.476,0.624,-11.545,0.182,0.867,0.00139,0.872,0.678,76.699,117957,23,bluegrass
0.583,0.781,-5.575,0.036,0.0938,0.00126,0.315,0.849,123.453,158466,24,bluegrass
0.484,0.669,-10.413,0.0338,0.149,0.945,0.187,0.964,122.243,175373,22,bluegrass
0.456,0.578,-7.65,0.0451,0.443,0.000749,0.206,0.258,163.169,204211,24,bluegrass
0.545,0.326,-10.228,0.0283,0.74,0.000147,0.278,0.364,95.282,160133,23,bluegrass
0.673,0.751,-6.138,0.0363,0.727,0.0,0.305,0.961,119.268,157098,23,bluegrass
0.421,0.474,-8.096,0.028,0.674,0.0,0.172,0.673,104.596,158173,23,bluegrass
0.555,0.118,-20.553,0.109,0.892,0.0,0.127,0.77,171.683,153000,24,bluegrass
0.558,0.592,-8.642,0.0287,0.729,4.79e-06,0.142,0.842,109.373,184453,23,bluegrass
0.576,0.663,-7.999,0.0267,0.409,0.000339,0.128,0.581,126.367,217960,24,bluegrass
0.627,0.655,-5.323,0.0307,0.488,2.04e-06,0.285,0.695,96.933,246200,23,bluegrass
0.642,0.463,-13.129,0.0326,0.345,0.079,0.0744,0.918,110.499,188426,23,bluegrass
0.575,0.846,-7.464,0.0381,0.101,0.000408,0.272,0.829,152.454,219746,24,bluegrass
0.628,0.447,-9.824,0.0266,0.485,5.65e-05,0.12,0.488,109.506,257613,25,bluegrass
0.466,0.322,-9.829,0.0296,0.778,0.000586,0.0868,0.325,81.433,213213,23,bluegrass
0.425,0.887,-8.117,0.0358,0.27,0.973,0.207,0.966,134.796,124866,22,bluegrass
0.526,0.576,-6.392,0.0286,0.233,5.58e-05,0.102,0.424,119.924,183686,23,bluegrass
0.488,0.296,-12.165,0.0327,0.617,0.0,0.0632,0.299,115.749,300333,23,bluegrass
0.426,0.858,-4.642,0.0388,0.654,0.00164,0.158,0.67,103.266,201306,26,bluegrass
0.474,0.536,-12.656,0.0406,0.628,0.0502,0.94,0.808,132.374,188973,23,bluegrass
0.576,0.828,-4.792,0.0361,0.564,0.0,0.145,0.972,148.359,171013,24,bluegrass
0.588,0.626,-8.181,0.0286,0.374,0.000218,0.601,0.76,104.333,231346,24,bluegrass
0.505,0.525,-8.732,0.0369,0.623,1.09e-05,0.135,0.745,179.874,287506,25,bluegrass
0.748,0.542,-6.781,0.0292,0.738,3.25e-05,0.254,0.801,104.967,215841,23,bluegrass
0.608,0.907,-8.901,0.188,0.477,8.19e-06,0.938,0.503,134.049,186173,25,bluegrass
0.589,0.386,-15.507,0.0397,0.195,0.186,0.75,0.939,116.821,160133,23,bluegrass
0.605,0.629,-8.184,0.0372,0.615,0.000653,0.205,0.964,177.252,162186,23,bluegrass
0.525,0.745,-6.152,0.0281,0.129,0.0727,0.247,0.657,132.53,293803,23,bluegrass
0.377,0.614,-12.364,0.0433,0.073,0.0634,0.0962,0.558,173.76,255586,22,bluegrass
0.716,0.375,-9.549,0.0407,0.834,0.0,0.154,0.477,101.596,145240,23,bluegrass
0.44,0.878,-4.216,0.0864,0.249,6.58e-05,0.117,0.492,202.037,163093,24,bluegrass
0.543,0.713,-9.235,0.0389,0.22,0.0115,0.868,0.746,112.205,167453,23,bluegrass
0.456,0.64,-5.645,0.0326,0.891,2.23e-05,0.126,0.898,140.597,175386,24,bluegrass
0.345,0.251,-12.326,0.0277,0.623,0.000584,0.0847,0.268,74.761,299120,43,bluegrass
0.556,0.641,-11.276,0.0384,0.458,0.944,0.155,0.785,133.171,177946,23,bluegrass
0.599,0.681,-9.474,0.0359,0.577,0.0504,0.0847,0.863,121.144,160240,22,bluegrass
0.563,0.254,-14.142,0.0384,0.892,0.729,0.0841,0.635,104.936,191840,23,bluegrass
0.461,0.634,-12.746,0.0329,0.737,0.97,0.307,0.962,127.129,160720,22,bluegrass
0.582,0.375,-15.072,0.0288,0.89,0.00499,0.137,0.622,142.08,140800,24,bluegrass
0.49,0.539,-9.069,0.0308,0.639,2.07e-06,0.21,0.788,171.979,176053,25,bluegrass
0.517,0.722,-4.83,0.0345,0.662,0.000576,0.0812,0.729,136.513,172093,23,bluegrass
0.438,0.45,-18.545,0.036,0.715,0.772,0.141,0.968,127.867,186773,22,bluegrass
0.515,0.205,-13.385,0.0297,0.883,2.65e-06,0.0883,0.314,95.596,208026,23,bluegrass
0.559,0.41,-14.27,0.123,0.733,0.000106,0.132,0.684,90.887,359173,23,bluegrass
0.555,0.502,-9.414,0.0266,0.198,0.000399,0.0573,0.786,109.428,151506,23,bluegrass
0.475,0.0924,-10.283,0.0311,0.819,0.0,0.111,0.206,93.834,230493,24,bluegrass
0.719,0.455,-9.932,0.0741,0.676,8.88e-06,0.243,0.477,105.354,312653,22,bluegrass
0.583,0.742,-8.129,0.0396,0.266,0.00353,0.104,0.793,115.196,218333,26,bluegrass
0.762,0.497,-12.825,0.0463,0.789,0.0,0.0577,0.968,118.647,145866,23,bluegrass
0.61,0.569,-8.25,0.0254,0.133,0.0462,0.113,0.411,125.932,225440,23,bluegrass
0.666,0.47,-10.496,0.0301,0.401,4.65e-05,0.256,0.93,109.734,144000,22,bluegrass
0.519,0.565,-12.287,0.0299,0.64,0.976,0.111,0.496,91.988,235866,23,bluegrass
0.413,0.663,-7.263,0.0424,0.175,0.000352,0.184,0.698,162.077,117546,23,bluegrass
0.673,0.671,-7.802,0.0297,0.286,1.62e-06,0.103,0.921,105.389,216893,22,bluegrass
0.585,0.573,-8.096,0.0256,0.773,0.409,0.102,0.53,109.374,444533,23,bluegrass
0.696,0.669,-5.368,0.0272,0.622,0.0,0.0724,0.926,92.023,213426,23,bluegrass
0.685,0.0604,-15.801,0.036,0.882,1.98e-05,0.108,0.129,102.328,310626,27,bluegrass
0.348,0.657,-6.666,0.0299,0.352,0.277,0.301,0.655,139.053,347280,23,bluegrass
0.616,0.698,-7.659,0.0316,0.64,1.07e-05,0.35,0.61,115.05,210858,23,bluegrass
0.797,0.522,-6.136,0.027,0.716,4.51e-06,0.18,0.873,109.981,213153,23,bluegrass
0.592,0.488,-11.355,0.0352,0.708,0.885,0.0793,0.568,112.338,292866,23,bluegrass
0.422,0.772,-5.386,0.0307,0.000496,0.0,0.338,0.653,152.819,230986,26,bluegrass
0.528,0.74,-7.577,0.0306,0.435,2.55e-06,0.119,0.732,150.668,240893,22,bluegrass
0.497,0.409,-7.755,0.029,0.852,0.0,0.077,0.386,78.825,297146,22,bluegrass
0.42,0.646,-7.615,0.032,0.105,0.0153,0.0609,0.877,142.209,343480,23,bluegrass
0.471,0.482,-9.671,0.0274,0.814,3.39e-05,0.136,0.482,147.971,224973,22,bluegrass
0.454,0.337,-15.906,0.0371,0.793,0.00148,0.922,0.249,123.612,344146,23,bluegrass
0.62,0.544,-7.923,0.0296,0.865,0.0143,0.12,0.845,147.964,193080,22,bluegrass
0.514,0.912,-3.878,0.034,0.364,7.59e-06,0.0955,0.734,153.387,229386,25,bluegrass
0.544,0.73,-6.181,0.0288,0.131,0.00674,0.0908,0.622,128.775,232760,22,bluegrass
0.646,0.788,-7.836,0.0358,0.657,0.0023,0.331,0.869,121.65,134133,22,bluegrass
0.664,0.614,-8.854,0.0349,0.744,0.0051,0.19,0.91,145.247,268013,23,bluegrass
0.475,0.325,-11.327,0.032,0.869,0.0,0.0895,0.393,127.612,210386,22,bluegrass
0.503,0.851,-8.064,0.0328,0.593,0.969,0.163,0.788,95.664,146560,24,bluegrass
0.692,0.386,-15.345,0.0743,0.615,0.00635,0.916,0.823,121.937,134800,23,bluegrass
0.264,0.46,-8.686,0.0455,0.475,0.805,0.0682,0.141,183.389,302280,25,bluegrass
0.514,0.64,-8.265,0.0353,0.202,0.00217,0.31,0.609,143.926,303488,22,bluegrass
0.511,0.269,-12.96,0.0346,0.899,0.000183,0.0897,0.435,139.793,201573,22,bluegrass
0.283,0.317,-13.02,0.0299,0.523,1.13e-06,0.11,0.302,178.097,222266,25,bluegrass
0.456,0.897,-7.522,0.0343,0.0355,0.695,0.721,0.93,125.985,167733,23,bluegrass
0.404,0.653,-11.771,0.0373,0.392,0.0,0.333,0.745,154.161,145400,23,bluegrass
0.463,0.428,-10.427,0.0419,0.608,0.0,0.969,0.491,129.548,219826,23,bluegrass
0.341,0.82,-7.034,0.0306,0.144,0.943,0.0982,0.967,149.756,121586,22,bluegrass
0.598,0.64,-12.32,0.0325,0.434,0.505,0.0892,0.626,130.542,183333,43,bluegrass
0.465,0.798,-4.294,0.0298,0.523,0.462,0.203,0.474,95.656,264333,23,bluegrass
0.361,0.303,-11.433,0.0378,0.787,0.0,0.0945,0.43,172.573,258252,23,bluegrass
0.675,0.431,-9.374,0.0408,0.722,0.00128,0.107,0.774,90.063,214623,22,bluegrass
0.721,0.606,-5.344,0.0303,0.633,0.0,0.213,0.61,138.068,195546,23,bluegrass
0.399,0.881,-4.563,0.0396,0.447,0.9,0.177,0.958,170.332,101584,22,bluegrass
0.675,0.545,-11.839,0.0312,0.267,0.0561,0.154,0.866,114.842,166773,22,bluegrass
0.593,0.584,-6.916,0.0269,0.577,0.00228,0.203,0.665,96.017,279293,23,bluegrass
0.547,0.51,-7.49,0.0276,0.769,9.01e-05,0.133,0.363,139.058,209373,22,bluegrass
0.474,0.343,-10.526,0.0281,0.891,0.000185,0.11,0.34,155.72,218000,23,bluegrass
0.421,0.494,-7.892,0.032,0.176,0.00013,0.103,0.491,158.831,239866,25,bluegrass
0.375,0.381,-10.054,0.0311,0.904,0.0228,0.0912,0.28,65.43,246786,24,bluegrass
0.664,0.695,-9.387,0.0308,0.454,0.0403,0.37,0.887,120.985,278540,23,bluegrass
0.528,0.597,-6.084,0.0267,0.0576,0.0138,0.0867,0.691,85.776,178480,23,bluegrass
0.465,0.75,-10.82,0.039,0.763,0.956,0.0897,0.918,128.488,199493,22,bluegrass
0.481,0.739,-7.607,0.0315,0.197,0.924,0.298,0.968,160.178,110306,21,bluegrass
0.361,0.646,-5.224,0.0284,0.747,0.00147,0.197,0.351,104.622,249666,22,bluegrass
0.658,0.679,-6.574,0.0367,0.497,1.09e-06,0.111,0.77,95.013,175480,22,bluegrass
0.748,0.644,-7.539,0.029,0.767,0.000139,0.0947,0.967,122.88,218306,23,bluegrass
0.337,0.431,-6.958,0.0306,0.701,0.0,0.125,0.528,179.846,160453,23,bluegrass
0.434,0.59,-12.291,0.0333,0.348,1.62e-06,0.223,0.402,136.312,111266,22,bluegrass
0.482,0.624,-7.243,0.0325,0.219,0.0,0.119,0.665,156.149,248760,22,bluegrass
0.612,0.657,-8.723,0.0311,0.291,4.61e-05,0.219,0.586,115.104,179000,22,bluegrass
0.627,0.411,-11.141,0.0307,0.898,0.045,0.115,0.794,108.778,177466,23,bluegrass
0.491,0.373,-15.399,0.0333,0.753,0.522,0.819,0.851,116.874,201106,23,bluegrass
0.559,0.639,-8.186,0.0431,0.714,0.000115,0.283,0.736,99.468,266400,22,bluegrass
0.605,0.285,-10.787,0.0265,0.669,0.0,0.137,0.49,97.537,119186,22,bluegrass
0.522,0.685,-6.041,0.032,0.84,0.912,0.22,0.966,140.201,152200,23,bluegrass
0.496,0.475,-6.509,0.0323,0.801,6.86e-06,0.157,0.533,112.454,258093,23,bluegrass
0.353,0.403,-10.813,0.0385,0.401,0.308,0.236,0.326,140.744,425506,24,bluegrass
0.618,0.798,-6.201,0.0416,0.675,3.66e-05,0.0794,0.53,102.243,137240,24,bluegrass
0.546,0.536,-7.036,0.0283,0.706,0.492,0.0947,0.437,81.381,235293,23,bluegrass
0.621,0.838,-8.305,0.0276,0.523,0.0258,0.153,0.895,133.109,199426,23,bluegrass
0.66,0.808,-4.606,0.0251,0.499,3.6e-05,0.117,0.591,110.007,227706,25,bluegrass
0.574,0.51,-8.394,0.0237,0.0931,0.00433,0.0659,0.507,106.338,353986,24,bluegrass
0.553,0.579,-8.31,0.0302,0.536,0.0384,0.31,0.911,151.285,109360,22,bluegrass
0.615,0.6,-7.581,0.0347,0.649,0.0772,0.284,0.448,95.203,276213,23,bluegrass
0.473,0.588,-7.477,0.0531,0.661,0.0,0.114,0.948,182.906,223946,24,bluegrass
0.406,0.813,-10.632,0.0467,0.0687,0.186,0.175,0.816,130.457,209908,23,bluegrass
0.65,0.433,-6.113,0.0397,0.553,0.0,0.263,0.786,130.038,158840,24,bluegrass
0.478,0.442,-9.746,0.0507,0.672,0.000386,0.0904,0.657,174.341,269266,22,bluegrass
0.609,0.518,-10.162,0.0327,0.155,4.22e-06,0.131,0.849,106.644,149186,22,bluegrass
0.588,0.572,-7.853,0.0259,0.624,0.000661,0.0732,0.757,134.923,147960,23,bluegrass
0.553,0.605,-8.354,0.0326,0.934,0.000159,0.273,0.773,132.717,202746,24,bluegrass
0.473,0.184,-19.944,0.0333,0.818,0.00175,0.126,0.636,91.256,212846,22,bluegrass
0.571,0.601,-6.26,0.0651,0.463,0.0,0.0865,0.65,161.845,183173,22,bluegrass
0.527,0.567,-10.415,0.0312,0.58,0.00165,0.687,0.436,137.846,399567,22,bluegrass
0.669,0.715,-7.355,0.0303,0.791,0.0016,0.213,0.967,133.094,126600,24,bluegrass
0.631,0.494,-9.618,0.0344,0.768,0.0,0.107,0.817,184.041,153106,0,bluegrass
0.471,0.623,-10.149,0.0414,0.666,1.19e-06,0.672,0.499,118.579,199240,23,bluegrass
0.624,0.402,-14.837,0.0327,0.571,0.873,0.105,0.326,132.084,221016,43,bluegrass
0.645,0.577,-5.938,0.0261,0.63,3.82e-06,0.1,0.748,106.929,135146,12,bluegrass
0.616,0.253,-9.247,0.0248,0.764,0.0,0.309,0.528,98.337,158960,35,bluegrass
0.591,0.145,-18.428,0.0343,0.928,0.523,0.108,0.265,127.261,218973,44,bluegrass
0.48,0.248,-15.567,0.049,0.938,0.841,0.0623,0.646,127.487,142040,23,bluegrass
0.463,0.627,-8.174,0.034,0.575,5.1e-06,0.179,0.89,83.474,154320,22,bluegrass
0.611,0.538,-7.484,0.0445,0.114,0.0,0.124,0.395,85.961,244706,21,bluegrass
0.429,0.307,-18.703,0.0404,0.958,0.949,0.156,0.351,120.416,180706,22,bluegrass
0.577,0.585,-15.487,0.0346,0.699,0.0201,0.0774,0.945,114.329,195426,23,bluegrass
0.626,0.487,-11.151,0.0296,0.723,0.0514,0.142,0.569,125.014,236614,23,bluegrass
0.495,0.226,-12.985,0.0342,0.718,0.0,0.0992,0.0845,113.953,174000,22,bluegrass
0.433,0.729,-12.524,0.0397,0.239,0.93,0.302,0.974,134.238,98120,21,bluegrass
0.441,0.16,-7.987,0.0352,0.946,0.0,0.278,0.605,115.814,222986,23,bluegrass
0.395,0.485,-13.665,0.0318,0.468,0.409,0.209,0.536,106.197,349106,23,bluegrass
0.62,0.585,-9.549,0.0248,0.218,0.00978,0.108,0.831,104.859,228608,23,bluegrass
0.399,0.24,-10.507,0.0289,0.422,5.28e-05,0.0962,0.164,68.165,207840,23,bluegrass
0.608,0.795,-4.974,0.0299,0.191,0.0362,0.122,0.909,119.797,191701,22,bluegrass
0.455,0.66,-7.92,0.0283,0.744,0.91,0.159,0.607,138.3,265106,22,bluegrass
0.544,0.674,-6.935,0.0821,0.0138,0.000253,0.117,0.572,79.163,228293,25,bluegrass
0.607,0.51,-8.063,0.038,0.381,3.29e-06,0.0678,0.611,132.976,188574,22,bluegrass
0.536,0.157,-18.52,0.0296,0.824,9.69e-05,0.108,0.193,96.635,292560,22,bluegrass
0.548,0.394,-11.666,0.0282,0.864,0.856,0.1,0.472,105.79,122480,23,bluegrass
0.525,0.555,-6.947,0.0289,0.745,0.0048,0.115,0.299,97.149,343146,22,bluegrass
0.42,0.235,-10.617,0.0324,0.866,0.127,0.108,0.196,118.217,216093,24,bluegrass
0.51,0.464,-11.346,0.0341,0.327,0.00335,0.112,0.65,178.259,129479,22,bluegrass
0.479,0.8,-7.477,0.0715,0.023,1.74e-05,0.341,0.716,115.98,207960,25,bluegrass
0.486,0.622,-6.516,0.0297,0.305,4.32e-05,0.293,0.55,166.941,211426,22,bluegrass
0.65,0.506,-6.71,0.0392,0.691,5.45e-06,0.217,0.799,134.078,228040,22,bluegrass
0.422,0.396,-13.543,0.0374,0.435,0.586,0.0826,0.653,114.778,210400,22,bluegrass
0.641,0.619,-9.619,0.0326,0.581,0.66,0.119,0.593,114.152,805026,23,bluegrass
0.506,0.798,-6.466,0.0322,0.472,0.00593,0.198,0.602,114.798,233840,21,bluegrass
0.563,0.691,-7.895,0.0418,0.121,1.27e-05,0.124,0.306,110.515,248613,25,bluegrass
0.558,0.3,-11.317,0.027,0.804,0.0,0.101,0.244,80.457,249453,22,bluegrass
0.615,0.931,-7.613,0.0393,0.0414,0.000247,0.0973,0.787,119.462,231546,22,bluegrass
0.672,0.639,-6.443,0.0511,0.108,0.0086,0.103,0.679,98.023,283773,25,bluegrass
0.624,0.234,-13.32,0.031,0.907,3.48e-06,0.149,0.811,99.758,169226,22,bluegrass
0.481,0.547,-8.763,0.0321,0.664,1.37e-05,0.131,0.751,138.953,251586,22,bluegrass
0.417,0.334,-11.139,0.039,0.718,0.0,0.674,0.23,111.684,265813,22,bluegrass
0.454,0.284,-14.067,0.0312,0.696,0.00054,0.103,0.422,168.169,232320,21,bluegrass
0.645,0.574,-12.268,0.0917,0.56,9.21e-05,0.124,0.748,103.921,362826,23,bluegrass
0.562,0.532,-10.82,0.033,0.617,0.000395,0.133,0.66,93.402,242736,21,bluegrass
0.628,0.345,-12.036,0.0304,0.71,0.0578,0.114,0.331,140.985,178933,21,bluegrass
0.486,0.542,-10.669,0.0275,0.475,0.313,0.159,0.468,111.928,665026,22,bluegrass
0.525,0.766,-6.722,0.0332,0.437,0.000199,0.782,0.881,121.201,177600,22,bluegrass
0.43,0.404,-12.786,0.0337,0.442,0.0,0.706,0.424,116.222,237466,23,bluegrass
0.609,0.793,-7.196,0.0301,0.153,0.0292,0.457,0.817,126.621,316066,22,bluegrass
0.379,0.483,-16.129,0.0493,0.307,0.0557,0.988,0.498,76.271,298373,22,bluegrass
0.362,0.761,-8.384,0.0362,0.356,0.113,0.683,0.398,135.318,341053,22,bluegrass
0.574,0.743,-4.239,0.0376,0.173,0.201,0.705,0.953,116.856,160170,22,bluegrass
0.469,0.764,-7.853,0.0345,0.251,0.928,0.322,0.973,120.608,133480,22,bluegrass
0.794,0.671,-6.896,0.0332,0.644,0.0,0.343,0.978,105.683,142066,53,bluegrass
0.638,0.643,-10.166,0.033,0.491,0.00227,0.135,0.874,117.729,171893,21,bluegrass
0.5,0.444,-7.553,0.0263,0.653,0.0,0.124,0.385,141.025,215493,24,bluegrass
0.543,0.468,-8.643,0.0294,0.51,0.0297,0.311,0.443,135.071,166000,23,bluegrass
0.54,0.632,-6.553,0.0283,0.727,0.00575,0.105,0.888,137.564,120360,22,bluegrass
0.525,0.285,-17.408,0.0647,0.993,0.74,0.118,0.95,119.309,85026,22,bluegrass
0.606,0.691,-8.827,0.0291,0.319,0.0418,0.27,0.659,131.035,234706,22,bluegrass
0.611,0.508,-10.434,0.0306,0.866,0.163,0.118,0.773,95.187,162771,24,bluegrass
0.623,0.378,-10.72,0.0301,0.809,0.0,0.116,0.697,117.021,215786,21,bluegrass
0.419,0.163,-24.042,0.0467,0.738,0.849,0.1,0.921,173.46,135000,22,bluegrass
0.439,0.434,-12.906,0.0365,0.679,0.45,0.31,0.914,160.558,76173,22,bluegrass
0.671,0.595,-6.055,0.028,0.709,0.000115,0.111,0.734,99.01,198173,22,bluegrass
0.438,0.255,-12.576,0.028,0.893,0.00973,0.102,0.257,156.156,193386,24,bluegrass
0.578,0.258,-9.133,0.0287,0.772,0.0134,0.126,0.186,115.879,218333,23,bluegrass
0.407,0.31,-11.873,0.0315,0.636,0.0218,0.131,0.336,119.185,283706,22,bluegrass
0.67,0.592,-10.45,0.0305,0.606,4.3e-05,0.0952,0.379,96.077,225826,23,bluegrass
0.372,0.136,-12.842,0.0306,0.899,0.0,0.119,0.614,97.979,95500,23,bluegrass
0.447,0.843,-5.801,0.0362,0.177,0.833,0.377,0.861,160.613,142280,21,bluegrass
0.376,0.68,-5.775,0.0292,0.543,0.00222,0.088,0.428,153.753,222626,25,bluegrass
0.579,0.419,-13.133,0.0476,0.909,0.806,0.102,0.973,115.946,117604,23,bluegrass
0.59,0.403,-11.246,0.0421,0.704,7.37e-05,0.111,0.574,99.612,137893,23,bluegrass
0.514,0.347,-10.866,0.0296,0.815,0.0,0.277,0.386,159.562,282586,22,bluegrass
0.463,0.794,-7.95,0.0363,0.00199,0.000677,0.214,0.813,126.298,225986,24,bluegrass
0.785,0.663,-7.179,0.0328,0.687,0.000498,0.137,0.937,106.062,166899,22,bluegrass
0.584,0.772,-8.033,0.0399,0.288,0.0169,0.414,0.873,121.891,160826,22,bluegrass
0.607,0.748,-7.204,0.032,0.376,0.0201,0.0674,0.783,105.306,208240,22,bluegrass
0.678,0.168,-12.877,0.0316,0.853,0.0,0.0967,0.204,127.402,219440,23,bluegrass
0.444,0.77,-7.947,0.0317,0.368,0.536,0.158,0.973,150.138,159840,23,bluegrass
0.634,0.29,-11.163,0.0318,0.878,0.0017,0.138,0.688,109.972,214411,24,bluegrass
0.549,0.299,-15.974,0.0328,0.959,0.0775,0.411,0.927,141.253,167846,23,bluegrass
0.733,0.391,-12.102,0.035,0.682,0.0,0.125,0.866,101.443,140000,21,bluegrass
0.601,0.805,-6.161,0.0342,0.304,0.00742,0.0682,0.734,120.328,262706,22,bluegrass
0.389,0.54,-9.671,0.031,0.484,9.07e-05,0.0713,0.559,87.789,262533,21,bluegrass
0.623,0.42,-15.23,0.0719,0.224,1.14e-06,0.242,0.901,103.695,142080,22,bluegrass
0.485,0.113,-13.116,0.0345,0.883,0.00763,0.108,0.0628,145.722,268306,25,bluegrass
0.613,0.882,-9.17,0.0286,0.228,0.0509,0.629,0.824,112.837,152080,23,bluegrass
0.494,0.728,-5.187,0.0556,0.0917,8.31e-05,0.33,0.92,108.15,217106,25,bluegrass
0.477,0.567,-8.644,0.0503,0.826,1.93e-06,0.302,0.667,187.859,197826,21,bluegrass
0.37,0.72,-6.303,0.038,0.609,0.532,0.112,0.716,160.09,167293,23,bluegrass
0.355,0.368,-9.494,0.0312,0.785,0.0,0.11,0.501,89.53,185346,23,bluegrass
0.526,0.445,-11.845,0.0362,0.815,4.04e-05,0.0999,0.828,121.073,138226,22,bluegrass
0.574,0.324,-11.06,0.0265,0.768,0.0,0.141,0.627,101.176,147173,25,bluegrass
0.468,0.346,-8.16,0.0318,0.786,0.0,0.303,0.58,140.354,218346,23,bluegrass
0.474,0.754,-5.684,0.0275,0.0738,0.00747,0.0949,0.632,148.091,246520,22,bluegrass
0.516,0.123,-14.693,0.0295,0.863,0.0,0.296,0.384,81.945,113493,21,bluegrass
0.631,0.766,-7.784,0.0294,0.242,0.000681,0.0877,0.681,129.287,202520,21,bluegrass
0.564,0.0564,-16.949,0.0344,0.744,0.0,0.107,0.484,126.274,173093,23,bluegrass
0.386,0.752,-9.789,0.0311,0.664,0.947,0.361,0.988,160.468,123960,21,bluegrass
0.67,0.472,-12.537,0.0318,0.72,0.0116,0.119,0.691,95.111,182880,24,bluegrass
0.603,0.531,-12.271,0.0295,0.532,0.00654,0.257,0.886,137.667,136066,21,bluegrass
0.571,0.427,-7.574,0.0405,0.202,0.0,0.1,0.894,142.454,200720,60,bluegrass
0.535,0.828,-10.707,0.0465,0.472,0.0333,0.94,0.841,131.51,148600,21,bluegrass
0.456,0.764,-10.223,0.034,0.566,0.912,0.105,0.661,129.629,326266,22,bluegrass
0.584,0.273,-12.806,0.0357,0.853,0.000109,0.102,0.47,149.757,180240,48,bluegrass
0.477,0.283,-9.86,0.0354,0.734,0.000357,0.147,0.292,112.621,209124,23,bluegrass
0.438,0.584,-12.989,0.0323,0.786,0.962,0.116,0.827,133.091,212733,22,bluegrass
0.564,0.28,-8.211,0.0328,0.78,0.0,0.0767,0.383,94.287,206893,22,bluegrass
0.393,0.29,-16.886,0.0338,0.755,0.0489,0.103,0.454,137.921,160866,22,bluegrass
0.483,0.499,-11.899,0.0355,0.861,0.84,0.36,0.934,132.315,62466,22,bluegrass
0.595,0.407,-9.536,0.0272,0.49,2.67e-05,0.0959,0.702,127.507,178266,40,bluegrass
0.438,0.0636,-18.175,0.0516,0.935,3.68e-06,0.151,0.209,87.197,111371,42,bluegrass
0.551,0.619,-8.659,0.0329,0.49,0.000576,0.223,0.71,153.033,217066,22,bluegrass
0.43,0.318,-13.517,0.0379,0.845,0.0199,0.128,0.432,164.697,237280,22,bluegrass
0.571,0.316,-9.215,0.0274,0.641,3.54e-06,0.153,0.512,92.115,201716,23,bluegrass
0.57,0.707,-7.919,0.0331,0.377,0.00345,0.209,0.93,145.056,159427,22,bluegrass
0.578,0.621,-10.348,0.0343,0.682,0.00136,0.92,0.75,120.575,177053,21,bluegrass
0.547,0.527,-12.725,0.0388,0.896,0.863,0.302,0.926,116.678,157800,21,bluegrass
0.669,0.704,-7.681,0.03,0.537,0.165,0.363,0.85,124.987,177356,21,bluegrass
0.404,0.205,-15.2,0.0373,0.914,0.931,0.108,0.149,95.92,182706,21,bluegrass
0.509,0.264,-10.884,0.0301,0.889,4.74e-06,0.251,0.771,89.194,167013,22,bluegrass
0.41,0.687,-11.598,0.0314,0.0787,0.956,0.367,0.967,132.559,167040,20,bluegrass
0.536,0.298,-11.854,0.0307,0.763,6.32e-05,0.108,0.428,142.076,265994,21,bluegrass
0.371,0.354,-12.946,0.0319,0.645,0.704,0.108,0.0924,104.8,194893,24,bluegrass
0.582,0.829,-4.008,0.0375,0.393,0.0,0.101,0.962,116.255,186146,21,bluegrass
0.61,0.792,-6.372,0.0305,0.183,6.49e-06,0.0801,0.961,140.149,157120,24,bluegrass
0.436,0.232,-11.736,0.0324,0.937,0.00475,0.096,0.278,145.978,205400,23,bluegrass
0.776,0.429,-9.711,0.0355,0.446,0.0,0.055,0.558,103.526,209546,21,bluegrass
0.626,0.396,-9.019,0.0292,0.576,9.02e-05,0.059,0.304,133.852,224880,22,bluegrass
0.441,0.831,-5.934,0.05,0.414,0.103,0.603,0.87,159.551,339378,22,bluegrass
0.737,0.269,-12.654,0.0309,0.91,7.69e-06,0.105,0.333,119.988,198386,22,bluegrass
0.492,0.074,-17.741,0.0369,0.853,7.28e-06,0.124,0.244,81.408,191333,24,bluegrass
0.56,0.638,-7.03,0.0279,0.561,0.00452,0.404,0.728,97.956,251626,21,bluegrass
0.534,0.386,-18.752,0.166,0.811,0.000729,0.696,0.837,117.575,232133,22,bluegrass
0.468,0.563,-17.194,0.0332,0.107,0.918,0.131,0.738,134.831,258693,21,bluegrass
0.485,0.319,-8.525,0.031,0.686,2.81e-05,0.117,0.195,142.119,314680,57,bluegrass
0.516,0.569,-7.297,0.0343,0.518,1.76e-05,0.26,0.5,190.145,173893,22,bluegrass
0.53,0.567,-8.666,0.046,0.668,3.46e-06,0.554,0.673,117.606,278800,21,bluegrass
0.514,0.749,-6.915,0.0333,0.501,0.947,0.215,0.756,132.218,199666,22,bluegrass
0.496,0.292,-12.111,0.0265,0.693,2.13e-05,0.293,0.307,84.843,200973,21,bluegrass
0.555,0.541,-9.346,0.0677,0.588,0.00471,0.653,0.797,95.803,725253,21,bluegrass
0.433,0.47,-11.916,0.0289,0.0909,0.0106,0.675,0.65,78.639,251693,22,bluegrass
0.523,0.517,-11.001,0.037,0.529,0.0622,0.0961,0.521,110.006,199653,21,bluegrass
0.693,0.3,-15.351,0.133,0.715,1.06e-05,0.167,0.317,144.303,155840,23,bluegrass
0.565,0.6,-6.253,0.0648,0.467,0.0,0.0866,0.671,161.896,183307,21,bluegrass
0.572,0.74,-8.912,0.054,0.488,0.00144,0.158,0.764,163.157,209514,21,bluegrass
0.493,0.775,-9.283,0.0304,0.648,0.956,0.0811,0.955,139.217,180666,21,bluegrass
0.449,0.631,-7.071,0.0363,0.443,1.48e-05,0.817,0.678,92.982,425306,21,bluegrass
0.556,0.578,-10.333,0.031,0.455,7.03e-06,0.308,0.906,127.336,179666,21,bluegrass
0.491,0.379,-8.686,0.0334,0.515,0.0,0.345,0.61,177.08,159893,0,bluegrass
0.524,0.494,-7.416,0.0435,0.677,0.000298,0.222,0.596,124.896,220880,22,bluegrass
0.683,0.488,-8.733,0.0266,0.605,0.0554,0.13,0.424,113.387,185728,56,bluegrass
0.48,0.273,-11.045,0.0319,0.913,0.000135,0.0911,0.438,124.238,196493,58,bluegrass
0.532,0.349,-15.308,0.0298,0.642,0.0,0.326,0.865,203.149,164453,33,bluegrass
0.486,0.558,-10.271,0.0353,0.692,0.834,0.352,0.612,120.935,318200,22,bluegrass
0.625,0.325,-13.388,0.0345,0.785,0.00549,0.104,0.67,97.87,210013,21,bluegrass
0.554,0.62,-4.541,0.0328,0.517,0.000123,0.311,0.654,138.116,182400,21,bluegrass
0.443,0.112,-18.418,0.0474,0.968,0.786,0.125,0.219,123.839,280106,21,bluegrass
0.583,0.749,-6.92,0.0333,0.358,0.606,0.243,0.961,120.187,180293,21,bluegrass
0.403,0.622,-11.38,0.0331,0.726,0.558,0.924,0.83,140.366,796533,22,bluegrass
0.673,0.669,-5.064,0.0296,0.54,0.00164,0.25,0.909,99.867,188866,20,bluegrass
0.456,0.162,-17.799,0.0558,0.975,0.529,0.0907,0.215,162.366,362693,21,bluegrass
0.615,0.556,-7.206,0.0302,0.738,0.000534,0.0852,0.685,156.863,245000,21,bluegrass
0.395,0.403,-12.939,0.042,0.823,5.18e-06,0.704,0.394,129.432,287640,23,bluegrass
0.316,0.535,-17.184,0.0334,0.583,0.896,0.104,0.962,130.365,190426,21,bluegrass
0.655,0.486,-10.748,0.0258,0.785,0.000255,0.0854,0.802,104.997,261640,22,bluegrass
0.527,0.452,-10.575,0.0318,0.206,9.86e-06,0.149,0.404,104.931,202333,21,bluegrass
0.684,0.682,-8.287,0.0315,0.579,0.00013,0.306,0.934,119.998,194000,20,bluegrass
0.324,0.0655,-17.031,0.11,0.874,0.0,0.964,0.471,180.082,164666,24,bluegrass
0.69,0.632,-8.568,0.0301,0.613,7.18e-05,0.357,0.775,99.536,199226,22,bluegrass
0.629,0.529,-12.69,0.0412,0.554,0.53,0.122,0.972,115.97,140266,21,bluegrass
0.447,0.25,-11.624,0.0324,0.734,0.000928,0.307,0.115,132.187,258493,24,bluegrass
0.37,0.495,-10.692,0.0311,0.458,0.0025,0.0962,0.458,169.224,280297,22,bluegrass
0.646,0.427,-12.934,0.0478,0.702,0.0,0.245,0.903,124.182,142400,22,bluegrass
0.418,0.673,-8.649,0.032,0.247,0.261,0.169,0.339,138.591,557400,22,bluegrass
0.389,0.473,-6.972,0.0325,0.419,0.0,0.815,0.201,70.59,222937,24,bluegrass
0.62,0.434,-8.702,0.0303,0.484,0.0,0.0949,0.656,92.933,164893,21,bluegrass
0.496,0.758,-4.539,0.055,0.662,0.0,0.218,0.73,171.078,207213,21,bluegrass
0.641,0.699,-8.488,0.0292,0.568,0.000371,0.0944,0.934,101.062,183880,20,bluegrass
0.459,0.522,-9.783,0.0351,0.345,0.51,0.107,0.706,135.65,232546,22,bluegrass
0.547,0.879,-4.061,0.0314,0.0456,0.00287,0.193,0.962,132.426,149586,21,bluegrass
0.488,0.31,-11.4,0.0292,0.478,4.52e-05,0.316,0.374,152.024,263086,22,bluegrass
0.438,0.506,-8.728,0.0389,0.501,0.000406,0.231,0.867,116.993,161973,20,bluegrass
0.539,0.363,-14.125,0.0329,0.832,0.0633,0.108,0.145,79.049,195573,24,bluegrass
0.616,0.528,-11.762,0.0421,0.539,7.81e-06,0.188,0.488,115.574,272120,22,bluegrass
0.531,0.0134,-21.313,0.0537,0.978,0.0,0.114,0.31,63.963,169000,22,bluegrass
0.363,0.155,-12.498,0.0362,0.876,0.00926,0.0802,0.471,200.071,154160,22,bluegrass
0.519,0.617,-9.221,0.036,0.505,0.00226,0.0657,0.538,112.465,228226,21,bluegrass
0.53,0.343,-10.065,0.0263,0.704,0.0,0.156,0.554,99.876,158266,21,bluegrass
0.48,0.0284,-13.993,0.0326,0.925,0.0,0.101,0.194,105.888,150973,21,bluegrass
0.474,0.24,-16.182,0.0314,0.874,7.76e-05,0.0843,0.187,154.74,308040,24,bluegrass
0.56,0.781,-8.251,0.0575,0.238,0.000265,0.0779,0.814,121.127,174640,21,bluegrass
0.774,0.445,-8.448,0.0283,0.502,1.19e-06,0.108,0.771,134.116,232026,22,bluegrass
0.626,0.646,-10.623,0.0313,0.59,0.00182,0.219,0.966,137.25,171040,20,bluegrass
0.313,0.627,-5.994,0.0346,0.475,3.56e-06,0.713,0.201,175.304,290720,24,bluegrass
0.524,0.238,-17.01,0.0426,0.892,0.0148,0.713,0.641,98.942,155733,21,bluegrass
0.417,0.153,-16.632,0.0388,0.838,0.000736,0.107,0.216,169.237,291200,24,bluegrass
0.64,0.535,-10.938,0.0295,0.375,0.00135,0.0956,0.939,110.342,176266,20,bluegrass
0.505,0.52,-7.152,0.0268,0.77,0.000187,0.224,0.579,152.239,266813,21,bluegrass
0.418,0.882,-11.879,0.0377,0.117,0.48,0.0632,0.967,169.157,140066,23,bluegrass
0.414,0.558,-14.522,0.0317,0.0309,0.966,0.244,0.843,137.374,94689,22,bluegrass
0.272,0.358,-9.335,0.0297,0.027,0.905,0.12,0.202,75.772,231927,42,bluegrass
0.531,0.4,-13.434,0.0267,0.526,0.0173,0.108,0.488,107.598,176997,21,bluegrass
0.648,0.352,-10.11,0.0278,0.692,0.262,0.106,0.173,121.461,329893,60,bluegrass
0.377,0.185,-19.942,0.0355,0.943,0.768,0.0961,0.105,117.955,260066,36,bluegrass
0.592,0.651,-9.659,0.0339,0.598,0.000906,0.158,0.924,135.34,129733,21,bluegrass
0.572,0.636,-7.975,0.0318,0.593,0.0096,0.249,0.596,116.935,201051,21,bluegrass
0.563,0.592,-11.192,0.0354,0.835,0.89,0.173,0.893,153.454,205586,20,bluegrass
0.572,0.799,-4.168,0.031,0.158,3.02e-05,0.144,0.697,139.954,160506,22,bluegrass
0.551,0.294,-14.066,0.0336,0.845,0.00584,0.135,0.409,108.741,265466,22,bluegrass
0.349,0.556,-14.956,0.0391,0.933,0.915,0.114,0.685,127.57,208400,20,bluegrass
0.47,0.268,-10.167,0.0256,0.829,2.22e-06,0.0916,0.131,92.593,214693,22,bluegrass
0.548,0.685,-7.812,0.0318,0.588,0.0492,0.315,0.871,111.01,184320,20,bluegrass
0.332,0.384,-15.529,0.0378,0.958,0.904,0.107,0.316,152.459,246693,21,bluegrass
0.471,0.638,-6.869,0.0306,0.324,8.45e-06,0.22,0.564,178.621,291173,21,bluegrass
0.646,0.563,-8.101,0.0316,0.155,0.00107,0.244,0.788,121.399,207986,24,bluegrass
0.45,0.186,-14.866,0.0393,0.932,0.85,0.12,0.886,95.845,85920,22,bluegrass
0.494,0.267,-13.019,0.0321,0.577,0.033,0.101,0.367,151.536,339093,22,bluegrass
0.692,0.669,-9.974,0.0275,0.0254,0.0,0.246,0.805,120.332,216693,22,bluegrass
0.717,0.666,-6.986,0.0582,0.194,1.91e-05,0.123,0.812,98.15,171226,22,bluegrass
0.549,0.545,-9.162,0.0299,0.801,0.173,0.135,0.91,127.129,211960,22,bluegrass
0.539,0.578,-12.465,0.0302,0.393,0.25,0.165,0.704,101.55,225880,22,bluegrass
0.577,0.708,-5.841,0.0279,0.688,0.101,0.335,0.78,109.785,140880,21,bluegrass
0.505,0.367,-10.009,0.0271,0.841,0.0,0.114,0.564,142.702,237106,20,bluegrass
0.38,0.592,-9.512,0.0323,0.526,0.00804,0.0921,0.796,153.906,280426,21,bluegrass
0.601,0.611,-10.909,0.0686,0.895,0.597,0.151,0.631,127.415,119163,22,bluegrass
0.76,0.628,-6.891,0.0276,0.598,0.000175,0.119,0.889,108.971,224920,21,bluegrass
0.765,0.313,-7.227,0.0356,0.93,7.97e-06,0.229,0.754,111.864,211313,21,bluegrass
0.34,0.642,-9.566,0.0317,0.0566,0.938,0.194,0.968,152.092,142466,20,bluegrass
0.48,0.643,-6.889,0.0479,0.26,1.21e-06,0.0935,0.91,200.812,181133,22,bluegrass
0.526,0.305,-12.025,0.0329,0.685,3.79e-06,0.887,0.204,104.106,300080,21,bluegrass
0.439,0.914,-5.424,0.0495,0.112,0.00685,0.304,0.833,186.268,208940,21,bluegrass
0.527,0.542,-9.047,0.0363,0.466,0.000494,0.205,0.678,192.027,267122,22,bluegrass
0.446,0.52,-13.722,0.0377,0.82,0.772,0.527,0.958,146.125,146271,22,bluegrass
0.496,0.159,-10.496,0.0364,0.872,0.00384,0.699,0.303,128.508,191306,24,bluegrass
0.449,0.582,-12.816,0.0355,0.69,0.00512,0.914,0.775,139.295,163375,22,bluegrass
0.516,0.87,-6.204,0.0419,0.163,1.08e-06,0.303,0.807,169.323,180800,22,bluegrass
0.556,0.319,-12.601,0.047,0.699,0.000155,0.198,0.446,84.273,175493,20,bluegrass
0.316,0.247,-11.831,0.0281,0.766,0.0,0.118,0.358,184.666,162013,20,bluegrass
0.507,0.629,-6.716,0.0261,0.711,0.0221,0.202,0.437,101.584,305560,20,bluegrass
0.62,0.762,-6.824,0.0324,0.613,2.3e-06,0.0943,0.745,110.463,212440,20,bluegrass
0.614,0.796,-8.278,0.0395,0.429,0.207,0.714,0.796,118.103,414266,22,bluegrass
0.505,0.525,-11.293,0.0341,0.0428,0.0458,0.0877,0.192,138.831,253360,21,bluegrass
0.558,0.662,-9.732,0.0562,0.377,2.08e-06,0.942,0.882,146.994,186386,21,bluegrass
0.68,0.152,-10.945,0.19,0.885,0.0,0.176,0.529,138.624,108186,21,bluegrass
0.611,0.812,-5.101,0.0461,0.638,0.0372,0.409,0.799,136.12,229624,21,bluegrass
0.52,0.703,-8.019,0.0363,0.364,0.000505,0.986,0.768,150.203,194893,21,bluegrass
0.447,0.315,-15.271,0.036,0.656,0.0105,0.896,0.72,129.551,275066,21,bluegrass
0.413,0.745,-6.341,0.0318,0.129,3.06e-05,0.664,0.626,133.131,338240,21,bluegrass
0.354,0.756,-8.361,0.0353,0.0585,0.933,0.242,0.967,135.4,129053,20,bluegrass
0.578,0.189,-13.538,0.0314,0.862,0.000566,0.119,0.487,103.285,226268,40,bluegrass
0.48,0.198,-16.495,0.04,0.815,0.00275,0.12,0.162,137.863,221842,55,bluegrass
0.67,0.145,-12.772,0.0422,0.935,1.29e-05,0.0859,0.284,81.055,198313,40,bluegrass
0.53,0.283,-11.962,0.0367,0.876,0.000141,0.106,0.282,114.982,216173,52,bluegrass
0.721,0.196,-17.54,0.114,0.907,0.0852,0.103,0.283,80.553,40880,21,bluegrass
0.573,0.341,-11.324,0.0327,0.854,0.0436,0.107,0.334,128.989,208746,54,bluegrass
0.678,0.489,-11.556,0.0358,0.28,8.58e-06,0.107,0.899,104.836,168106,21,bluegrass
0.329,0.187,-18.043,0.0542,0.991,0.909,0.0879,0.576,180.0,219293,22,bluegrass
0.582,0.65,-7.138,0.0331,0.199,0.000442,0.197,0.963,120.177,142573,21,bluegrass
0.605,0.345,-10.937,0.0263,0.0519,2.02e-06,0.105,0.802,138.094,179373,40,bluegrass
0.495,0.407,-11.501,0.036,0.816,0.000205,0.213,0.516,116.573,206613,22,bluegrass
0.601,0.45,-9.281,0.0578,0.399,1.75e-05,0.144,0.658,83.595,233625,20,bluegrass
0.569,0.674,-9.692,0.0269,0.514,0.523,0.197,0.543,141.747,638787,21,bluegrass
0.574,0.654,-10.598,0.0292,0.914,0.244,0.306,0.76,125.24,101933,21,bluegrass
0.432,0.616,-7.502,0.0428,0.597,0.000221,0.326,0.9,166.214,121213,21,bluegrass
0.379,0.347,-18.587,0.0385,0.858,0.904,0.107,0.852,116.111,184040,20,bluegrass
0.591,0.446,-14.987,0.143,0.838,2.11e-05,0.201,0.833,112.195,229973,22,bluegrass
0.494,0.338,-7.637,0.0308,0.725,0.0,0.128,0.459,142.207,173613,22,bluegrass
0.428,0.468,-16.905,0.03,0.684,0.887,0.206,0.922,143.327,172760,20,bluegrass
0.448,0.0185,-13.467,0.061,0.945,0.0,0.165,0.272,132.063,158973,20,bluegrass
0.442,0.302,-12.33,0.0298,0.85,6.82e-06,0.861,0.39,141.615,384186,23,bluegrass
0.52,0.146,-18.425,0.0315,0.918,0.00397,0.129,0.497,155.023,247666,20,bluegrass
0.431,0.752,-14.568,0.132,0.74,0.67,0.715,0.758,134.226,78000,21,bluegrass
0.34,0.706,-7.939,0.0357,0.396,0.966,0.246,0.963,165.09,156693,20,bluegrass
0.685,0.509,-12.349,0.0314,0.725,0.0445,0.0801,0.922,108.738,178960,21,bluegrass
0.715,0.615,-13.759,0.0353,0.752,0.0416,0.345,0.904,115.856,138986,21,bluegrass
0.537,0.689,-4.663,0.0296,0.0647,0.0,0.562,0.651,96.355,184520,23,bluegrass
0.495,0.73,-8.589,0.0326,0.785,0.935,0.114,0.915,126.277,247346,21,bluegrass
0.513,0.583,-6.645,0.0303,0.791,0.0,0.333,0.531,180.095,189293,20,bluegrass
0.345,0.397,-18.194,0.0415,0.653,0.964,0.304,0.855,112.821,164466,20,bluegrass
0.467,0.194,-14.836,0.033,0.951,0.000224,0.106,0.501,143.915,215923,21,bluegrass
0.618,0.474,-11.444,0.0285,0.866,0.0066,0.101,0.477,93.43,222000,20,bluegrass
0.656,0.692,-6.577,0.0341,0.621,0.000309,0.16,0.642,113.998,228573,20,bluegrass
0.606,0.129,-17.162,0.0401,0.84,3.83e-06,0.081,0.101,112.699,207013,21,bluegrass
0.546,0.191,-19.721,0.0347,0.888,0.00285,0.154,0.598,134.559,629426,22,bluegrass
0.483,0.453,-10.356,0.0404,0.135,0.00262,0.497,0.198,99.166,274480,24,bluegrass
0.486,0.611,-5.39,0.0396,0.267,0.0,0.366,0.902,129.825,125346,23,bluegrass
0.608,0.376,-15.134,0.0311,0.868,0.0924,0.113,0.872,100.722,222860,24,bluegrass
0.481,0.219,-12.091,0.037,0.693,0.000494,0.322,0.165,76.44,141173,22,bluegrass
0.603,0.832,-5.305,0.0334,0.125,0.00356,0.229,0.966,130.852,114581,20,bluegrass
0.509,0.724,-7.665,0.0356,0.309,0.0,0.169,0.702,179.991,213400,20,bluegrass
0.435,0.507,-16.153,0.0348,0.397,0.904,0.837,0.913,152.403,227133,20,bluegrass
0.575,0.55,-9.575,0.0329,0.516,6.61e-05,0.0965,0.564,150.029,302186,23,bluegrass
0.449,0.443,-8.386,0.035,0.776,1.37e-05,0.341,0.227,69.79,327480,23,bluegrass
0.399,0.914,-8.809,0.0437,0.0523,0.022,0.971,0.612,121.69,255840,21,bluegrass
0.505,0.671,-10.34,0.0328,0.591,0.124,0.323,0.961,160.67,229493,21,bluegrass
0.425,0.226,-14.818,0.039,0.578,0.000548,0.686,0.238,159.877,240653,21,bluegrass
0.504,0.916,-4.845,0.0569,0.499,1.99e-05,0.286,0.701,148.193,151426,22,bluegrass
0.58,0.559,-12.872,0.0648,0.167,0.0754,0.793,0.421,122.815,762626,22,bluegrass
0.369,0.782,-8.013,0.0356,0.162,0.971,0.268,0.962,127.015,112213,20,bluegrass
0.263,0.718,-11.109,0.0296,0.303,0.437,0.336,0.935,145.549,269293,20,bluegrass
0.479,0.41,-9.479,0.0391,0.746,0.00153,0.0834,0.452,151.855,289588,21,bluegrass
0.815,0.432,-8.015,0.0299,0.357,0.000227,0.0988,0.532,98.444,183253,21,bluegrass
0.731,0.815,-5.211,0.0305,0.599,3.09e-05,0.105,0.97,120.08,154293,21,bluegrass
0.603,0.262,-12.754,0.0307,0.938,0.922,0.0945,0.71,82.619,197036,21,bluegrass
0.626,0.569,-9.019,0.0438,0.243,0.0,0.0959,0.752,99.467,162697,20,bluegrass
0.51,0.143,-13.338,0.0392,0.971,0.0016,0.0832,0.441,130.748,169400,21,bluegrass
0.534,0.81,-4.705,0.033,0.415,0.000106,0.183,0.846,97.038,180586,20,bluegrass
0.382,0.874,-5.88,0.0283,0.0691,0.00156,0.309,0.622,147.733,257120,21,bluegrass
0.635,0.645,-7.624,0.0278,0.332,0.00527,0.221,0.761,103.611,172360,19,bluegrass
0.306,0.713,-8.131,0.0365,0.419,0.00875,0.319,0.673,174.229,155000,21,bluegrass
0.574,0.707,-5.527,0.0311,0.67,0.0267,0.295,0.829,122.07,146453,21,bluegrass
0.353,0.474,-8.609,0.035,0.55,0.00298,0.239,0.645,175.733,186813,20,bluegrass
0.662,0.507,-11.381,0.0579,0.613,0.701,0.109,0.481,101.916,236666,21,bluegrass
0.744,0.82,-6.741,0.0279,0.342,1.05e-05,0.0812,0.947,124.389,200266,20,bluegrass
0.684,0.594,-8.141,0.0421,0.478,0.596,0.315,0.582,129.993,259626,22,bluegrass
0.634,0.123,-13.152,0.0329,0.828,0.0,0.427,0.48,101.742,230400,35,bluegrass
0.685,0.681,-6.591,0.0292,0.534,0.00768,0.084,0.718,112.014,230000,21,bluegrass
0.465,0.474,-11.693,0.0335,0.926,0.913,0.312,0.963,64.496,97293,21,bluegrass
0.427,0.178,-13.935,0.0341,0.73,6.05e-06,0.11,0.29,140.088,148088,23,bluegrass
0.572,0.752,-8.179,0.0313,0.0216,0.000133,0.103,0.521,118.309,143280,23,bluegrass
0.625,0.528,-7.123,0.0317,0.713,0.0,0.175,0.72,98.422,143400,20,bluegrass
0.399,0.431,-10.991,0.0659,0.705,1.58e-05,0.804,0.678,167.313,247800,21,bluegrass
0.613,0.433,-12.961,0.0292,0.406,0.0,0.0652,0.775,119.212,110760,20,bluegrass
0.534,0.638,-5.097,0.0321,0.723,0.0,0.0814,0.644,104.193,161866,20,bluegrass
0.622,0.474,-8.56,0.0305,0.681,7.88e-06,0.0863,0.452,122.664,196746,21,bluegrass
0.635,0.642,-10.383,0.0353,0.612,0.0351,0.187,0.972,125.829,144000,20,bluegrass
0.391,0.873,-7.378,0.0783,0.704,0.212,0.756,0.552,145.96,486381,21,bluegrass
0.518,0.522,-9.329,0.0296,0.841,0.0022,0.279,0.618,129.939,204933,21,bluegrass
0.662,0.696,-9.099,0.0284,0.557,0.00861,0.34,0.84,111.933,216511,21,bluegrass
0.586,0.564,-9.699,0.0286,0.234,2.23e-06,0.316,0.862,149.94,133120,20,bluegrass
0.647,0.729,-7.56,0.0304,0.307,0.00324,0.142,0.925,111.764,139093,19,bluegrass
0.613,0.766,-6.554,0.0638,0.641,0.000273,0.196,0.65,127.282,174973,20,bluegrass
0.368,0.233,-12.382,0.0303,0.861,2.56e-06,0.103,0.36,158.241,269146,19,bluegrass
0.637,0.729,-7.588,0.0326,0.59,0.0655,0.129,0.368,121.922,203000,20,bluegrass
0.555,0.605,-5.843,0.0302,0.619,0.0236,0.297,0.856,110.521,171466,20,bluegrass
0.559,0.844,-6.456,0.0353,0.39,0.0321,0.171,0.571,100.71,238746,20,bluegrass
0.585,0.184,-14.493,0.0313,0.696,0.000177,0.177,0.509,128.61,269493,20,bluegrass
0.542,0.215,-11.795,0.0736,0.948,0.0,0.301,0.601,131.976,176360,54,bluegrass
0.516,0.132,-13.472,0.029,0.89,0.0,0.202,0.385,81.239,111826,20,bluegrass
0.499,0.124,-19.474,0.0793,0.836,0.861,0.0925,0.263,87.205,105000,20,bluegrass
0.55,0.561,-13.926,0.0316,0.277,0.00238,0.138,0.963,138.59,187306,20,bluegrass
0.552,0.838,-4.549,0.0412,0.711,0.000141,0.158,0.868,144.365,183880,22,bluegrass
0.649,0.797,-5.826,0.0365,0.532,0.00128,0.212,0.766,109.851,178666,19,bluegrass
0.544,0.527,-9.615,0.0405,0.333,0.171,0.954,0.465,122.701,841146,22,bluegrass
0.673,0.497,-7.839,0.029,0.881,4.61e-06,0.118,0.57,115.989,185973,20,bluegrass
0.674,0.0688,-13.152,0.0404,0.914,0.00183,0.11,0.0698,147.701,156973,24,bluegrass
0.376,0.701,-9.47,0.0308,0.274,0.481,0.281,0.72,154.763,484573,23,bluegrass
0.484,0.761,-6.53,0.0349,0.184,0.00344,0.221,0.52,127.158,197720,20,bluegrass
0.628,0.674,-5.611,0.0335,0.602,7.6e-06,0.159,0.925,134.098,186848,21,bluegrass
0.599,0.294,-10.222,0.0279,0.851,0.0384,0.102,0.308,118.207,183733,55,bluegrass
0.442,0.21,-15.717,0.037,0.875,0.0528,0.276,0.424,153.519,308866,20,bluegrass
0.641,0.606,-8.421,0.0266,0.521,0.572,0.108,0.671,109.938,206773,21,bluegrass
0.28,0.0686,-19.994,0.0413,0.933,0.00653,0.155,0.103,149.423,309226,21,bluegrass
0.491,0.402,-17.451,0.0454,0.962,0.894,0.169,0.625,123.936,186400,21,bluegrass
0.569,0.502,-11.135,0.0371,0.829,0.594,0.0943,0.9,108.485,265066,20,bluegrass
0.543,0.787,-7.313,0.0701,0.479,0.0,0.339,0.807,107.134,233327,20,bluegrass
0.493,0.481,-12.468,0.0265,0.788,0.377,0.119,0.827,142.365,196076,20,bluegrass
0.575,0.485,-9.172,0.036,0.704,0.0,0.074,0.758,162.134,293400,20,bluegrass
0.652,0.742,-7.031,0.0328,0.386,0.000146,0.175,0.809,111.987,150033,21,bluegrass
0.706,0.114,-17.386,0.0448,0.937,0.935,0.122,0.16,130.725,208000,20,bluegrass
0.601,0.45,-7.119,0.0254,0.589,0.000115,0.0965,0.308,100.027,198460,21,bluegrass
0.594,0.212,-14.929,0.0527,0.82,0.765,0.337,0.652,140.815,297727,20,bluegrass
0.329,0.41,-18.429,0.039,0.839,0.806,0.291,0.952,116.666,184493,20,bluegrass
0.578,0.394,-11.752,0.0271,0.744,0.000804,0.0943,0.583,84.169,172333,20,bluegrass
0.553,0.499,-11.082,0.0279,0.668,0.00209,0.0863,0.891,137.639,121093,19,bluegrass
0.417,0.203,-12.322,0.0282,0.913,0.0786,0.125,0.181,139.82,245880,22,bluegrass
0.584,0.661,-5.66,0.0284,0.541,6.35e-05,0.361,0.709,108.678,181133,19,bluegrass
0.694,0.558,-9.534,0.0359,0.766,0.0251,0.173,0.58,96.833,296200,20,bluegrass
0.422,0.419,-18.244,0.0464,0.831,0.766,0.263,0.972,114.252,214000,20,bluegrass
0.594,0.525,-8.435,0.027,0.074,4.37e-05,0.103,0.474,76.979,182544,20,bluegrass
0.679,0.49,-8.167,0.0299,0.507,4.04e-06,0.146,0.491,157.949,216053,20,bluegrass
0.627,0.338,-13.848,0.0304,0.58,0.0015,0.108,0.799,104.168,203893,20,bluegrass
0.435,0.891,-5.021,0.0333,0.436,0.00262,0.919,0.77,127.341,566200,20,bluegrass
0.511,0.416,-9.509,0.03,0.834,0.0263,0.149,0.397,82.017,222320,19,bluegrass
0.68,0.55,-9.494,0.0282,0.699,0.00298,0.0993,0.638,127.878,249720,20,bluegrass
0.635,0.514,-9.743,0.0273,0.22,1.6e-05,0.0673,0.708,145.099,248760,20,bluegrass
0.262,0.836,-9.591,0.0367,0.513,0.941,0.202,0.981,175.044,106866,20,bluegrass
0.36,0.762,-6.596,0.0339,0.00462,5.41e-06,0.117,0.373,134.805,249213,23,bluegrass
0.466,0.183,-13.693,0.043,0.882,5.58e-06,0.0925,0.201,123.324,261120,23,bluegrass
0.489,0.124,-14.855,0.0469,0.848,0.0,0.089,0.183,128.253,256893,20,bluegrass
0.554,0.296,-15.659,0.0539,0.641,0.112,0.0958,0.535,110.526,269080,20,bluegrass
0.271,0.555,-7.65,0.0319,0.264,0.00111,0.246,0.317,161.813,290894,21,bluegrass
0.365,0.712,-6.983,0.0288,0.413,0.76,0.0808,0.773,144.949,385933,20,bluegrass
0.525,0.535,-9.683,0.0264,0.0672,0.0,0.116,0.338,132.96,280760,20,bluegrass
0.431,0.446,-8.97,0.0256,0.213,0.000813,0.203,0.354,95.907,162106,20,bluegrass
0.671,0.74,-4.936,0.0261,0.558,3.01e-05,0.123,0.489,110.027,233613,23,bluegrass
0.739,0.694,-8.724,0.0345,0.333,0.000203,0.0906,0.668,110.897,231720,20,bluegrass
0.452,0.55,-11.174,0.0353,0.544,0.796,0.147,0.942,112.787,144066,20,bluegrass
0.287,0.677,-5.954,0.0362,0.248,0.014,0.254,0.371,156.475,237158,21,bluegrass
0.532,0.927,-6.416,0.0334,0.217,0.0263,0.348,0.943,129.952,207600,21,bluegrass
0.568,0.742,-7.336,0.0313,0.277,0.00741,0.237,0.819,109.016,182360,20,bluegrass
0.64,0.367,-16.178,0.0295,0.472,1.17e-05,0.218,0.742,107.679,200040,20,bluegrass
0.533,0.819,-6.437,0.0625,0.0743,5.51e-05,0.903,0.686,88.897,467680,23,bluegrass
0.541,0.793,-8.234,0.0332,0.266,0.197,0.265,0.684,127.321,265180,19,bluegrass
0.367,0.94,-5.554,0.165,0.0102,0.000135,0.954,0.384,157.966,299346,23,bluegrass
0.653,0.604,-8.601,0.0268,0.0119,0.0,0.0688,0.298,119.145,245533,21,bluegrass
0.49,0.595,-7.456,0.0733,0.7,7.65e-06,0.059,0.807,164.616,166106,20,bluegrass
0.524,0.531,-11.767,0.046,0.805,0.0281,0.963,0.799,134.461,559520,20,bluegrass
0.63,0.725,-6.921,0.0319,0.369,2.77e-05,0.0992,0.903,133.246,228032,20,bluegrass
0.576,0.505,-13.07,0.0392,0.753,0.199,0.151,0.57,127.025,183968,47,cantopop
0.577,0.228,-14.684,0.0306,0.834,0.000805,0.384,0.161,119.035,172343,44,cantopop
0.641,0.479,-15.395,0.0443,0.732,0.0598,0.115,0.301,121.974,191308,50,cantopop
0.613,0.21,-15.309,0.0309,0.769,0.000477,0.139,0.268,132.035,148564,48,cantopop
0.646,0.37,-10.98,0.0351,0.825,5.17e-06,0.09,0.465,129.914,228973,54,cantopop
0.453,0.38,-13.896,0.0422,0.699,0.0136,0.145,0.396,178.211,163775,46,cantopop
0.544,0.389,-9.989,0.0348,0.778,0.202,0.109,0.457,144.979,206825,42,cantopop
0.472,0.344,-8.849,0.0322,0.348,0.00032,0.0958,0.583,171.77,159596,42,cantopop
0.569,0.261,-13.836,0.0362,0.76,0.000749,0.136,0.232,113.186,126211,41,cantopop
0.679,0.563,-7.009,0.0334,0.503,0.0,0.102,0.631,107.014,223950,66,cantopop
0.606,0.361,-12.514,0.0299,0.597,0.000734,0.142,0.635,104.995,161032,44,cantopop
0.597,0.525,-10.269,0.0448,0.525,0.000411,0.112,0.638,113.928,164101,42,cantopop
0.566,0.413,-13.556,0.0568,0.733,0.0599,0.0951,0.523,129.999,173911,41,cantopop
0.551,0.346,-14.207,0.0329,0.601,0.0131,0.107,0.459,159.929,140892,42,cantopop
0.629,0.257,-13.329,0.0442,0.861,1.26e-06,0.18,0.374,77.524,180781,43,cantopop
0.616,0.211,-15.809,0.0287,0.759,0.0965,0.302,0.503,138.066,127760,47,cantopop
0.526,0.184,-12.648,0.0359,0.95,0.0,0.0778,0.237,143.567,285833,57,cantopop
0.672,0.351,-9.991,0.0368,0.744,0.0015,0.0791,0.721,85.28,146979,39,cantopop
0.611,0.511,-12.077,0.0498,0.511,0.413,0.114,0.652,122.023,163754,47,cantopop
0.315,0.411,-9.643,0.033,0.877,0.236,0.164,0.483,144.236,143360,43,cantopop
0.612,0.491,-7.803,0.0295,0.792,0.0,0.127,0.492,125.912,211720,58,cantopop
0.449,0.439,-11.719,0.0264,0.338,0.441,0.238,0.144,150.257,152812,44,cantopop
0.581,0.457,-13.459,0.0327,0.383,0.00333,0.0999,0.67,89.983,139186,41,cantopop
0.525,0.504,-11.539,0.0259,0.229,0.0333,0.128,0.555,80.002,174769,45,cantopop
0.535,0.681,-8.288,0.0272,0.822,0.00654,0.106,0.666,133.702,152666,33,cantopop
0.39,0.629,-9.173,0.032,0.134,0.000115,0.108,0.404,177.003,155513,45,cantopop
0.553,0.536,-10.174,0.0295,0.00199,0.419,0.0882,0.748,133.994,145643,47,cantopop
0.475,0.831,-8.519,0.0516,0.591,4.17e-05,0.201,0.812,151.581,117263,42,cantopop
0.595,0.405,-9.945,0.0298,0.315,0.0426,0.108,0.464,108.051,118514,40,cantopop
0.545,0.316,-9.449,0.0314,0.614,5.85e-06,0.0896,0.0978,132.882,265383,56,cantopop
0.549,0.399,-11.795,0.0281,0.399,0.043,0.101,0.3,119.082,127078,44,cantopop
0.475,0.44,-10.48,0.0354,0.499,0.0,0.25,0.528,103.371,259133,56,cantopop
0.6,0.468,-9.126,0.0335,0.865,3.13e-06,0.104,0.203,123.987,205423,61,cantopop
0.615,0.535,-6.847,0.032,0.63,0.0,0.0907,0.293,130.025,256000,67,cantopop
0.517,0.639,-10.189,0.0343,0.00255,0.000596,0.844,0.551,133.316,171157,42,cantopop
0.625,0.507,-8.294,0.0296,0.574,1.63e-06,0.0892,0.373,136.933,232012,55,cantopop
0.311,0.311,-11.516,0.0323,0.69,0.0,0.195,0.369,76.951,239506,60,cantopop
0.636,0.449,-6.358,0.0271,0.822,1.31e-06,0.151,0.301,80.008,196266,51,cantopop
0.635,0.35,-10.591,0.0284,0.754,0.0,0.0743,0.307,130.067,211251,57,cantopop
0.545,0.526,-10.314,0.0462,0.702,0.0,0.151,0.329,78.192,295960,0,cantopop
0.329,0.506,-7.967,0.0455,0.586,0.0,0.0841,0.488,159.602,307093,0,cantopop
0.597,0.362,-9.809,0.0322,0.703,1.36e-05,0.0962,0.233,128.439,265240,0,cantopop
0.68,0.312,-10.804,0.0294,0.816,0.0,0.082,0.298,111.219,225266,0,cantopop
0.539,0.502,-7.801,0.0274,0.448,0.0,0.125,0.464,144.95,222973,4,cantopop
0.541,0.388,-9.111,0.0252,0.421,4.09e-06,0.097,0.0597,95.22,300760,1,cantopop
0.629,0.438,-8.394,0.029,0.56,0.0,0.127,0.219,158.027,250453,0,cantopop
0.625,0.43,-7.717,0.0322,0.696,0.0,0.407,0.297,106.923,224560,0,cantopop
0.431,0.697,-5.063,0.0535,0.49,0.0,0.167,0.446,201.9,266893,1,cantopop
0.54,0.545,-8.674,0.0369,0.103,0.0,0.328,0.431,144.584,269146,0,cantopop
0.619,0.472,-8.762,0.0304,0.629,0.0,0.174,0.272,132.041,239426,0,cantopop
0.455,0.543,-7.164,0.0483,0.436,0.0,0.0648,0.253,140.118,262285,50,cantopop
0.445,0.783,-4.879,0.0317,0.245,0.0,0.144,0.347,135.981,237000,51,cantopop
0.312,0.242,-14.149,0.0327,0.772,0.00454,0.184,0.113,114.469,250493,55,cantopop
0.563,0.488,-7.314,0.0349,0.332,0.0,0.187,0.262,139.987,259079,56,cantopop
0.664,0.349,-13.727,0.032,0.619,0.32,0.217,0.462,120.987,147188,40,cantopop
0.628,0.494,-10.86,0.0384,0.767,0.0,0.32,0.472,148.165,302733,56,cantopop
0.591,0.456,-9.604,0.0449,0.738,0.1,0.373,0.518,124.012,148128,36,cantopop
0.734,0.536,-4.686,0.0318,0.601,0.0,0.1,0.591,114.036,180226,56,cantopop
0.604,0.31,-15.718,0.04,0.68,0.145,0.455,0.552,131.639,138672,40,cantopop
0.558,0.275,-14.501,0.0309,0.849,0.000901,0.395,0.475,80.009,180906,39,cantopop
0.588,0.228,-14.478,0.0306,0.813,0.000328,0.144,0.28,132.005,147188,41,cantopop
0.658,0.318,-13.652,0.0511,0.806,8.76e-05,0.105,0.518,123.834,177411,40,cantopop
0.612,0.411,-12.834,0.0694,0.331,0.00338,0.335,0.588,155.956,212620,40,cantopop
0.574,0.55,-10.008,0.026,0.206,1.7e-06,0.35,0.509,99.997,200826,42,cantopop
0.703,0.607,-7.823,0.0409,0.716,0.0,0.112,0.819,118.973,228819,60,cantopop
0.605,0.542,-7.961,0.0339,0.81,7.92e-05,0.116,0.324,144.154,233560,52,cantopop
0.636,0.305,-15.369,0.0392,0.658,0.204,0.0967,0.41,114.967,198048,40,cantopop
0.479,0.481,-8.072,0.0309,0.709,0.0,0.48,0.357,105.255,259986,54,cantopop
0.65,0.425,-7.816,0.0266,0.834,0.0,0.12,0.403,75.988,237733,55,cantopop
0.512,0.551,-5.483,0.0295,0.192,0.0,0.302,0.206,117.978,285000,56,cantopop
0.749,0.43,-10.571,0.0295,0.552,0.0294,0.232,0.81,116.049,124539,39,cantopop
0.574,0.427,-7.818,0.0483,0.553,0.0,0.101,0.197,121.597,211106,49,cantopop
0.628,0.764,-6.77,0.0286,0.00488,5.46e-05,0.332,0.163,129.258,261933,49,cantopop
0.64,0.835,-6.557,0.0259,0.00221,0.0403,0.0832,0.621,98.974,147057,36,cantopop
0.491,0.355,-14.066,0.0331,0.404,0.0426,0.388,0.43,134.0,201100,38,cantopop
0.538,0.333,-9.166,0.0298,0.714,0.000766,0.146,0.275,72.063,235833,57,cantopop
0.732,0.385,-10.193,0.0544,0.325,2.56e-05,0.0751,0.915,121.925,126734,38,cantopop
0.491,0.533,-7.594,0.0473,0.393,0.0,0.0944,0.214,149.856,273390,62,cantopop
0.676,0.666,-10.599,0.0393,0.00579,4.4e-05,0.736,0.295,129.01,268200,40,cantopop
0.601,0.316,-9.55,0.0365,0.876,2.64e-05,0.365,0.375,130.118,221447,58,cantopop
0.537,0.385,-6.216,0.0391,0.841,0.0,0.0948,0.554,169.98,215333,56,cantopop
0.513,0.558,-6.258,0.0554,0.875,0.0,0.087,0.482,200.9,259013,52,cantopop
0.554,0.408,-10.609,0.0317,0.27,6.53e-06,0.26,0.17,111.821,256026,55,cantopop
0.73,0.335,-10.13,0.0405,0.674,0.0,0.177,0.332,138.075,199249,57,cantopop
0.557,0.436,-8.569,0.0676,0.809,0.0,0.151,0.246,179.997,248551,51,cantopop
0.282,0.493,-7.413,0.0435,0.434,0.0,0.118,0.39,206.818,268342,38,cantopop
0.603,0.405,-8.078,0.0351,0.724,0.0,0.103,0.353,143.986,267346,54,cantopop
0.398,0.4,-7.666,0.0328,0.452,0.0,0.125,0.322,134.435,212601,50,cantopop
0.612,0.561,-7.119,0.0322,0.0641,0.0,0.278,0.479,128.948,330599,47,cantopop
0.486,0.506,-7.967,0.0343,0.586,0.0,0.0841,0.485,79.914,307093,58,cantopop
0.498,0.186,-16.167,0.046,0.883,0.0124,0.116,0.201,111.394,121196,40,cantopop
0.328,0.451,-8.57,0.0352,0.296,0.000441,0.0822,0.686,173.513,186960,29,cantopop
0.236,0.348,-11.744,0.032,0.435,1.42e-05,0.213,0.13,78.79,187360,28,cantopop
0.397,0.136,-12.295,0.0413,0.854,0.0,0.107,0.232,183.357,240547,30,cantopop
0.585,0.353,-12.556,0.0299,0.738,0.000194,0.26,0.286,112.983,265533,50,cantopop
0.754,0.377,-8.306,0.0327,0.531,0.0569,0.111,0.207,115.021,207461,31,cantopop
0.611,0.411,-7.278,0.036,0.633,0.0,0.116,0.391,123.728,280822,57,cantopop
0.621,0.359,-7.214,0.0411,0.793,0.0,0.135,0.548,110.499,197826,0,cantopop
0.405,0.128,-17.609,0.0332,0.942,0.000303,0.109,0.365,137.936,233367,59,cantopop
0.617,0.517,-8.579,0.0358,0.765,0.0,0.133,0.369,128.207,249000,0,cantopop
0.473,0.459,-7.348,0.0377,0.4,0.0,0.0862,0.346,66.37,215253,53,cantopop
0.547,0.343,-10.475,0.0301,0.954,0.00112,0.113,0.401,127.977,241000,51,cantopop
0.521,0.567,-5.97,0.0307,0.417,0.0,0.183,0.223,125.194,277040,48,cantopop
0.676,0.515,-9.725,0.0442,0.374,3.38e-05,0.0904,0.656,122.014,145568,36,cantopop
0.501,0.655,-8.164,0.0936,0.293,0.101,0.107,0.942,192.968,145045,37,cantopop
0.602,0.545,-13.846,0.0399,0.0814,0.0344,0.104,0.312,147.898,177568,37,cantopop
0.492,0.439,-6.862,0.0267,0.821,2.65e-06,0.118,0.388,147.92,223013,49,cantopop
0.647,0.262,-15.539,0.0456,0.706,0.0,0.129,0.151,126.117,255266,50,cantopop
0.476,0.418,-11.178,0.0362,0.666,0.00023,0.137,0.581,155.994,181446,36,cantopop
0.739,0.552,-7.678,0.0371,0.698,0.0366,0.0718,0.84,140.042,105810,36,cantopop
0.435,0.506,-10.406,0.0444,0.809,0.0184,0.123,0.642,71.961,240091,37,cantopop
0.507,0.627,-6.804,0.125,0.556,0.0,0.229,0.371,139.68,230571,59,cantopop
0.482,0.421,-10.294,0.0526,0.171,0.0586,0.217,0.594,139.424,147214,36,cantopop
0.544,0.309,-8.7,0.0349,0.936,0.0,0.115,0.376,134.277,279560,39,cantopop
0.662,0.546,-7.984,0.0329,0.0994,0.0531,0.0895,0.906,114.007,139716,36,cantopop
0.637,0.556,-8.768,0.0386,0.295,2.1e-06,0.218,0.359,135.104,301000,52,cantopop
0.695,0.212,-14.412,0.0412,0.889,3.86e-05,0.65,0.328,124.072,292933,53,cantopop
0.657,0.196,-15.281,0.0441,0.737,0.329,0.0929,0.298,112.147,147486,36,cantopop
0.632,0.354,-9.648,0.0285,0.726,0.0776,0.0871,0.323,113.068,140293,35,cantopop
0.405,0.562,-6.222,0.0373,0.229,0.0,0.122,0.243,201.02,283520,52,cantopop
0.46,0.364,-7.953,0.0294,0.321,0.0,0.0983,0.367,131.992,270066,42,cantopop
0.734,0.524,-8.971,0.028,0.551,3.28e-06,0.115,0.562,118.012,242906,47,cantopop
0.47,0.738,-6.569,0.032,0.00407,0.0,0.214,0.583,140.053,155834,36,cantopop
0.375,0.774,-6.534,0.0325,0.00145,0.0,0.0848,0.773,121.254,141545,37,cantopop
0.355,0.0962,-14.729,0.0395,0.956,1.76e-05,0.0866,0.201,144.58,260878,57,cantopop
0.543,0.445,-8.137,0.0277,0.375,1.3e-05,0.0586,0.152,143.998,317000,52,cantopop
0.587,0.638,-4.205,0.0316,0.456,0.0,0.103,0.269,139.996,246840,53,cantopop
0.727,0.408,-7.37,0.0348,0.863,0.0,0.121,0.509,133.868,223907,52,cantopop
0.379,0.427,-9.284,0.048,0.646,0.0,0.109,0.459,185.952,278160,49,cantopop
0.665,0.254,-12.221,0.0295,0.624,0.00223,0.177,0.401,115.006,160079,36,cantopop
0.511,0.757,-6.573,0.0299,0.713,0.156,0.278,0.33,153.066,273786,52,cantopop
0.497,0.426,-8.605,0.0318,0.552,0.0,0.254,0.335,139.577,249343,58,cantopop
0.294,0.467,-8.776,0.0328,0.312,0.0,0.431,0.322,207.724,280666,49,cantopop
0.58,0.544,-6.717,0.0304,0.39,0.0,0.0894,0.555,104.921,218213,48,cantopop
0.682,0.336,-12.049,0.0253,0.718,0.0,0.133,0.515,100.027,279440,56,cantopop
0.312,0.381,-8.935,0.0351,0.72,0.0,0.0854,0.189,145.653,216373,53,cantopop
0.417,0.375,-11.861,0.0344,0.766,2.41e-05,0.133,0.464,130.416,278640,47,cantopop
0.484,0.457,-12.104,0.0348,0.446,0.00252,0.892,0.406,81.381,202556,34,cantopop
0.549,0.393,-8.691,0.0366,0.589,0.0,0.136,0.352,129.521,248800,54,cantopop
0.526,0.715,-5.364,0.0333,0.448,0.0,0.109,0.652,154.083,275280,52,cantopop
0.505,0.434,-8.439,0.0361,0.442,0.0,0.126,0.342,133.12,235813,55,cantopop
0.363,0.393,-12.848,0.0507,0.918,0.00641,0.113,0.407,143.865,270000,57,cantopop
0.38,0.502,-5.508,0.027,0.805,0.0,0.2,0.45,98.658,259826,54,cantopop
0.551,0.297,-14.998,0.0317,0.737,0.0,0.231,0.237,80.188,290973,53,cantopop
0.65,0.319,-15.446,0.0325,0.721,0.00155,0.115,0.53,79.822,224493,27,cantopop
0.631,0.514,-9.457,0.0307,0.374,6.14e-06,0.09,0.385,131.499,209440,52,cantopop
0.67,0.397,-10.87,0.0417,0.71,0.0,0.11,0.214,123.969,206117,54,cantopop
0.681,0.453,-6.875,0.0338,0.734,0.0,0.112,0.36,123.934,230231,27,cantopop
0.544,0.424,-9.348,0.0445,0.553,0.0,0.127,0.171,67.09,248400,27,cantopop
0.652,0.318,-11.859,0.0296,0.508,5.42e-05,0.129,0.0823,134.012,266493,27,cantopop
0.346,0.349,-9.428,0.0355,0.754,1.46e-06,0.381,0.271,78.634,222351,51,cantopop
0.385,0.548,-7.208,0.0308,0.51,0.136,0.102,0.415,145.109,129476,36,cantopop
0.478,0.389,-10.006,0.0493,0.704,0.0,0.232,0.446,128.202,237426,25,cantopop
0.689,0.227,-10.294,0.0333,0.694,0.0,0.106,0.308,73.172,283972,39,cantopop
0.425,0.792,-5.252,0.0505,0.319,0.0,0.128,0.367,140.007,232224,46,cantopop
0.555,0.375,-13.034,0.0378,0.611,6.78e-05,0.372,0.258,121.895,302093,54,cantopop
0.444,0.651,-6.048,0.029,0.208,3.13e-06,0.117,0.381,171.9,247906,30,cantopop
0.721,0.519,-11.936,0.181,0.47,9.75e-05,0.385,0.419,122.926,245906,41,cantopop
0.793,0.318,-9.819,0.0768,0.575,0.000861,0.116,0.652,137.183,166884,33,cantopop
0.606,0.473,-10.077,0.0374,0.801,0.000839,0.0979,0.209,97.594,122789,35,cantopop
0.427,0.444,-7.045,0.0287,0.685,0.0,0.112,0.595,150.256,213969,56,cantopop
0.528,0.503,-9.457,0.0305,0.0332,0.111,0.105,0.469,129.079,159648,33,cantopop
0.498,0.393,-10.855,0.0322,0.869,0.000614,0.151,0.561,140.95,161384,35,cantopop
0.624,0.422,-8.742,0.0321,0.588,0.0,0.131,0.134,139.865,273840,52,cantopop
0.584,0.489,-10.64,0.0308,0.572,0.00141,0.196,0.755,115.859,142889,34,cantopop
0.673,0.434,-11.008,0.0292,0.744,0.000111,0.125,0.858,94.544,155533,34,cantopop
0.472,0.524,-7.15,0.0267,0.565,0.00196,0.178,0.318,143.946,281265,40,cantopop
0.576,0.527,-10.013,0.0293,0.565,0.000676,0.166,0.559,79.311,137351,35,cantopop
0.62,0.411,-11.425,0.0288,0.514,1.83e-06,0.199,0.534,113.29,273773,53,cantopop
0.27,0.241,-11.415,0.031,0.768,2.46e-06,0.0628,0.312,174.29,298080,36,cantopop
0.489,0.728,-5.509,0.0355,0.0148,0.0,0.113,0.289,149.911,317506,46,cantopop
0.512,0.596,-6.019,0.038,0.56,0.0,0.124,0.272,147.107,275612,43,cantopop
0.425,0.792,-5.252,0.0505,0.319,0.0,0.128,0.367,140.007,232224,49,cantopop
0.415,0.498,-5.022,0.0278,0.659,0.0,0.197,0.3,143.68,249986,54,cantopop
0.627,0.409,-7.355,0.0291,0.66,0.0,0.181,0.381,135.989,205933,56,cantopop
0.624,0.375,-8.522,0.0505,0.751,0.0,0.323,0.521,120.06,221706,50,cantopop
0.622,0.524,-7.626,0.0282,0.693,0.00263,0.094,0.733,152.972,134414,37,cantopop
0.529,0.409,-10.092,0.0296,0.696,1.73e-06,0.163,0.102,126.672,334853,26,cantopop
0.304,0.124,-17.6,0.0397,0.948,0.00104,0.143,0.0828,168.996,343000,27,cantopop
0.19,0.658,-6.044,0.0376,0.387,3.65e-06,0.047,0.426,197.943,297213,51,cantopop
0.527,0.418,-8.169,0.0296,0.882,0.0,0.0889,0.631,109.675,274716,59,cantopop
0.423,0.81,-8.393,0.0402,0.000535,0.000122,0.689,0.429,128.384,169680,34,cantopop
0.553,0.52,-7.261,0.0306,0.78,2.95e-06,0.131,0.523,114.059,244000,49,cantopop
0.66,0.487,-6.757,0.0333,0.7,0.0,0.159,0.375,125.914,248786,53,cantopop
0.644,0.49,-7.269,0.0331,0.781,0.0,0.134,0.447,116.027,260333,41,cantopop
0.402,0.435,-8.005,0.0341,0.504,0.0,0.0866,0.35,157.204,244735,53,cantopop
0.557,0.324,-12.13,0.031,0.888,0.000264,0.612,0.161,80.015,266200,47,cantopop
0.65,0.594,-7.484,0.0256,0.0504,0.000162,0.188,0.486,122.164,256839,25,cantopop
0.788,0.578,-9.998,0.0303,0.334,3.09e-06,0.247,0.561,119.089,242613,26,cantopop
0.562,0.381,-17.097,0.0478,0.514,6.27e-06,0.11,0.363,77.95,240426,27,cantopop
0.479,0.542,-5.588,0.0322,0.531,5.19e-06,0.137,0.347,124.692,274800,57,cantopop
0.525,0.479,-7.768,0.0299,0.0495,0.0,0.13,0.359,75.012,306880,52,cantopop
0.679,0.444,-6.88,0.0376,0.679,0.0,0.0774,0.413,121.834,271787,52,cantopop
0.546,0.409,-7.318,0.031,0.756,0.0,0.0764,0.412,84.116,308622,58,cantopop
0.329,0.309,-10.255,0.0355,0.816,0.0,0.141,0.496,172.599,227207,48,cantopop
0.495,0.373,-8.493,0.0288,0.728,5.43e-06,0.161,0.367,134.977,203033,25,cantopop
0.513,0.768,-6.336,0.0354,0.117,0.0,0.362,0.493,136.904,219000,26,cantopop
0.563,0.491,-8.256,0.0332,0.589,0.0,0.108,0.331,91.071,226646,56,cantopop
0.711,0.315,-11.211,0.034,0.742,0.0,0.121,0.232,122.052,195424,55,cantopop
0.697,0.497,-8.396,0.0274,0.393,0.000137,0.0998,0.307,128.974,260066,0,cantopop
0.407,0.307,-11.93,0.163,0.783,0.000432,0.0747,0.286,174.51,104242,34,cantopop
0.326,0.272,-9.536,0.0434,0.94,0.00337,0.301,0.253,181.863,269000,49,cantopop
0.545,0.53,-8.063,0.0264,0.464,0.0,0.311,0.426,136.023,214533,52,cantopop
0.708,0.631,-8.388,0.0408,0.176,0.000383,0.104,0.503,102.987,108500,35,cantopop
0.617,0.527,-7.372,0.0449,0.129,0.0,0.0903,0.959,116.014,135903,34,cantopop
0.437,0.358,-10.798,0.0314,0.259,0.000185,0.156,0.512,144.905,160092,33,cantopop
0.609,0.251,-15.696,0.0316,0.85,0.0371,0.0947,0.304,85.0,159902,33,cantopop
0.385,0.456,-9.695,0.031,0.746,0.0,0.102,0.381,184.011,261733,46,cantopop
0.566,0.292,-11.589,0.0312,0.621,4.05e-06,0.152,0.396,135.818,261571,54,cantopop
0.451,0.813,-4.939,0.0506,0.198,0.0,0.332,0.341,142.14,257099,44,cantopop
0.603,0.0762,-21.221,0.0325,0.906,5.08e-05,0.218,0.371,72.917,208893,56,cantopop
0.716,0.329,-12.584,0.037,0.402,0.00185,0.086,0.434,124.644,98495,35,cantopop
0.554,0.326,-10.702,0.0361,0.902,1.39e-05,0.129,0.251,125.844,267826,50,cantopop
0.791,0.269,-17.08,0.037,0.776,0.000202,0.124,0.591,110.017,252453,47,cantopop
0.406,0.626,-6.651,0.0341,0.0917,0.00424,0.315,0.442,80.889,229053,31,cantopop
0.758,0.794,-4.734,0.0405,0.364,0.0,0.099,0.77,119.021,199041,42,cantopop
0.484,0.248,-13.931,0.0466,0.386,1.66e-05,0.319,0.256,121.969,236093,50,cantopop
0.507,0.281,-11.657,0.0307,0.758,0.0,0.211,0.264,125.893,287013,52,cantopop
0.617,0.367,-10.419,0.0334,0.583,0.0,0.288,0.346,137.946,247731,25,cantopop
0.682,0.682,-6.761,0.037,0.316,0.0,0.132,0.435,113.912,240920,38,cantopop
0.603,0.298,-11.761,0.0278,0.743,8.62e-06,0.267,0.298,130.041,285266,47,cantopop
0.645,0.684,-6.95,0.0291,0.435,0.0,0.0689,0.328,128.994,210413,24,cantopop
0.599,0.526,-8.214,0.0316,0.601,0.0,0.127,0.413,134.038,237985,56,cantopop
0.564,0.136,-16.534,0.0387,0.961,0.00235,0.111,0.388,119.856,149733,46,cantopop
0.592,0.427,-6.759,0.0281,0.834,2.98e-06,0.106,0.453,139.908,207852,51,cantopop
0.531,0.342,-11.622,0.0319,0.667,0.0,0.0893,0.222,110.332,219070,57,cantopop
0.487,0.599,-11.224,0.0327,0.0183,0.354,0.913,0.171,134.237,120411,33,cantopop
0.499,0.333,-9.977,0.0282,0.784,0.0,0.119,0.362,107.548,240626,47,cantopop
0.436,0.301,-12.831,0.0472,0.693,5.16e-06,0.703,0.28,125.605,195291,32,cantopop
0.359,0.551,-9.152,0.0568,0.137,4.63e-06,0.705,0.278,119.674,178292,34,cantopop
0.773,0.869,-6.239,0.0689,0.0617,5.41e-05,0.102,0.426,110.23,246960,24,cantopop
0.569,0.569,-5.508,0.0252,0.258,0.0,0.145,0.474,76.044,205839,43,cantopop
0.639,0.742,-8.51,0.0451,0.284,0.0,0.132,0.864,133.763,254720,48,cantopop
0.64,0.583,-7.404,0.0288,0.305,0.0,0.211,0.499,127.998,229555,48,cantopop
0.319,0.745,-8.811,0.0584,0.00358,2.29e-05,0.228,0.296,156.43,144618,34,cantopop
0.644,0.903,-7.516,0.154,0.505,0.0,0.0291,0.8,178.103,195505,24,cantopop
0.568,0.321,-12.932,0.0365,0.846,2.41e-06,0.0851,0.302,130.151,259502,45,cantopop
0.555,0.321,-14.838,0.0351,0.695,0.0392,0.177,0.453,78.043,226773,25,cantopop
0.542,0.26,-12.104,0.0347,0.759,3.98e-05,0.27,0.27,74.842,234769,48,cantopop
0.661,0.352,-7.785,0.0355,0.872,0.0,0.104,0.265,75.196,232226,25,cantopop
0.458,0.508,-10.448,0.0398,0.0564,5.56e-06,0.207,0.173,142.215,220000,24,cantopop
0.494,0.387,-6.971,0.0324,0.733,5.54e-05,0.119,0.367,173.9,200600,24,cantopop
0.505,0.691,-6.055,0.028,0.347,0.0,0.166,0.322,136.053,204040,26,cantopop
0.546,0.522,-7.338,0.031,0.662,0.0,0.193,0.458,73.068,270213,24,cantopop
0.615,0.405,-9.116,0.0324,0.789,0.0,0.086,0.223,132.021,204450,25,cantopop
0.566,0.5,-6.459,0.028,0.762,0.0,0.146,0.495,144.884,225986,25,cantopop
0.591,0.392,-9.737,0.0283,0.637,0.0,0.143,0.354,117.85,275321,55,cantopop
0.647,0.649,-7.066,0.0359,0.629,0.0,0.072,0.498,95.005,275640,0,cantopop
0.562,0.546,-6.459,0.0294,0.322,0.0,0.114,0.234,139.018,223640,0,cantopop
0.417,0.455,-10.075,0.0286,0.789,7.96e-05,0.189,0.51,142.128,286401,56,cantopop
0.627,0.408,-9.87,0.052,0.626,0.0,0.315,0.337,114.744,269293,48,cantopop
0.637,0.41,-7.286,0.0296,0.631,0.0,0.111,0.383,80.014,240106,44,cantopop
0.584,0.534,-9.201,0.0424,0.421,0.438,0.0869,0.511,119.949,125636,31,cantopop
0.509,0.501,-8.547,0.0382,0.615,5.92e-06,0.0991,0.248,139.825,277766,49,cantopop
0.406,0.465,-14.161,0.0425,0.777,0.0655,0.119,0.328,88.235,132632,32,cantopop
0.425,0.583,-6.971,0.04,0.744,0.000689,0.116,0.345,128.05,239973,46,cantopop
0.582,0.548,-7.632,0.0401,0.424,0.0,0.129,0.274,148.001,237533,43,cantopop
0.532,0.413,-13.833,0.0418,0.744,0.0166,0.229,0.798,111.946,182493,41,cantopop
0.562,0.494,-7.29,0.0289,0.318,0.0,0.0961,0.556,76.058,236640,44,cantopop
0.516,0.545,-7.837,0.0296,0.722,0.0,0.159,0.534,143.99,241706,35,cantopop
0.676,0.307,-12.919,0.0279,0.51,0.00284,0.123,0.163,110.857,258426,44,cantopop
0.72,0.562,-10.676,0.187,0.421,0.000271,0.385,0.407,123.002,243746,31,cantopop
0.495,0.432,-7.914,0.0307,0.144,1.4e-06,0.0977,0.182,126.276,266466,41,cantopop
0.582,0.345,-8.372,0.0334,0.879,0.0,0.215,0.326,120.067,208506,48,cantopop
0.604,0.622,-6.568,0.0465,0.498,0.0,0.128,0.195,77.981,192196,50,cantopop
0.5,0.366,-11.416,0.0321,0.814,0.00357,0.122,0.351,95.063,165200,32,cantopop
0.52,0.285,-10.754,0.027,0.686,0.0,0.0931,0.0798,93.922,286840,54,cantopop
0.52,0.35,-11.57,0.0254,0.822,4.3e-05,0.111,0.478,81.012,202386,23,cantopop
0.534,0.58,-5.311,0.0265,0.658,0.0,0.136,0.347,142.081,275973,47,cantopop
0.411,0.482,-8.081,0.0475,0.574,0.0,0.227,0.261,172.079,258924,67,cantopop
0.325,0.213,-17.136,0.04,0.898,0.0541,0.0909,0.326,181.1,261813,43,cantopop
0.559,0.342,-10.726,0.0397,0.581,0.0,0.111,0.334,130.004,254266,55,cantopop
0.576,0.646,-6.75,0.0554,0.137,0.0,0.123,0.451,142.955,238026,44,cantopop
0.737,0.483,-6.416,0.0311,0.318,0.0,0.293,0.514,83.966,220938,59,cantopop
0.536,0.423,-13.35,0.036,0.656,7.9e-06,0.135,0.705,81.901,155649,31,cantopop
0.631,0.421,-10.315,0.0293,0.783,8.99e-05,0.095,0.188,130.199,244053,48,cantopop
0.427,0.409,-10.06,0.0306,0.716,0.0,0.0958,0.37,159.826,283184,48,cantopop
0.495,0.51,-7.357,0.0349,0.519,0.0,0.19,0.413,136.072,355000,24,cantopop
0.567,0.466,-9.146,0.0233,0.0654,0.000532,0.585,0.272,96.972,176986,25,cantopop
0.319,0.205,-14.326,0.0383,0.683,9.65e-05,0.114,0.196,138.493,277986,48,cantopop
0.377,0.553,-10.567,0.0405,0.0073,1.26e-05,0.11,0.351,133.5,138133,30,cantopop
0.448,0.294,-15.899,0.0295,0.482,0.0,0.123,0.268,170.081,179706,25,cantopop
0.588,0.741,-5.48,0.038,0.452,0.000106,0.145,0.148,131.68,220933,49,cantopop
0.563,0.408,-11.98,0.0419,0.716,1.61e-06,0.21,0.645,79.31,176911,30,cantopop
0.429,0.314,-14.744,0.045,0.766,0.000177,0.704,0.278,136.118,220733,32,cantopop
0.472,0.256,-17.152,0.0368,0.897,0.0459,0.148,0.303,111.586,131688,30,cantopop
0.59,0.513,-7.962,0.0283,0.578,0.0,0.093,0.52,129.909,235256,58,cantopop
0.535,0.485,-13.303,0.057,0.0355,0.171,0.952,0.649,132.674,195295,32,cantopop
0.554,0.345,-10.199,0.0268,0.749,0.0,0.11,0.168,107.625,220840,25,cantopop
0.701,0.481,-8.113,0.0337,0.742,0.0,0.174,0.333,133.963,237840,53,cantopop
0.426,0.227,-13.427,0.0309,0.422,0.00351,0.617,0.263,140.393,185317,32,cantopop
0.494,0.614,-4.851,0.0288,0.722,0.0,0.097,0.322,148.646,312906,45,cantopop
0.653,0.811,-5.68,0.0363,0.262,0.0,0.1,0.404,115.515,239340,59,cantopop
0.595,0.435,-6.837,0.0382,0.55,0.0,0.102,0.402,135.719,235800,53,cantopop
0.463,0.496,-8.091,0.034,0.685,0.0,0.0937,0.32,147.843,225680,24,cantopop
0.511,0.676,-7.468,0.028,0.0993,0.0,0.0893,0.601,77.74,237853,25,cantopop
0.69,0.925,-3.94,0.0333,0.0036,0.0,0.379,0.874,135.984,221250,23,cantopop
0.616,0.484,-11.95,0.0288,0.518,8.6e-06,0.317,0.744,172.064,215840,25,cantopop
0.543,0.297,-12.371,0.0313,0.444,0.0,0.371,0.266,135.978,243373,24,cantopop
0.483,0.438,-7.071,0.0248,0.204,0.0,0.0863,0.154,71.003,264040,24,cantopop
0.507,0.472,-9.469,0.0261,7.66e-05,4.56e-05,0.091,0.446,131.915,318160,45,cantopop
0.361,0.733,-5.73,0.0334,0.457,0.0,0.12,0.344,172.986,301893,44,cantopop
0.608,0.401,-10.68,0.031,0.462,1.93e-06,0.167,0.181,120.001,264289,50,cantopop
0.597,0.553,-8.857,0.0284,0.0704,1.41e-05,0.0587,0.303,143.898,327200,46,cantopop
0.497,0.454,-9.386,0.0303,0.543,0.0,0.0966,0.323,164.012,268536,55,cantopop
0.626,0.663,-11.866,0.0354,0.745,0.000173,0.108,0.761,140.283,280000,23,cantopop
0.546,0.422,-8.534,0.0286,0.657,2.38e-06,0.113,0.461,139.84,255805,46,cantopop
0.538,0.251,-13.494,0.027,0.79,0.0,0.191,0.202,83.972,321320,51,cantopop
0.538,0.426,-9.985,0.0289,0.264,0.0012,0.472,0.322,133.786,308573,49,cantopop
0.535,0.398,-8.756,0.0353,0.7,0.0,0.119,0.339,75.035,235974,39,cantopop
0.541,0.38,-12.094,0.027,0.716,9.56e-06,0.329,0.192,72.015,268280,50,cantopop
0.604,0.738,-6.714,0.0358,0.589,3.74e-06,0.344,0.815,159.948,126629,32,cantopop
0.502,0.183,-12.124,0.0308,0.81,0.0,0.102,0.219,112.235,244680,33,cantopop
0.555,0.494,-6.862,0.0285,0.246,0.0,0.291,0.28,144.044,248040,46,cantopop
0.552,0.294,-11.01,0.0411,0.337,2.73e-06,0.114,0.389,122.525,178665,36,cantopop
0.632,0.473,-9.904,0.0532,0.593,0.226,0.0912,0.151,120.149,128000,32,cantopop
0.639,0.659,-5.356,0.0307,0.456,0.0,0.235,0.54,111.024,243000,50,cantopop
0.495,0.503,-6.838,0.032,0.67,0.0,0.14,0.333,185.088,217013,52,cantopop
0.452,0.161,-14.383,0.0346,0.963,0.00102,0.0983,0.173,131.644,271786,50,cantopop
0.629,0.429,-8.709,0.0297,0.877,0.0,0.101,0.336,112.206,278573,45,cantopop
0.65,0.217,-13.503,0.0366,0.842,1.08e-05,0.122,0.186,125.924,262640,50,cantopop
0.495,0.559,-8.888,0.047,0.613,0.0,0.141,0.322,134.508,223253,52,cantopop
0.542,0.272,-15.699,0.0434,0.813,5.09e-05,0.724,0.244,134.255,133802,31,cantopop
0.635,0.323,-12.026,0.0356,0.845,0.0,0.112,0.454,119.072,230253,51,cantopop
0.351,0.777,-7.694,0.0487,0.082,0.0,0.759,0.401,143.327,144142,31,cantopop
0.518,0.493,-12.512,0.0468,0.684,0.089,0.395,0.346,84.016,171225,31,cantopop
0.596,0.563,-10.738,0.0349,0.524,0.00205,0.701,0.646,117.285,161992,31,cantopop
0.586,0.666,-5.608,0.0277,0.207,1.61e-06,0.128,0.359,72.973,292146,44,cantopop
0.651,0.37,-7.717,0.0265,0.691,0.0,0.109,0.507,74.974,246933,51,cantopop
0.494,0.53,-12.234,0.0404,0.284,0.00162,0.995,0.584,142.972,141308,32,cantopop
0.578,0.221,-14.231,0.0342,0.801,3.27e-06,0.168,0.307,113.827,213973,23,cantopop
0.514,0.416,-11.158,0.0294,0.364,3.88e-06,0.128,0.319,135.8,247840,23,cantopop
0.497,0.294,-13.787,0.0304,0.241,0.0,0.1,0.308,173.993,322306,45,cantopop
0.456,0.505,-7.495,0.036,0.243,6.58e-06,0.0689,0.585,135.828,192600,45,cantopop
0.349,0.353,-14.36,0.0291,0.194,0.44,0.121,0.211,105.994,152570,31,cantopop
0.692,0.491,-8.618,0.0296,0.715,0.0,0.234,0.314,129.991,310293,23,cantopop
0.621,0.593,-9.885,0.0284,0.399,0.0,0.16,0.522,123.474,249493,23,cantopop
0.429,0.347,-11.307,0.0355,0.787,0.0,0.14,0.189,135.749,274411,22,cantopop
0.563,0.397,-9.396,0.0339,0.384,0.0,0.107,0.198,137.985,206234,23,cantopop
0.779,0.462,-13.04,0.0293,0.121,2.64e-06,0.278,0.565,92.016,245306,22,cantopop
0.416,0.0993,-19.388,0.0696,0.978,0.000118,0.234,0.333,202.88,183906,44,cantopop
0.611,0.312,-10.26,0.0328,0.754,0.0,0.108,0.21,136.296,266066,23,cantopop
0.598,0.35,-13.191,0.0326,0.743,1.06e-06,0.124,0.52,162.62,255826,23,cantopop
0.593,0.698,-7.643,0.0321,0.121,0.0,0.0932,0.732,138.014,206493,23,cantopop
0.712,0.82,-6.535,0.043,0.317,0.00119,0.144,0.407,120.026,241720,23,cantopop
0.602,0.423,-9.248,0.0348,0.752,0.0,0.275,0.45,113.944,237053,48,cantopop
0.512,0.541,-5.414,0.0325,0.783,0.0,0.151,0.425,184.529,249000,44,cantopop
0.606,0.307,-9.585,0.0294,0.733,0.0,0.0985,0.666,92.094,229013,23,cantopop
0.79,0.689,-7.507,0.0295,0.459,6.76e-06,0.239,0.814,122.226,234613,23,cantopop
0.41,0.356,-9.666,0.0234,0.657,1.35e-05,0.266,0.196,78.53,224306,23,cantopop
0.564,0.665,-9.257,0.0642,0.131,0.026,0.0971,0.494,134.119,236448,31,cantopop
0.626,0.393,-7.211,0.0381,0.802,0.0,0.102,0.553,121.774,225840,44,cantopop
0.65,0.567,-8.672,0.0399,0.131,0.421,0.113,0.67,125.959,133316,34,cantopop
0.656,0.506,-6.417,0.032,0.43,0.0,0.163,0.269,139.987,228600,43,cantopop
0.535,0.564,-7.224,0.0394,0.361,0.0,0.119,0.278,123.892,221066,15,cantopop
0.57,0.448,-10.128,0.0341,0.857,0.0,0.119,0.225,123.603,133891,28,cantopop
0.549,0.64,-7.483,0.0304,0.323,0.0,0.0837,0.423,130.034,261480,40,cantopop
0.45,0.485,-7.389,0.0293,0.731,1.67e-06,0.114,0.417,133.86,257013,49,cantopop
0.429,0.356,-11.524,0.0362,0.891,0.0,0.115,0.431,96.798,288400,50,cantopop
0.518,0.401,-7.908,0.0665,0.862,0.0,0.112,0.401,129.652,222855,44,cantopop
0.712,0.431,-12.063,0.0232,0.34,0.00114,0.103,0.414,96.327,224040,47,cantopop
0.396,0.353,-8.91,0.0298,0.731,1.1e-06,0.214,0.288,76.276,218050,50,cantopop
0.502,0.54,-8.542,0.0412,0.54,0.0,0.111,0.578,149.938,242400,43,cantopop
0.59,0.5,-6.359,0.0308,0.563,0.0,0.152,0.28,119.829,303360,41,cantopop
0.567,0.46,-7.017,0.0309,0.155,0.0,0.0782,0.771,150.758,117147,31,cantopop
0.642,0.452,-9.99,0.0336,0.837,0.0,0.134,0.521,124.002,225257,57,cantopop
0.728,0.425,-10.725,0.141,0.412,0.0173,0.139,0.713,144.119,142616,32,cantopop
0.469,0.24,-15.346,0.0405,0.705,0.000462,0.103,0.379,144.32,196373,37,cantopop
0.639,0.401,-8.442,0.0248,0.167,0.0,0.334,0.297,107.003,258333,41,cantopop
0.613,0.644,-6.55,0.0352,0.245,0.0,0.1,0.392,115.049,224066,38,cantopop
0.619,0.43,-9.716,0.0304,0.716,0.0,0.207,0.379,160.0,230026,52,cantopop
0.633,0.372,-8.877,0.0284,0.838,0.0,0.0975,0.489,105.998,283906,49,cantopop
0.536,0.54,-12.164,0.0344,0.306,0.01,0.713,0.439,83.301,157351,31,cantopop
0.528,0.36,-11.301,0.0369,0.739,1.31e-06,0.101,0.225,107.971,228493,42,cantopop
0.544,0.054,-18.767,0.0387,0.927,3.65e-05,0.107,0.115,131.713,301533,52,cantopop
0.34,0.325,-12.261,0.0289,0.416,3.31e-05,0.283,0.464,111.205,187973,24,cantopop
0.59,0.428,-10.05,0.0332,0.731,0.0,0.141,0.295,125.698,233533,45,cantopop
0.701,0.215,-15.16,0.0369,0.783,0.0,0.103,0.144,131.156,257893,51,cantopop
0.45,0.357,-14.817,0.0482,0.679,0.00819,0.707,0.669,145.76,152477,30,cantopop
0.692,0.355,-10.658,0.0584,0.846,0.0,0.135,0.467,123.007,250000,52,cantopop
0.616,0.313,-13.29,0.0284,0.714,5.96e-06,0.107,0.251,124.342,181866,23,cantopop
0.558,0.119,-16.353,0.0449,0.945,1.5e-05,0.197,0.17,129.569,102293,50,cantopop
0.56,0.382,-10.478,0.0439,0.655,0.0,0.11,0.276,126.922,267840,23,cantopop
0.724,0.54,-8.234,0.0256,0.536,0.0,0.228,0.775,100.625,241693,24,cantopop
0.404,0.233,-9.749,0.0377,0.688,2.35e-05,0.107,0.274,160.484,240453,23,cantopop
0.569,0.394,-14.802,0.0296,0.343,0.0,0.408,0.847,118.777,152813,23,cantopop
0.569,0.746,-7.402,0.0292,0.00102,2.9e-05,0.0602,0.517,111.694,294386,22,cantopop
0.311,0.209,-14.662,0.0302,0.734,0.000175,0.0791,0.231,179.695,323760,52,cantopop
0.538,0.912,-5.209,0.0371,0.229,0.0,0.173,0.815,169.932,161294,23,cantopop
0.471,0.255,-10.601,0.0277,0.888,0.00351,0.121,0.152,145.761,214946,24,cantopop
0.398,0.434,-8.659,0.0353,0.181,0.0,0.129,0.41,120.428,257163,23,cantopop
0.568,0.411,-8.532,0.0319,0.316,0.0,0.363,0.205,133.802,300040,23,cantopop
0.481,0.252,-12.211,0.0305,0.812,2.5e-06,0.138,0.233,177.749,231826,22,cantopop
0.739,0.77,-8.169,0.0291,0.25,0.0,0.105,0.727,120.099,287173,49,cantopop
0.475,0.629,-6.077,0.0633,0.65,4.08e-06,0.372,0.157,159.368,174933,23,cantopop
0.443,0.436,-7.858,0.0245,0.409,1.33e-06,0.186,0.203,150.656,245226,23,cantopop
0.561,0.515,-7.191,0.0317,0.752,0.0,0.084,0.386,147.866,231893,49,cantopop
0.46,0.465,-7.503,0.0394,0.833,6.46e-06,0.108,0.213,171.946,234145,23,cantopop
0.646,0.452,-8.152,0.0307,0.723,0.0,0.117,0.266,94.566,232007,69,cantopop
0.569,0.67,-8.558,0.0307,0.189,1.2e-06,0.17,0.515,106.903,240600,22,cantopop
0.605,0.917,-6.72,0.0538,0.115,0.0101,0.336,0.818,133.937,125689,30,cantopop
0.523,0.534,-6.339,0.0485,0.731,0.0,0.12,0.405,135.937,238080,45,cantopop
0.521,0.917,-4.363,0.0388,0.00423,0.0,0.136,0.555,98.037,266000,49,cantopop
0.678,0.464,-8.725,0.0355,0.596,0.0,0.123,0.576,114.076,243684,41,cantopop
0.725,0.526,-12.166,0.0309,0.552,0.00013,0.115,0.479,112.811,274693,41,cantopop
0.566,0.526,-7.228,0.0304,0.553,0.0,0.0986,0.86,117.035,264106,33,cantopop
0.407,0.223,-11.363,0.0609,0.866,0.00829,0.0967,0.328,202.269,136719,32,cantopop
0.549,0.468,-7.895,0.0289,0.596,0.0,0.127,0.415,118.018,267586,48,cantopop
0.645,0.102,-17.791,0.0449,0.953,0.155,0.0966,0.511,91.594,102870,30,cantopop
0.629,0.257,-11.876,0.0563,0.898,0.000314,0.114,0.296,73.216,91599,31,cantopop
0.488,0.585,-11.757,0.0638,0.413,0.08,0.89,0.256,58.975,93245,29,cantopop
0.439,0.577,-8.309,0.029,0.287,0.00058,0.154,0.661,67.285,182688,32,cantopop
0.423,0.721,-5.838,0.0425,0.344,0.0,0.0799,0.482,168.046,293008,45,cantopop
0.386,0.666,-11.026,0.0331,0.00229,0.0452,0.399,0.261,144.404,150114,28,cantopop
0.694,0.0816,-18.719,0.0394,0.861,0.0,0.159,0.528,120.122,135957,29,cantopop
0.61,0.327,-10.646,0.0283,0.689,0.0,0.147,0.214,132.09,260666,47,cantopop
0.601,0.36,-10.854,0.0528,0.00326,0.000175,0.652,0.697,84.741,147561,27,cantopop
0.55,0.51,-7.488,0.0332,0.803,0.0,0.0951,0.438,139.922,246760,45,cantopop
0.542,0.39,-14.512,0.0433,0.318,0.000367,0.216,0.302,116.047,197569,28,cantopop
0.594,0.396,-13.856,0.0292,0.175,0.00105,0.249,0.631,117.145,130738,28,cantopop
0.422,0.265,-13.53,0.0314,0.239,0.049,0.629,0.133,74.459,174596,29,cantopop
0.455,0.304,-12.719,0.0306,0.83,3.62e-05,0.175,0.233,131.842,286946,50,cantopop
0.528,0.567,-10.186,0.0488,0.0342,0.0427,0.484,0.333,77.885,216376,28,cantopop
0.486,0.521,-9.377,0.0283,0.245,1.22e-06,0.304,0.209,83.745,127253,22,cantopop
0.611,0.386,-11.599,0.0294,0.117,5.33e-06,0.696,0.485,76.798,185553,30,cantopop
0.462,0.208,-16.398,0.0339,0.862,2.13e-06,0.224,0.488,141.868,238506,22,cantopop
0.476,0.752,-6.244,0.043,0.385,0.0,0.135,0.685,173.888,207786,22,cantopop
0.425,0.328,-11.118,0.0249,0.461,0.000105,0.318,0.392,84.316,199001,24,cantopop
0.432,0.26,-14.74,0.037,0.764,1.21e-05,0.886,0.28,141.041,152702,30,cantopop
0.698,0.297,-11.943,0.0354,0.756,5.45e-05,0.132,0.591,121.963,144813,23,cantopop
0.525,0.648,-5.015,0.0269,0.303,0.0,0.423,0.516,90.215,155093,23,cantopop
0.398,0.372,-10.18,0.0308,0.366,3.35e-05,0.114,0.394,72.881,206093,50,cantopop
0.363,0.862,-9.373,0.0666,0.00154,0.0115,0.979,0.371,110.05,180731,29,cantopop
0.588,0.465,-7.488,0.0293,0.345,0.0,0.0763,0.392,126.898,208004,54,cantopop
0.527,0.291,-9.841,0.0333,0.677,0.0,0.208,0.273,84.081,239666,22,cantopop
0.609,0.351,-8.49,0.0247,0.77,0.0,0.151,0.376,72.019,236960,49,cantopop
0.467,0.371,-10.442,0.0353,0.696,4.84e-06,0.116,0.286,133.791,225480,49,cantopop
0.428,0.603,-10.673,0.0474,0.0093,0.0865,0.694,0.347,139.861,184937,30,cantopop
0.442,0.645,-8.794,0.0647,0.395,0.0,0.708,0.271,132.714,175718,29,cantopop
0.718,0.423,-6.754,0.0317,0.564,0.0,0.145,0.417,117.006,229067,50,cantopop
0.72,0.529,-8.928,0.0406,0.559,2.1e-05,0.163,0.267,133.967,242293,47,cantopop
0.28,0.241,-12.02,0.0425,0.97,0.00183,0.218,0.434,75.134,222533,24,cantopop
0.532,0.826,-4.546,0.0332,0.0279,0.0,0.0696,0.531,129.939,219759,22,cantopop
0.727,0.531,-11.483,0.0272,0.723,3.36e-06,0.32,0.413,107.266,209000,22,cantopop
0.261,0.272,-14.583,0.0325,0.192,2.79e-06,0.559,0.406,173.622,178160,23,cantopop
0.626,0.42,-8.593,0.0293,0.883,0.0,0.096,0.386,112.262,278573,44,cantopop
0.632,0.666,-9.16,0.0996,0.322,0.000523,0.114,0.494,113.972,278177,45,cantopop
0.409,0.211,-19.817,0.0311,0.636,1.71e-06,0.0906,0.238,160.029,269960,22,cantopop
0.556,0.372,-10.035,0.0382,0.757,0.0,0.105,0.345,113.636,301826,22,cantopop
0.592,0.386,-8.913,0.033,0.792,0.0,0.109,0.272,124.999,265826,0,cantopop
0.542,0.599,-8.639,0.0268,0.0752,0.0381,0.138,0.44,97.0,306924,41,cantopop
0.503,0.351,-9.927,0.0281,0.671,0.0,0.139,0.199,131.913,242306,41,cantopop
0.607,0.451,-7.44,0.0305,0.621,0.064,0.248,0.658,132.003,145463,29,cantopop
0.608,0.38,-8.854,0.0351,0.777,0.000227,0.124,0.366,123.977,272066,26,cantopop
0.6,0.564,-7.867,0.0277,0.698,0.125,0.122,0.323,136.036,248800,38,cantopop
0.44,0.515,-9.762,0.0321,0.78,0.0816,0.477,0.396,140.258,116271,29,cantopop
0.679,0.476,-7.188,0.0304,0.568,0.208,0.103,0.559,114.907,155939,28,cantopop
0.612,0.438,-9.289,0.0512,0.567,0.00555,0.176,0.452,148.918,138019,29,cantopop
0.744,0.492,-8.056,0.148,0.486,0.0,0.122,0.567,91.007,234000,22,cantopop
0.585,0.369,-12.23,0.0278,0.663,1.62e-06,0.278,0.182,134.058,276000,52,cantopop
0.245,0.617,-8.868,0.0527,0.741,0.267,0.115,0.813,197.768,155939,30,cantopop
0.476,0.747,-6.302,0.0313,0.0704,7.2e-06,0.109,0.252,139.9,235781,44,cantopop
0.611,0.282,-13.691,0.0278,0.561,0.0,0.12,0.282,92.067,287506,52,cantopop
0.741,0.769,-10.231,0.0309,0.277,0.0,0.0935,0.71,98.552,299040,42,cantopop
0.415,0.323,-7.829,0.0338,0.639,0.0,0.195,0.275,171.86,205333,42,cantopop
0.499,0.758,-9.666,0.0488,0.328,4.89e-06,0.147,0.612,148.005,300000,22,cantopop
0.487,0.414,-10.743,0.0282,0.438,4.4e-06,0.349,0.745,141.018,178493,23,cantopop
0.561,0.355,-10.56,0.0301,0.16,5.53e-06,0.264,0.187,112.002,257640,48,cantopop
0.453,0.802,-5.275,0.0486,0.209,0.0,0.32,0.376,142.2,256459,39,cantopop
0.526,0.686,-11.931,0.0395,0.576,4.86e-06,0.136,0.381,90.089,265986,22,cantopop
0.623,0.401,-10.144,0.0301,0.383,0.0196,0.095,0.278,140.114,247746,23,cantopop
0.426,0.238,-15.815,0.0489,0.823,0.000131,0.708,0.153,67.274,129132,30,cantopop
0.496,0.14,-19.181,0.091,0.926,1.17e-05,0.346,0.146,101.809,95304,28,cantopop
0.66,0.0699,-17.452,0.0478,0.953,1.95e-06,0.129,0.133,114.502,230456,43,cantopop
0.443,0.462,-5.205,0.0329,0.662,0.0,0.111,0.239,120.999,272000,45,cantopop
0.535,0.324,-13.934,0.0337,0.323,0.226,0.472,0.557,168.407,178486,28,cantopop
0.606,0.612,-8.003,0.024,0.526,1.14e-06,0.206,0.44,89.983,253040,38,cantopop
0.531,0.36,-13.015,0.0512,0.732,2.03e-05,0.696,0.306,132.704,180293,30,cantopop
0.549,0.371,-12.31,0.0331,0.655,0.0,0.084,0.202,142.221,260333,21,cantopop
0.527,0.187,-13.868,0.0272,0.789,0.0,0.234,0.171,83.184,295093,22,cantopop
0.379,0.514,-6.808,0.0334,0.429,3.15e-05,0.232,0.139,134.732,255000,49,cantopop
0.67,0.156,-11.854,0.0345,0.872,3.13e-06,0.099,0.466,115.748,207466,21,cantopop
0.549,0.692,-5.336,0.0315,0.379,0.0,0.0853,0.341,143.905,255013,49,cantopop
0.549,0.406,-11.267,0.0307,0.824,0.0,0.229,0.314,120.17,278906,21,cantopop
0.573,0.685,-11.484,0.0701,0.573,9.39e-05,0.72,0.21,102.651,173168,29,cantopop
0.448,0.507,-11.226,0.0348,0.397,0.0,0.112,0.218,159.868,291920,50,cantopop
0.508,0.489,-7.582,0.0278,0.312,0.0,0.307,0.615,79.803,210506,47,cantopop
0.612,0.706,-7.973,0.0243,0.00129,1.49e-05,0.0548,0.604,111.666,299640,21,cantopop
0.745,0.4,-7.638,0.0397,0.751,0.0,0.109,0.306,113.965,180000,52,cantopop
0.626,0.446,-7.522,0.0258,0.497,0.0,0.0919,0.314,112.518,209000,21,cantopop
0.673,0.497,-9.759,0.039,0.278,1.46e-06,0.255,0.378,120.031,272873,43,cantopop
0.613,0.49,-6.926,0.0283,0.565,6.26e-06,0.101,0.107,124.362,261549,22,cantopop
0.549,0.272,-14.558,0.0274,0.771,8.89e-05,0.177,0.191,101.332,189160,23,cantopop
0.635,0.631,-6.549,0.0252,0.311,0.00487,0.12,0.311,98.028,246746,21,cantopop
0.451,0.247,-9.991,0.0322,0.859,1.03e-05,0.121,0.301,128.212,240746,21,cantopop
0.663,0.472,-5.013,0.0281,0.588,0.0,0.135,0.688,124.86,189120,22,cantopop
0.591,0.504,-7.436,0.0602,0.436,0.0,0.0677,0.296,175.911,212000,22,cantopop
0.39,0.374,-7.49,0.0291,0.877,0.0,0.1,0.44,112.003,186538,22,cantopop
0.467,0.726,-6.636,0.0642,0.0205,1.28e-05,0.101,0.215,135.099,154666,22,cantopop
0.732,0.603,-7.856,0.0273,0.466,0.000284,0.121,0.573,111.033,255200,22,cantopop
0.649,0.459,-7.747,0.0774,0.84,3.14e-05,0.122,0.408,133.889,248347,39,cantopop
0.661,0.632,-10.482,0.0674,0.21,0.00123,0.579,0.667,92.966,161988,33,cantopop
0.505,0.201,-16.477,0.0697,0.921,0.0,0.714,0.487,83.084,250733,34,cantopop
0.491,0.486,-7.91,0.0318,0.261,0.0,0.0964,0.346,133.903,264240,31,cantopop
0.542,0.465,-6.334,0.0298,0.198,0.0,0.112,0.428,138.017,232133,46,cantopop
0.574,0.39,-9.155,0.0347,0.896,0.08,0.101,0.818,139.909,138410,30,cantopop
0.483,0.462,-7.247,0.0273,0.264,0.0,0.117,0.263,115.326,250934,46,cantopop
0.468,0.229,-12.936,0.0303,0.823,0.0,0.183,0.362,79.102,216413,23,cantopop
0.552,0.562,-7.546,0.0371,0.276,0.0,0.0978,0.384,81.032,297000,21,cantopop
0.535,0.683,-5.567,0.033,0.439,0.0,0.156,0.403,139.965,254750,49,cantopop
0.559,0.474,-6.359,0.0287,0.231,0.0,0.105,0.399,138.031,232119,39,cantopop
0.471,0.355,-8.781,0.0354,0.806,0.0,0.116,0.361,118.634,240453,37,cantopop
0.582,0.442,-7.318,0.0266,0.625,1.27e-06,0.205,0.23,90.025,216760,43,cantopop
0.505,0.315,-11.764,0.0388,0.825,0.0,0.0951,0.134,130.506,250213,21,cantopop
0.645,0.3,-10.282,0.0362,0.815,0.0,0.115,0.214,143.928,236840,38,cantopop
0.607,0.553,-7.48,0.0477,0.718,0.0,0.118,0.378,140.073,216049,22,cantopop
0.665,0.47,-5.543,0.0302,0.802,0.0,0.123,0.345,119.935,247440,42,cantopop
0.543,0.588,-8.155,0.153,0.262,2.94e-06,0.0819,0.827,155.156,141346,22,cantopop
0.68,0.694,-7.519,0.04,0.719,0.0,0.17,0.738,139.947,192840,22,cantopop
0.532,0.336,-14.74,0.0421,0.331,0.0301,0.547,0.481,128.52,177644,28,cantopop
0.599,0.48,-8.168,0.0277,0.614,0.0,0.111,0.265,129.148,310736,49,cantopop
0.6,0.569,-6.257,0.0309,0.846,0.0,0.163,0.537,112.996,214041,46,cantopop
0.69,0.435,-9.818,0.0325,0.256,0.0,0.141,0.433,131.999,274706,40,cantopop
0.553,0.41,-9.823,0.0231,0.429,0.0,0.35,0.401,79.023,224733,22,cantopop
0.525,0.352,-9.13,0.0288,0.671,2.43e-06,0.0767,0.427,127.93,262333,21,cantopop
0.537,0.38,-7.809,0.028,0.62,0.0,0.428,0.137,136.105,226546,21,cantopop
0.352,0.412,-16.227,0.0662,0.661,0.0175,0.856,0.414,72.617,158402,29,cantopop
0.487,0.219,-16.163,0.0277,0.233,0.0464,0.68,0.17,141.407,187819,28,cantopop
0.464,0.284,-18.875,0.232,0.763,0.0,0.975,0.702,151.725,118874,27,cantopop
0.447,0.351,-15.97,0.0513,0.555,0.127,0.698,0.207,120.333,147227,28,cantopop
0.511,0.393,-8.451,0.0357,0.675,2.89e-05,0.203,0.37,160.236,196933,49,cantopop
0.484,0.297,-8.937,0.0252,0.579,1.99e-06,0.122,0.102,91.023,228813,21,cantopop
0.49,0.4,-13.119,0.0358,0.531,0.0,0.148,0.362,87.758,232386,22,cantopop
0.462,0.394,-15.251,0.0369,0.216,0.0,0.123,0.238,145.954,283561,21,cantopop
0.558,0.314,-7.806,0.0252,0.653,5.7e-06,0.0878,0.153,91.145,213693,21,cantopop
0.598,0.386,-8.903,0.0311,0.787,0.0,0.103,0.302,124.985,265840,21,cantopop
0.62,0.6,-8.889,0.0276,0.316,6.97e-06,0.128,0.352,87.867,218760,46,cantopop
0.521,0.58,-7.567,0.049,0.626,0.0,0.0917,0.344,139.826,213237,21,cantopop
0.751,0.716,-9.592,0.0442,0.121,0.0,0.0845,0.903,122.732,147093,22,cantopop
0.59,0.318,-11.462,0.0311,0.692,0.0,0.114,0.222,136.359,198155,21,cantopop
0.689,0.702,-8.333,0.0413,0.598,0.0,0.133,0.884,110.008,208636,55,cantopop
0.576,0.705,-9.849,0.0674,0.394,0.0,0.508,0.507,144.634,216346,21,cantopop
0.63,0.328,-7.812,0.0306,0.833,0.0,0.149,0.3,136.928,248973,49,cantopop
0.537,0.621,-6.579,0.0307,0.0735,0.0,0.209,0.461,144.031,235509,22,cantopop
0.456,0.488,-10.64,0.213,0.258,0.0,0.259,0.354,129.887,282723,44,cantopop
0.488,0.327,-5.621,0.0303,0.619,0.0,0.18,0.13,139.253,243573,45,cantopop
0.69,0.406,-8.265,0.0345,0.57,5.35e-06,0.152,0.269,115.002,218506,21,cantopop
0.469,0.309,-10.688,0.0319,0.818,1.99e-06,0.104,0.347,204.931,197853,22,cantopop
0.656,0.384,-8.877,0.0313,0.775,0.0,0.187,0.197,99.945,268186,49,cantopop
0.639,0.5,-8.527,0.0335,0.408,0.0,0.121,0.294,172.085,244146,21,cantopop
0.399,0.325,-12.539,0.0359,0.416,0.0,0.196,0.194,184.592,282826,49,cantopop
0.317,0.483,-7.994,0.0314,0.658,0.0,0.103,0.505,159.223,261800,43,cantopop
0.552,0.553,-6.68,0.0318,0.425,0.0,0.0978,0.379,73.032,233800,32,cantopop
0.448,0.355,-9.437,0.025,0.77,0.0,0.298,0.273,74.182,210000,52,cantopop
0.576,0.344,-12.121,0.028,0.631,0.0,0.372,0.314,76.991,262320,45,cantopop
0.536,0.282,-13.917,0.0358,0.862,0.0265,0.0987,0.205,123.705,279677,52,cantopop
0.646,0.39,-13.96,0.0436,0.532,0.0,0.114,0.327,133.14,242120,48,cantopop
0.662,0.555,-7.458,0.0383,0.435,0.0,0.0836,0.392,93.986,274333,21,cantopop
0.601,0.324,-11.209,0.033,0.847,0.0,0.105,0.255,146.094,191160,45,cantopop
0.736,0.502,-9.948,0.0263,0.371,1.33e-05,0.109,0.601,77.025,320102,40,cantopop
0.562,0.405,-11.091,0.0278,0.0545,1.29e-06,0.194,0.328,92.303,201346,21,cantopop
0.284,0.273,-12.115,0.0328,0.498,0.000248,0.106,0.139,143.084,231640,39,cantopop
0.595,0.357,-14.018,0.053,0.64,0.0307,0.668,0.695,123.021,192785,28,cantopop
0.646,0.401,-8.362,0.027,0.617,0.0,0.186,0.29,109.978,278000,42,cantopop
0.328,0.654,-10.616,0.0481,0.00178,0.125,0.214,0.421,168.379,144743,26,cantopop
0.513,0.543,-7.688,0.0258,0.466,0.0,0.136,0.193,83.358,242973,20,cantopop
0.652,0.563,-11.016,0.0334,0.311,0.000459,0.239,0.533,98.406,186241,27,cantopop
0.265,0.373,-11.367,0.0298,0.86,9.92e-05,0.765,0.115,87.622,244173,23,cantopop
0.437,0.473,-7.669,0.0342,0.765,0.0,0.296,0.228,131.434,758307,48,cantopop
0.664,0.446,-9.148,0.0321,0.417,1.85e-05,0.0975,0.211,118.043,215000,20,cantopop
0.545,0.349,-10.584,0.027,0.733,0.0,0.115,0.327,81.112,255080,21,cantopop
0.604,0.632,-5.978,0.0435,0.000214,2.36e-05,0.139,0.0964,105.078,76709,31,cantopop
0.4,0.404,-12.444,0.0279,0.847,0.00709,0.0842,0.419,174.829,226493,21,cantopop
0.368,0.754,-4.893,0.317,0.166,0.0,0.112,0.522,170.029,185032,67,cantopop
0.586,0.42,-13.362,0.04,0.339,0.0,0.816,0.458,76.219,194129,26,cantopop
0.751,0.783,-5.79,0.0267,0.256,0.0,0.117,0.466,117.043,189280,21,cantopop
0.509,0.411,-9.432,0.0321,0.564,0.0105,0.264,0.362,172.119,208680,21,cantopop
0.464,0.269,-14.555,0.0423,0.688,0.00359,0.708,0.255,137.28,181849,29,cantopop
0.49,0.509,-6.478,0.0271,0.223,0.0,0.126,0.205,160.031,328699,45,cantopop
0.445,0.527,-11.115,0.0323,0.058,5.6e-06,0.362,0.485,95.034,168840,21,cantopop
0.51,0.573,-9.231,0.0601,0.0372,0.000252,0.19,0.675,132.503,120037,27,cantopop
0.555,0.384,-10.133,0.0318,0.535,0.0,0.155,0.34,129.995,234461,44,cantopop
0.585,0.447,-8.246,0.0267,0.576,0.0,0.095,0.619,132.884,160200,20,cantopop
0.511,0.571,-5.669,0.04,0.434,0.0,0.0799,0.274,157.847,284000,51,cantopop
0.578,0.485,-9.573,0.0307,0.498,1.12e-05,0.368,0.127,132.106,242506,20,cantopop
0.519,0.28,-14.822,0.0366,0.444,1.42e-05,0.0878,0.254,112.04,232200,20,cantopop
0.55,0.481,-9.296,0.037,0.598,0.0,0.151,0.211,110.277,298173,20,cantopop
0.506,0.12,-15.763,0.049,0.795,5.07e-06,0.0864,0.394,97.685,174133,21,cantopop
0.632,0.399,-10.479,0.0404,0.762,0.0,0.12,0.246,138.002,250813,21,cantopop
0.69,0.4,-8.871,0.0345,0.818,0.0,0.112,0.7,143.965,179906,20,cantopop
0.315,0.303,-11.075,0.0375,0.584,4.59e-06,0.783,0.266,175.433,174400,21,cantopop
0.679,0.756,-6.376,0.046,0.188,0.0,0.116,0.266,142.002,223521,21,cantopop
0.597,0.503,-8.759,0.0273,0.234,0.0,0.196,0.236,87.913,257802,21,cantopop
0.494,0.474,-15.515,0.12,0.281,0.0,0.695,0.431,135.471,304457,21,cantopop
0.507,0.717,-6.331,0.0594,0.0793,0.0,0.0631,0.353,168.04,271983,22,cantopop
0.617,0.349,-13.376,0.0299,0.574,0.0,0.0987,0.297,82.387,238600,21,cantopop
0.477,0.403,-8.838,0.041,0.479,0.0,0.206,0.352,146.126,320106,43,cantopop
0.509,0.709,-8.361,0.0477,0.408,2.55e-05,0.356,0.631,91.014,203258,49,cantopop
0.571,0.288,-16.342,0.0301,0.305,2.43e-06,0.0883,0.279,144.137,238000,20,cantopop
0.557,0.635,-6.069,0.0244,0.0872,0.0017,0.103,0.197,80.018,233373,21,cantopop
0.47,0.276,-9.669,0.0338,0.877,0.0,0.111,0.292,151.959,244066,38,cantopop
0.431,0.687,-6.252,0.0493,0.586,0.0,0.3,0.351,141.811,271353,43,cantopop
0.589,0.584,-6.224,0.0263,0.406,0.0,0.327,0.317,82.152,246773,45,cantopop
0.361,0.846,-3.717,0.0337,0.132,6.53e-05,0.286,0.443,104.932,316991,47,cantopop
0.595,0.352,-10.345,0.0293,0.201,3.08e-06,0.143,0.139,120.006,239120,48,cantopop
0.665,0.551,-8.947,0.0593,0.404,0.021,0.0933,0.826,129.981,106985,27,cantopop
0.484,0.625,-5.241,0.0334,0.672,0.0,0.0796,0.308,140.051,262360,44,cantopop
0.586,0.578,-7.31,0.0396,0.687,0.0,0.109,0.261,113.917,260346,48,cantopop
0.628,0.472,-12.174,0.027,0.162,0.0015,0.207,0.51,136.199,234666,49,cantopop
0.648,0.322,-12.927,0.0307,0.474,0.00406,0.276,0.27,103.065,296933,47,cantopop
0.399,0.745,-6.595,0.0472,0.172,0.0,0.288,0.526,156.492,266327,46,cantopop
0.288,0.388,-9.664,0.0364,0.849,1.71e-06,0.0889,0.277,133.71,237613,39,cantopop
0.497,0.391,-13.104,0.0393,0.115,0.00184,0.0894,0.192,79.749,255280,44,cantopop
0.571,0.554,-7.539,0.0297,0.337,0.000118,0.0878,0.334,125.989,238693,45,cantopop
0.666,0.556,-8.574,0.0272,0.732,0.0,0.28,0.602,110.163,153146,22,cantopop
0.473,0.648,-5.542,0.0323,0.0617,0.0,0.0867,0.435,137.987,307422,48,cantopop
0.399,0.33,-9.826,0.0285,0.722,4.26e-06,0.134,0.163,83.085,304493,49,cantopop
0.631,0.324,-14.697,0.0333,0.39,0.000286,0.604,0.428,84.872,154610,26,cantopop
0.578,0.441,-6.738,0.0281,0.815,7.35e-06,0.106,0.456,139.921,207851,48,cantopop
0.388,0.381,-8.138,0.0262,0.737,0.0,0.136,0.254,86.549,254506,20,cantopop
0.456,0.499,-7.131,0.0338,0.542,0.0,0.203,0.37,100.188,210280,46,cantopop
0.616,0.336,-9.279,0.0309,0.724,0.0,0.2,0.19,135.905,219946,42,cantopop
0.299,0.268,-14.716,0.0319,0.806,0.000475,0.151,0.299,74.405,182466,21,cantopop
0.556,0.351,-7.168,0.0275,0.728,0.0,0.0877,0.236,83.926,262453,36,cantopop
0.601,0.493,-12.722,0.0504,0.307,0.485,0.365,0.361,137.731,142988,26,cantopop
0.501,0.606,-9.692,0.028,0.0123,0.0321,0.337,0.691,101.796,130207,27,cantopop
0.66,0.427,-11.012,0.0346,0.86,5.74e-06,0.131,0.339,124.505,237520,20,cantopop
0.576,0.52,-11.136,0.0345,0.785,0.0,0.0839,0.182,126.989,230986,46,cantopop
0.394,0.771,-6.079,0.0398,0.326,1.15e-06,0.11,0.307,157.072,290160,43,cantopop
0.303,0.422,-10.643,0.0297,0.825,0.000937,0.138,0.348,62.793,208493,22,cantopop
0.527,0.649,-7.73,0.0367,0.498,0.0,0.0781,0.251,150.119,194148,21,cantopop
0.436,0.721,-5.351,0.0559,0.471,0.0,0.138,0.412,202.016,267333,50,cantopop
0.672,0.322,-12.736,0.0266,0.704,0.0,0.174,0.303,109.456,285173,47,cantopop
0.524,0.433,-9.034,0.0359,0.69,0.0,0.11,0.101,110.218,198333,48,cantopop
0.591,0.338,-11.071,0.0327,0.712,0.0,0.103,0.22,135.836,206818,20,cantopop
0.522,0.645,-8.301,0.0331,0.111,4.27e-06,0.332,0.382,114.154,279733,20,cantopop
0.622,0.514,-4.853,0.0308,0.184,0.0,0.102,0.0949,142.091,211213,50,cantopop
0.434,0.446,-6.635,0.0251,0.705,0.0,0.203,0.278,74.036,207293,20,cantopop
0.625,0.4,-14.42,0.0259,0.815,0.0,0.0961,0.513,96.08,266493,20,cantopop
0.528,0.253,-14.869,0.0275,0.52,0.00373,0.286,0.263,95.033,235200,20,cantopop
0.72,0.334,-9.754,0.0373,0.814,0.0,0.154,0.395,96.046,230537,47,cantopop
0.597,0.431,-7.332,0.0286,0.361,0.0,0.113,0.335,124.059,281826,20,cantopop
0.809,0.62,-10.469,0.0538,0.298,0.0,0.144,0.872,119.994,242533,20,cantopop
0.361,0.432,-8.09,0.044,0.188,0.0,0.102,0.277,129.653,477280,20,cantopop
0.748,0.384,-11.217,0.0317,0.688,0.0,0.16,0.387,113.982,257306,47,cantopop
0.746,0.667,-10.57,0.0692,0.279,0.0,0.229,0.88,126.732,178906,20,cantopop
0.518,0.449,-9.659,0.032,0.626,0.00178,0.207,0.382,133.886,254008,48,cantopop
0.628,0.368,-11.15,0.04,0.487,0.0,0.326,0.139,126.01,349000,20,cantopop
0.319,0.198,-11.611,0.0402,0.942,8.65e-06,0.0817,0.287,62.925,308053,72,cantopop
0.67,0.36,-8.519,0.0319,0.85,0.0,0.179,0.395,76.001,202093,38,cantopop
0.652,0.368,-9.929,0.0317,0.654,0.0,0.115,0.314,121.97,274653,46,cantopop
0.539,0.322,-9.629,0.0368,0.948,6.17e-06,0.0943,0.317,118.459,264977,29,cantopop
0.716,0.56,-8.42,0.0348,0.292,1.2e-05,0.116,0.743,127.997,215680,51,cantopop
0.576,0.465,-11.99,0.0353,0.643,5.5e-06,0.336,0.305,135.913,266000,48,cantopop
0.696,0.493,-8.644,0.0437,0.709,0.0,0.104,0.371,118.004,224880,47,cantopop
0.581,0.669,-8.146,0.0619,0.0652,0.000736,0.0809,0.908,134.829,144666,28,cantopop
0.523,0.346,-9.312,0.0252,0.612,0.00176,0.0839,0.506,66.14,133893,28,cantopop
0.744,0.264,-12.333,0.0327,0.92,0.0,0.116,0.495,111.94,240132,29,cantopop
0.607,0.212,-14.46,0.0452,0.919,0.00111,0.106,0.561,131.453,129600,27,cantopop
0.646,0.435,-5.847,0.0271,0.568,0.0,0.145,0.379,110.895,207012,35,cantopop
0.453,0.431,-12.33,0.0316,0.196,0.0,0.101,0.197,135.568,280000,20,cantopop
0.475,0.322,-12.372,0.0332,0.927,6.04e-05,0.119,0.276,83.89,267933,42,cantopop
0.727,0.733,-7.499,0.0334,0.313,0.0,0.102,0.971,129.381,177680,35,cantopop
0.625,0.291,-11.563,0.0309,0.849,4.36e-06,0.212,0.348,166.09,251160,40,cantopop
0.358,0.267,-13.233,0.079,0.854,2.77e-05,0.368,0.152,143.927,305733,19,cantopop
0.703,0.415,-14.916,0.0312,0.0601,3.02e-06,0.103,0.36,117.984,213200,42,cantopop
0.483,0.934,-3.768,0.0679,0.0101,1.32e-05,0.149,0.54,160.162,268000,20,cantopop
0.331,0.244,-11.827,0.032,0.809,6.51e-06,0.288,0.336,176.612,260173,47,cantopop
0.46,0.747,-6.249,0.0313,0.0669,7.65e-06,0.109,0.259,139.83,235349,40,cantopop
0.522,0.446,-8.113,0.0289,0.771,5.16e-06,0.121,0.283,124.308,250416,47,cantopop
0.555,0.498,-7.94,0.0285,0.16,0.0,0.192,0.187,136.962,271093,43,cantopop
0.531,0.484,-7.215,0.0326,0.332,3.06e-06,0.103,0.335,139.944,253668,45,cantopop
0.534,0.736,-3.539,0.0283,0.624,0.0,0.0783,0.483,143.022,260519,43,cantopop
0.574,0.902,-3.75,0.0421,0.202,1.41e-06,0.0261,0.471,125.455,343066,20,cantopop
0.666,0.62,-9.431,0.0488,0.11,2.52e-06,0.496,0.646,144.925,206666,21,cantopop
0.498,0.477,-9.477,0.0322,0.228,6.01e-06,0.19,0.168,75.986,258600,20,cantopop
0.367,0.414,-9.661,0.0266,0.34,0.0,0.105,0.183,86.342,274213,19,cantopop
0.729,0.86,-11.325,0.0502,0.771,0.000145,0.12,0.697,141.746,241520,19,cantopop
0.79,0.167,-13.743,0.0363,0.506,0.00222,0.109,0.225,94.522,224066,45,cantopop
0.425,0.237,-11.4,0.0533,0.785,0.0,0.071,0.543,73.196,120255,27,cantopop
0.728,0.621,-8.254,0.213,0.254,0.000239,0.0404,0.871,165.995,228901,41,cantopop
0.592,0.209,-12.628,0.0467,0.915,0.0,0.111,0.323,86.513,64378,27,cantopop
0.493,0.396,-8.094,0.029,0.707,9.28e-06,0.363,0.189,74.886,242840,44,cantopop
0.628,0.393,-12.63,0.0362,0.799,0.0,0.33,0.173,120.508,231800,20,cantopop
0.549,0.478,-6.186,0.0276,0.783,0.0,0.255,0.341,125.917,218733,20,cantopop
0.555,0.348,-15.245,0.0294,0.78,0.00137,0.115,0.566,138.087,201040,20,cantopop
0.577,0.203,-19.308,0.0284,0.356,0.00063,0.154,0.63,170.131,294226,20,cantopop
0.71,0.191,-13.045,0.0366,0.918,2.78e-05,0.107,0.269,112.049,226133,36,cantopop
0.59,0.511,-6.714,0.0275,0.26,0.0,0.0862,0.45,118.12,198304,20,cantopop
0.269,0.338,-12.757,0.0393,0.703,4.54e-06,0.617,0.341,97.982,601144,40,cantopop
0.488,0.48,-9.782,0.0297,0.0487,3.84e-05,0.188,0.137,135.813,274666,20,cantopop
0.569,0.496,-10.166,0.0296,0.715,1.58e-05,0.175,0.219,139.987,289240,20,cantopop
0.671,0.505,-9.034,0.0241,0.423,0.0,0.287,0.633,100.979,263200,20,cantopop
0.587,0.568,-6.182,0.0333,0.451,0.0,0.254,0.754,166.538,226493,19,cantopop
0.631,0.784,-6.347,0.0481,0.199,0.0,0.163,0.605,124.053,224032,46,cantopop
0.647,0.505,-10.802,0.0536,0.677,0.0,0.0971,0.502,76.476,203137,50,cantopop
0.838,0.501,-7.229,0.0472,0.733,6.44e-06,0.11,0.693,129.969,189041,49,cantopop
0.701,0.682,-7.939,0.0677,0.28,0.0,0.151,0.669,146.074,223320,20,cantopop
0.7,0.515,-7.712,0.0236,0.257,0.0,0.229,0.664,98.171,313200,20,cantopop
0.705,0.279,-14.509,0.0268,0.559,1.3e-06,0.0725,0.381,96.286,284173,19,cantopop
0.631,0.379,-12.162,0.0357,0.561,0.000453,0.284,0.572,104.951,161228,31,cantopop
0.549,0.618,-7.961,0.0309,0.842,0.0,0.113,0.474,111.996,210724,44,cantopop
0.484,0.474,-8.064,0.0363,0.8,0.0,0.0877,0.35,101.907,272933,51,cantopop
0.729,0.589,-6.1,0.0319,0.769,0.0,0.155,0.478,99.087,232765,34,cantopop
0.551,0.46,-8.049,0.0402,0.592,3.9e-06,0.101,0.253,134.406,278293,52,cantopop
0.485,0.623,-5.793,0.0269,0.0283,0.0,0.0919,0.263,77.02,296106,44,cantopop
0.551,0.422,-7.447,0.0302,0.491,0.0,0.0963,0.172,131.655,266333,48,cantopop
0.529,0.667,-6.194,0.0328,0.382,0.0,0.1,0.331,143.925,276146,38,cantopop
0.512,0.169,-16.756,0.0354,0.892,1.3e-06,0.109,0.287,135.854,206117,49,cantopop
0.567,0.237,-13.256,0.0442,0.951,0.0042,0.276,0.441,106.124,125093,27,cantopop
0.561,0.831,-8.136,0.0349,0.444,0.12,0.0684,0.939,142.054,125088,29,cantopop
0.605,0.546,-10.652,0.0757,0.435,0.127,0.209,0.897,143.821,117956,26,cantopop
0.38,0.265,-9.173,0.0544,0.956,1.01e-05,0.35,0.324,207.521,274603,41,cantopop
0.424,0.293,-9.894,0.0749,0.874,0.0,0.114,0.0896,123.841,257266,32,cantopop
0.545,0.324,-13.668,0.0284,0.361,0.0,0.129,0.159,141.956,375733,48,cantopop
0.665,0.567,-7.465,0.0342,0.504,0.0,0.112,0.204,122.003,246800,30,cantopop
0.712,0.728,-10.332,0.0499,0.794,0.000419,0.0942,0.564,128.009,209280,33,cantopop
0.362,0.785,-6.05,0.0465,0.209,0.0,0.111,0.27,76.485,346247,51,cantopop
0.491,0.118,-20.243,0.0331,0.783,7.57e-05,0.145,0.137,82.409,246373,22,cantopop
0.654,0.521,-7.958,0.0289,0.382,2.27e-06,0.107,0.629,142.055,217280,20,cantopop
0.587,0.501,-8.9,0.0394,0.531,0.0,0.118,0.419,136.081,232160,19,cantopop
0.527,0.539,-5.331,0.0277,0.581,0.0,0.154,0.229,126.885,284000,21,cantopop
0.503,0.586,-6.718,0.0559,0.572,0.0,0.847,0.577,173.919,242000,45,cantopop
0.418,0.345,-9.795,0.0354,0.767,0.0,0.176,0.215,172.006,235892,45,cantopop
0.616,0.235,-13.661,0.0297,0.666,6.84e-05,0.0894,0.151,80.1,274786,20,cantopop
0.507,0.32,-9.668,0.0319,0.868,0.0,0.176,0.352,85.464,162000,36,cantopop
0.617,0.553,-8.072,0.027,0.591,2.81e-05,0.237,0.206,111.92,276973,40,cantopop
0.432,0.367,-9.215,0.029,0.478,0.000123,0.188,0.28,137.016,250506,20,cantopop
0.796,0.587,-11.021,0.0303,0.49,8.37e-06,0.0977,0.837,122.233,232106,40,cantopop
0.548,0.491,-5.761,0.0236,0.596,0.0,0.144,0.417,82.071,228530,46,cantopop
0.38,0.595,-12.304,0.0361,0.0703,0.0,0.0718,0.571,147.092,164533,20,cantopop
0.523,0.346,-6.493,0.0313,0.805,0.0,0.118,0.343,132.112,257000,19,cantopop
0.482,0.409,-10.756,0.0345,0.693,0.0,0.103,0.332,147.819,221722,20,cantopop
0.639,0.365,-12.299,0.0495,0.722,7.64e-06,0.134,0.261,76.004,258426,20,cantopop
0.5,0.677,-7.879,0.0428,0.114,0.0,0.0971,0.552,148.017,210810,20,cantopop
0.505,0.338,-11.997,0.0272,0.674,1.07e-05,0.146,0.0986,109.73,282960,20,cantopop
0.695,0.634,-8.288,0.0297,0.53,0.0,0.0964,0.693,109.02,222440,20,cantopop
0.46,0.644,-8.347,0.0296,0.0535,0.0,0.0797,0.611,155.329,235746,21,cantopop
0.626,0.525,-8.471,0.0324,0.731,6.45e-06,0.0927,0.502,134.984,222490,20,cantopop
0.568,0.294,-8.516,0.0267,0.814,0.0,0.2,0.394,79.944,240226,20,cantopop
0.511,0.348,-10.044,0.0309,0.781,0.0,0.202,0.221,167.865,260146,19,cantopop
0.532,0.443,-9.69,0.0269,0.674,0.0,0.117,0.19,151.996,241062,48,cantopop
0.591,0.329,-10.682,0.0312,0.65,0.0,0.117,0.313,109.955,230613,20,cantopop
0.559,0.428,-6.681,0.033,0.736,0.0,0.0753,0.204,148.078,245000,20,cantopop
0.366,0.325,-13.955,0.0381,0.806,0.000251,0.123,0.314,173.789,232786,21,cantopop
0.556,0.56,-9.541,0.0307,0.212,0.0,0.097,0.278,135.886,279093,20,cantopop
0.451,0.642,-7.212,0.0441,0.599,0.0,0.142,0.413,133.764,225640,19,cantopop
0.638,0.931,-7.574,0.0368,0.00131,0.0312,0.356,0.555,120.069,264333,19,cantopop
0.718,0.953,-6.115,0.0449,0.021,0.000419,0.141,0.373,126.084,295653,20,cantopop
0.599,0.569,-8.473,0.031,0.27,0.000445,0.279,0.316,138.021,248373,37,cantopop
0.676,0.487,-10.862,0.0377,0.292,0.000104,0.193,0.288,136.009,251640,32,cantopop
0.534,0.339,-10.618,0.0279,0.904,3.89e-05,0.11,0.315,98.312,258706,26,cantopop
0.468,0.433,-8.039,0.0245,0.639,0.0,0.131,0.416,84.034,277507,48,cantopop
0.651,0.568,-11.72,0.0388,0.502,1.89e-06,0.0737,0.658,130.383,227000,41,cantopop
0.666,0.383,-12.421,0.0327,0.388,0.334,0.091,0.459,115.012,195523,29,cantopop
0.557,0.436,-8.569,0.0676,0.809,0.0,0.151,0.246,179.997,248551,40,cantopop
0.55,0.604,-6.22,0.0288,0.464,0.0,0.101,0.508,129.984,181666,50,cantopop
0.702,0.744,-6.705,0.0471,0.263,0.464,0.113,0.813,135.969,134805,26,cantopop
0.469,0.435,-9.943,0.0544,0.964,0.00286,0.118,0.265,69.551,58789,26,cantopop
0.734,0.893,-4.635,0.0346,0.334,0.0,0.0978,0.707,98.554,300000,42,cantopop
0.493,0.492,-8.053,0.0402,0.598,0.0,0.128,0.175,133.647,266427,39,cantopop
0.603,0.598,-7.071,0.0302,0.548,0.0,0.127,0.448,134.371,289560,19,cantopop
0.706,0.439,-8.72,0.0352,0.728,0.0,0.15,0.492,125.947,217720,32,cantopop
0.543,0.604,-4.789,0.0253,0.257,0.0,0.313,0.525,97.927,236333,21,cantopop
0.369,0.443,-7.324,0.0273,0.701,0.0,0.108,0.235,100.451,270000,48,cantopop
0.557,0.536,-7.661,0.0313,0.731,0.0,0.0858,0.391,128.865,254337,43,cantopop
0.276,0.325,-9.531,0.0326,0.88,0.0,0.106,0.398,72.807,157373,21,cantopop
0.534,0.535,-6.925,0.156,0.707,0.0,0.105,0.427,156.199,239478,47,cantopop
0.334,0.367,-10.719,0.0428,0.929,2.11e-06,0.114,0.344,172.116,253994,52,cantopop
0.202,0.228,-12.664,0.0324,0.611,5.91e-06,0.137,0.27,169.258,152320,20,cantopop
0.669,0.539,-10.252,0.0285,0.377,0.0558,0.0808,0.751,142.97,138045,30,cantopop
0.549,0.4,-8.61,0.031,0.86,0.0,0.0887,0.238,128.002,243386,45,cantopop
0.598,0.408,-11.177,0.0268,0.448,1.39e-06,0.148,0.271,132.225,264986,19,cantopop
0.366,0.247,-13.866,0.0355,0.814,2.13e-05,0.259,0.231,151.666,207600,21,cantopop
0.525,0.915,-7.994,0.0951,0.0631,0.0031,0.302,0.543,166.121,224266,20,cantopop
0.541,0.313,-13.729,0.0334,0.367,0.0,0.142,0.291,133.969,286080,19,cantopop
0.744,0.713,-6.178,0.0471,0.126,0.0,0.154,0.521,139.979,234360,49,cantopop
0.362,0.269,-10.169,0.0279,0.176,0.00157,0.062,0.292,79.183,164946,21,cantopop
0.525,0.954,-5.411,0.0968,0.0364,0.0,0.17,0.502,147.518,177480,19,cantopop
0.51,0.173,-14.5,0.038,0.887,0.0719,0.212,0.471,122.12,181893,19,cantopop
0.804,0.529,-8.57,0.0305,0.277,0.0,0.0916,0.723,106.908,280773,46,cantopop
0.54,0.407,-8.741,0.0295,0.476,0.0,0.094,0.614,127.995,223627,54,cantopop
0.451,0.436,-8.206,0.0242,0.413,1.28e-06,0.161,0.181,150.473,246320,19,cantopop
0.49,0.372,-9.061,0.028,0.644,1.15e-06,0.367,0.5,113.448,190453,21,cantopop
0.549,0.401,-11.742,0.0307,0.829,0.0,0.158,0.288,120.222,278000,19,cantopop
0.663,0.42,-7.465,0.0301,0.831,0.0,0.0822,0.427,129.786,228613,48,cantopop
0.321,0.35,-12.777,0.0308,0.395,0.0,0.287,0.181,160.122,225426,19,cantopop
0.433,0.429,-9.805,0.0332,0.592,4.94e-05,0.106,0.255,131.937,258626,19,cantopop
0.435,0.323,-9.711,0.0318,0.779,0.000274,0.241,0.106,77.386,297333,19,cantopop
0.582,0.373,-11.479,0.03,0.461,0.0,0.1,0.281,106.743,251480,19,cantopop
0.54,0.267,-11.638,0.0278,0.91,3.79e-05,0.0914,0.291,100.842,220000,19,cantopop
0.376,0.185,-10.475,0.0315,0.881,5.06e-06,0.152,0.214,71.753,283640,19,cantopop
0.562,0.547,-7.466,0.0276,0.308,0.000405,0.0768,0.415,76.79,325306,19,cantopop
0.563,0.522,-9.365,0.0379,0.706,0.0,0.227,0.535,142.59,235306,19,cantopop
0.629,0.707,-6.811,0.0321,0.126,0.0,0.101,0.507,134.54,233906,19,cantopop
0.431,0.212,-16.007,0.0313,0.742,2.32e-05,0.144,0.141,139.308,254466,19,cantopop
0.63,0.389,-12.298,0.0282,0.321,0.00222,0.216,0.503,108.981,158106,19,cantopop
0.442,0.726,-3.212,0.04,0.612,0.0,0.177,0.402,171.993,215213,19,cantopop
0.561,0.249,-15.58,0.0313,0.663,1.84e-05,0.551,0.266,77.904,283826,19,cantopop
0.521,0.23,-10.254,0.0322,0.921,0.0,0.132,0.472,125.398,222857,39,cantopop
0.566,0.622,-6.685,0.0293,0.292,0.0,0.105,0.397,145.025,329560,42,cantopop
0.49,0.482,-8.08,0.0289,0.705,1.28e-05,0.106,0.2,135.88,249133,38,cantopop
0.771,0.553,-7.362,0.0353,0.452,0.0,0.0895,0.549,120.03,209186,41,cantopop
0.423,0.607,-7.079,0.0382,0.0944,0.0,0.204,0.808,145.954,136294,30,cantopop
0.608,0.469,-7.964,0.0302,0.58,0.0,0.0757,0.719,142.958,133734,27,cantopop
0.6,0.794,-7.018,0.0439,0.0865,0.0,0.181,0.644,134.069,43899,29,cantopop
0.66,0.427,-11.012,0.0346,0.86,5.74e-06,0.131,0.339,124.505,237520,19,cantopop
0.51,0.294,-8.914,0.0336,0.828,0.0,0.0468,0.245,127.984,276240,19,cantopop
0.661,0.398,-7.923,0.0319,0.536,0.0,0.115,0.384,82.027,261426,42,cantopop
0.629,0.336,-8.417,0.0306,0.747,0.0,0.13,0.325,142.143,240826,45,cantopop
0.462,0.408,-10.38,0.0504,0.685,0.0,0.102,0.0909,144.04,199400,19,cantopop
0.604,0.728,-4.94,0.0291,0.0722,3.87e-05,0.0908,0.487,133.969,312626,40,cantopop
0.634,0.336,-11.958,0.0346,0.758,4.32e-06,0.096,0.0982,112.932,281640,45,cantopop
0.405,0.413,-9.66,0.0662,0.398,0.0,0.1,0.397,71.659,240955,48,cantopop
0.529,0.569,-8.216,0.0315,0.167,0.0,0.18,0.311,140.049,180427,19,cantopop
0.654,0.553,-5.532,0.0304,0.68,0.0,0.122,0.391,117.979,247546,45,cantopop
0.559,0.366,-9.208,0.0373,0.835,0.0,0.0689,0.259,111.651,268692,45,cantopop
0.636,0.58,-7.223,0.0264,0.59,0.0,0.0765,0.527,100.531,286266,42,cantopop
0.754,0.519,-9.808,0.0376,0.417,0.0,0.253,0.802,120.095,204120,20,cantopop
0.567,0.493,-7.34,0.0291,0.317,0.0,0.118,0.474,115.997,257741,20,cantopop
0.601,0.288,-18.953,0.0409,0.68,0.338,0.65,0.421,128.674,139285,26,cantopop
0.666,0.368,-10.931,0.0263,0.767,0.0,0.106,0.472,100.077,278800,19,cantopop
0.639,0.659,-5.356,0.0307,0.456,0.0,0.235,0.54,111.024,243000,46,cantopop
0.645,0.886,-5.21,0.102,0.164,0.0,0.0822,0.59,91.988,242000,52,cantopop
0.524,0.323,-13.178,0.0264,0.832,8.78e-06,0.107,0.225,73.083,242093,19,cantopop
0.313,0.275,-14.347,0.0363,0.663,0.0,0.282,0.399,169.878,183413,22,cantopop
0.777,0.937,-5.308,0.0751,0.0385,6.09e-06,0.0959,0.425,109.996,245200,19,cantopop
0.595,0.265,-10.291,0.0279,0.83,0.000127,0.103,0.304,105.811,243733,20,cantopop
0.553,0.351,-11.818,0.0348,0.613,0.0,0.0848,0.27,114.354,200240,20,cantopop
0.567,0.684,-5.336,0.0259,0.0713,0.0,0.359,0.247,141.396,301413,18,cantopop
0.596,0.505,-7.972,0.0427,0.375,0.000461,0.114,0.728,159.889,136033,25,cantopop
0.463,0.364,-8.638,0.0278,0.869,9.37e-06,0.143,0.201,143.892,282693,41,cantopop
0.605,0.644,-7.598,0.0335,0.00276,1.27e-05,0.124,0.382,123.799,199293,20,cantopop
0.377,0.272,-14.396,0.0442,0.768,7.57e-06,0.471,0.232,78.867,336253,37,cantopop
0.463,0.57,-6.339,0.0283,0.233,0.0,0.133,0.276,143.989,234177,55,cantopop
0.443,0.651,-5.397,0.219,0.335,0.0,0.0797,0.418,175.651,245933,19,cantopop
0.569,0.496,-5.91,0.0264,0.716,0.0,0.171,0.348,144.062,215213,20,cantopop
0.699,0.761,-4.409,0.0491,0.132,0.0,0.0851,0.648,106.97,232200,19,cantopop
0.847,0.41,-13.078,0.0496,0.0375,4.04e-06,0.0699,0.745,117.72,211866,19,cantopop
0.658,0.541,-10.202,0.04,0.613,0.000629,0.263,0.182,101.984,219302,42,cantopop
0.558,0.419,-11.51,0.0261,0.553,0.0,0.13,0.341,129.897,245133,19,cantopop
0.526,0.609,-7.527,0.0405,0.288,0.0,0.294,0.169,120.909,234053,19,cantopop
0.81,0.485,-10.718,0.0345,0.287,0.0,0.0925,0.658,125.977,264426,19,cantopop
0.672,0.45,-6.361,0.0322,0.588,0.0,0.107,0.4,115.886,176267,19,cantopop
0.72,0.906,-7.319,0.0928,0.00648,0.000121,0.347,0.669,130.001,259000,19,cantopop
0.545,0.606,-7.457,0.0279,0.149,0.0,0.156,0.257,151.732,174128,19,cantopop
0.521,0.363,-6.655,0.032,0.26,0.0,0.132,0.172,132.214,192678,19,cantopop
0.664,0.871,-4.198,0.0834,0.0137,0.0,0.469,0.502,135.12,194067,19,cantopop
0.745,0.402,-9.764,0.0282,0.605,0.0,0.175,0.485,102.931,201053,0,cantopop
0.615,0.21,-13.077,0.0481,0.906,0.0,0.124,0.265,131.569,316695,50,cantopop
0.72,0.492,-8.977,0.144,0.734,1.92e-06,0.137,0.377,143.038,221538,50,cantopop
0.605,0.327,-11.46,0.0453,0.771,0.106,0.146,0.324,122.957,111295,26,cantopop
0.348,0.497,-6.496,0.0328,0.783,0.0,0.0643,0.207,136.309,273466,41,cantopop
0.477,0.534,-7.493,0.029,0.65,0.0,0.176,0.186,162.182,242666,41,cantopop
0.459,0.367,-10.53,0.056,0.507,0.0,0.372,0.437,129.795,235116,28,cantopop
0.353,0.368,-10.892,0.0401,0.604,0.0114,0.0891,0.425,181.486,145281,29,cantopop
0.492,0.529,-7.545,0.0334,0.585,0.00114,0.13,0.35,127.855,240173,39,cantopop
0.356,0.365,-10.948,0.0406,0.708,8.26e-06,0.718,0.167,134.458,267560,35,cantopop
0.489,0.337,-12.972,0.112,0.301,0.0,0.13,0.276,179.599,249293,45,cantopop
0.62,0.219,-15.542,0.0358,0.829,0.0,0.0791,0.267,123.793,228910,44,cantopop
0.434,0.27,-10.16,0.0303,0.673,0.0,0.103,0.319,139.951,206920,42,cantopop
0.48,0.883,-4.555,0.061,0.0417,1.04e-06,0.288,0.573,163.319,233528,45,cantopop
0.635,0.179,-18.415,0.0416,0.91,0.0,0.379,0.566,121.874,253120,42,cantopop
0.299,0.464,-12.253,0.224,0.547,8.08e-06,0.969,0.68,80.306,287986,20,cantopop
0.711,0.803,-5.61,0.0321,0.198,0.0102,0.112,0.786,122.013,181669,27,cantopop
0.706,0.802,-4.984,0.0308,0.0196,0.0011,0.171,0.324,127.967,209000,45,cantopop
0.483,0.403,-7.274,0.0252,0.766,0.0,0.547,0.364,82.089,220160,19,cantopop
0.438,0.406,-14.046,0.0698,0.226,0.0157,0.669,0.297,73.85,242421,25,cantopop
0.432,0.54,-11.48,0.0381,0.233,0.00197,0.159,0.576,178.051,247066,21,cantopop
0.422,0.603,-8.537,0.0315,0.117,0.0,0.206,0.46,181.986,233413,18,cantopop
0.229,0.433,-6.772,0.0311,0.711,2.11e-05,0.277,0.16,144.062,228306,21,cantopop
0.481,0.369,-8.451,0.0317,0.712,0.0,0.108,0.219,103.986,288760,48,cantopop
0.663,0.549,-7.99,0.0255,0.657,0.0,0.146,0.504,95.832,303000,20,cantopop
0.586,0.33,-9.607,0.0389,0.933,8.66e-05,0.111,0.471,136.057,252000,42,cantopop
0.376,0.311,-11.594,0.058,0.72,0.0,0.176,0.329,135.145,236000,19,cantopop
0.629,0.598,-4.192,0.0305,0.526,0.0,0.135,0.443,78.009,212500,48,cantopop
0.462,0.534,-6.471,0.0327,0.722,0.0,0.114,0.328,135.967,248986,18,cantopop
0.549,0.389,-10.83,0.0269,0.841,1.44e-05,0.24,0.745,94.429,145093,21,cantopop
0.42,0.44,-8.514,0.0271,0.806,0.000142,0.103,0.121,102.95,152226,18,cantopop
0.754,0.376,-13.033,0.0351,0.849,0.000525,0.0905,0.419,128.469,310506,18,cantopop
0.467,0.349,-7.96,0.0339,0.572,0.0,0.204,0.343,140.212,306826,46,cantopop
0.566,0.554,-9.1,0.0297,0.48,0.0,0.165,0.25,124.164,185866,18,cantopop
0.804,0.576,-7.817,0.0643,0.321,0.0,0.0842,0.954,134.897,265853,37,cantopop
0.57,0.426,-9.14,0.0237,0.306,0.0,0.174,0.221,85.983,275400,19,cantopop
0.546,0.484,-7.481,0.0267,0.486,0.0,0.173,0.147,83.984,250000,47,cantopop
0.445,0.332,-12.83,0.0295,0.26,0.112,0.111,0.285,75.548,243506,19,cantopop
0.66,0.408,-10.386,0.0377,0.657,0.0244,0.486,0.527,124.95,141623,31,cantopop
0.618,0.741,-4.769,0.027,0.23,0.0,0.184,0.423,114.597,263226,18,cantopop
0.631,0.252,-16.033,0.0371,0.673,2.27e-05,0.0855,0.194,132.384,273106,19,cantopop
0.425,0.495,-5.821,0.0291,0.486,0.0,0.0866,0.272,177.991,241693,20,cantopop
0.817,0.43,-9.489,0.0567,0.562,0.00016,0.0521,0.472,113.369,229333,18,cantopop
0.565,0.626,-5.752,0.0267,0.0981,0.0,0.0826,0.365,125.071,256998,19,cantopop
0.469,0.563,-6.814,0.0249,0.23,0.0,0.216,0.398,78.039,297920,19,cantopop
0.706,0.385,-12.645,0.0309,0.559,0.00145,0.0801,0.208,80.06,246826,19,cantopop
0.694,0.569,-6.724,0.0244,0.131,1.67e-05,0.0888,0.661,103.997,255333,19,cantopop
0.655,0.596,-8.145,0.062,0.54,4.36e-06,0.0817,0.543,141.426,203109,19,cantopop
0.588,0.362,-9.272,0.0341,0.776,0.000149,0.582,0.572,140.855,263977,19,cantopop
0.73,0.756,-9.062,0.0457,0.0188,0.000137,0.181,0.642,134.703,212840,18,cantopop
0.43,0.438,-8.162,0.0287,0.636,0.00671,0.19,0.229,71.765,343898,19,cantopop
0.545,0.368,-10.107,0.0471,0.862,0.0,0.0815,0.227,127.398,228930,33,cantopop
0.447,0.382,-9.914,0.026,0.633,0.0,0.115,0.253,78.053,321400,49,cantopop
0.697,0.476,-10.539,0.035,0.81,0.0,0.283,0.235,129.998,313266,47,cantopop
0.55,0.373,-9.006,0.0306,0.822,0.000589,0.112,0.471,131.947,274545,32,cantopop
0.491,0.484,-7.888,0.0254,0.682,0.0,0.143,0.275,78.035,268846,45,cantopop
0.495,0.578,-5.2,0.0382,0.544,0.0,0.151,0.489,135.897,259308,56,cantopop
0.341,0.417,-6.99,0.0286,0.794,0.0,0.154,0.468,138.875,282182,54,cantopop
0.743,0.477,-7.833,0.0384,0.609,0.0,0.111,0.664,99.002,204772,49,cantopop
0.707,0.429,-7.716,0.0329,0.355,0.0,0.062,0.591,139.966,211029,19,cantopop
0.539,0.188,-12.494,0.0316,0.905,3.46e-06,0.118,0.241,136.441,213320,32,cantopop
0.545,0.689,-4.721,0.0351,0.386,0.0,0.0945,0.358,139.995,269254,41,cantopop
0.495,0.733,-4.863,0.0477,0.131,0.0,0.188,0.273,146.041,250289,48,cantopop
0.598,0.48,-8.073,0.0324,0.713,0.0,0.134,0.382,122.875,242646,59,cantopop
0.582,0.295,-12.902,0.0285,0.606,0.0,0.189,0.303,76.922,257546,41,cantopop
0.432,0.552,-6.245,0.0313,0.468,0.0,0.157,0.43,135.033,238972,55,cantopop
0.408,0.827,-3.356,0.0363,0.00736,0.0,0.226,0.295,130.256,256153,46,cantopop
0.462,0.554,-5.922,0.029,0.312,0.000447,0.105,0.48,158.057,348984,48,cantopop
0.528,0.24,-13.775,0.0304,0.843,3.12e-06,0.185,0.248,127.754,274000,19,cantopop
0.744,0.433,-13.714,0.0315,0.363,0.0,0.153,0.759,90.583,218120,21,cantopop
0.629,0.414,-13.757,0.0499,0.587,0.0,0.111,0.41,131.969,249266,34,cantopop
0.507,0.52,-7.115,0.0322,0.615,0.0,0.103,0.588,131.076,238193,41,cantopop
0.575,0.592,-3.949,0.0245,0.0437,0.0,0.507,0.565,104.43,138333,20,cantopop
0.65,0.464,-7.378,0.0263,0.764,0.0,0.135,0.757,84.995,177426,20,cantopop
0.648,0.291,-9.373,0.0348,0.642,0.0,0.0986,0.338,72.059,213333,20,cantopop
0.601,0.308,-16.537,0.0312,0.377,3.28e-05,0.179,0.394,106.064,268506,19,cantopop
0.636,0.493,-6.545,0.0244,0.57,0.0,0.132,0.4,104.005,271747,40,cantopop
0.502,0.245,-15.163,0.0275,0.277,0.000698,0.0947,0.152,140.185,241053,19,cantopop
0.557,0.432,-7.072,0.027,0.81,0.0,0.105,0.418,140.006,210141,45,cantopop
0.51,0.517,-9.258,0.064,0.359,0.0,0.243,0.624,172.028,226000,19,cantopop
0.614,0.487,-6.996,0.0281,0.252,0.0,0.157,0.256,90.063,253225,19,cantopop
0.513,0.504,-7.149,0.0355,0.405,0.0,0.0897,0.147,148.075,220712,44,cantopop
0.46,0.324,-15.704,0.0309,0.421,0.132,0.93,0.277,79.327,211853,20,cantopop
0.637,0.873,-6.117,0.126,0.0108,0.0,0.0432,0.705,97.987,179560,19,cantopop
0.614,0.359,-8.916,0.0325,0.863,0.0,0.115,0.381,136.037,234023,42,cantopop
0.656,0.282,-8.203,0.0327,0.936,0.0,0.097,0.429,163.896,187732,47,cantopop
0.587,0.308,-16.968,0.0288,0.41,0.000262,0.334,0.0959,126.048,288400,19,cantopop
0.452,0.448,-11.711,0.0321,0.31,0.0258,0.831,0.368,163.952,267840,20,cantopop
0.514,0.567,-8.727,0.0406,0.567,0.0,0.162,0.503,130.122,227666,20,cantopop
0.626,0.446,-7.522,0.0258,0.497,0.0,0.0919,0.314,112.518,209000,19,cantopop
0.488,0.702,-5.688,0.0434,0.118,0.0,0.195,0.305,145.962,250000,47,cantopop
0.194,0.381,-6.463,0.034,0.487,0.0,0.329,0.44,75.195,333440,20,cantopop
0.634,0.426,-5.653,0.0345,0.839,0.0,0.0912,0.282,81.935,256000,49,cantopop
0.61,0.422,-6.764,0.0262,0.52,0.0,0.0944,0.306,132.966,262200,46,cantopop
0.484,0.587,-6.941,0.0309,0.722,0.0,0.229,0.45,203.988,229080,19,cantopop
0.5,0.714,-5.064,0.0279,0.171,1.17e-06,0.162,0.304,136.073,204240,19,cantopop
0.546,0.474,-8.914,0.0292,0.343,0.0,0.102,0.28,139.031,226280,18,cantopop
0.545,0.353,-11.621,0.0244,0.355,0.0,0.123,0.295,79.334,206733,19,cantopop
0.613,0.526,-6.182,0.0279,0.274,0.0,0.223,0.426,128.11,207921,18,cantopop
0.443,0.462,-5.205,0.0329,0.662,0.0,0.111,0.239,120.999,272000,19,cantopop
0.668,0.625,-4.862,0.0415,0.683,0.0,0.116,0.327,133.856,226600,18,cantopop
0.631,0.304,-11.571,0.03,0.847,5.43e-06,0.279,0.328,165.996,250795,41,cantopop
0.515,0.427,-9.732,0.0277,0.777,6.09e-05,0.185,0.25,80.205,291600,42,cantopop
0.506,0.402,-13.586,0.124,0.971,0.244,0.795,0.623,123.403,79896,26,cantopop
0.607,0.301,-13.974,0.0313,0.79,9.92e-05,0.14,0.401,125.927,297466,41,cantopop
0.52,0.537,-8.317,0.203,0.783,0.0,0.0993,0.46,141.748,230437,45,cantopop
0.656,0.342,-8.319,0.0279,0.252,0.0,0.0721,0.368,91.996,257920,45,cantopop
0.569,0.526,-9.621,0.0375,0.563,0.0,0.156,0.348,140.029,231920,45,cantopop
0.217,0.539,-12.261,0.0402,0.0903,3.69e-05,0.0658,0.312,89.129,351506,42,cantopop
0.313,0.28,-14.236,0.0362,0.948,0.00595,0.0605,0.254,153.02,206722,48,cantopop
0.506,0.752,-6.006,0.0393,0.656,0.0,0.719,0.399,86.659,193000,20,cantopop
0.353,0.579,-10.482,0.039,0.0704,0.36,0.112,0.713,160.467,201560,26,cantopop
0.46,0.372,-8.851,0.0456,0.834,0.0,0.135,0.595,203.94,229880,41,cantopop
0.676,0.552,-7.934,0.0492,0.425,0.0,0.0786,0.782,139.97,272500,37,cantopop
0.554,0.486,-7.034,0.0319,0.794,0.0,0.118,0.231,140.005,267343,45,cantopop
0.424,0.873,-6.889,0.0537,0.163,1.37e-06,0.128,0.445,111.955,117512,28,cantopop
0.537,0.388,-12.162,0.0306,0.0544,0.000283,0.101,0.178,110.499,110329,29,cantopop
0.722,0.548,-9.077,0.0291,0.582,0.0,0.214,0.417,106.961,240600,18,cantopop
0.282,0.879,-4.13,0.0538,0.00238,0.0,0.216,0.533,110.194,287039,39,cantopop
0.431,0.442,-6.285,0.0272,0.9,0.0,0.114,0.299,79.932,215693,20,cantopop
0.335,0.269,-14.188,0.0503,0.566,4.87e-06,0.262,0.135,72.589,243546,19,cantopop
0.556,0.345,-11.066,0.0271,0.701,0.00326,0.0822,0.518,104.087,123506,20,cantopop
0.543,0.48,-12.56,0.0289,0.0825,0.105,0.302,0.38,142.06,183093,37,cantopop
0.59,0.402,-13.033,0.0241,0.514,0.00176,0.332,0.243,82.844,249666,44,cantopop
0.646,0.446,-12.604,0.0295,0.726,0.0,0.387,0.354,127.552,263000,19,cantopop
0.382,0.437,-10.726,0.0261,0.169,1.09e-06,0.113,0.461,168.498,304786,18,cantopop
0.614,0.371,-12.176,0.0438,0.265,0.0,0.421,0.589,119.85,189866,19,cantopop
0.447,0.375,-13.111,0.0272,0.717,0.00461,0.102,0.229,180.151,233333,18,cantopop
0.305,0.517,-6.474,0.0354,0.106,0.0,0.0614,0.201,179.638,344026,46,cantopop
0.439,0.446,-8.113,0.0319,0.681,0.0,0.209,0.3,142.837,319720,44,cantopop
0.535,0.507,-6.544,0.0321,0.649,0.0,0.265,0.279,136.031,240000,18,cantopop
0.579,0.376,-11.764,0.0269,0.624,3.42e-05,0.146,0.143,75.616,259000,18,cantopop
0.517,0.427,-8.322,0.0307,0.682,0.0,0.163,0.34,139.925,271800,42,cantopop
0.494,0.536,-6.408,0.0457,0.704,0.0,0.354,0.369,176.818,218314,18,cantopop
0.661,0.675,-9.212,0.0297,0.0944,0.387,0.256,0.554,124.341,252333,40,cantopop
0.554,0.379,-12.365,0.0296,0.21,0.0,0.213,0.33,80.18,293213,18,cantopop
0.699,0.855,-4.672,0.0615,0.0192,5.43e-06,0.281,0.605,105.981,248133,18,cantopop
0.68,0.312,-10.804,0.0294,0.816,0.0,0.082,0.298,111.219,225266,18,cantopop
0.68,0.666,-9.454,0.0325,0.269,0.0,0.0866,0.959,155.995,191893,18,cantopop
0.569,0.264,-13.198,0.0312,0.776,0.0,0.165,0.31,112.866,216893,18,cantopop
0.222,0.164,-13.737,0.0305,0.56,0.000288,0.119,0.128,92.493,156506,21,cantopop
0.501,0.418,-11.53,0.0282,0.616,0.0,0.0959,0.232,144.605,283946,18,cantopop
0.592,0.37,-9.794,0.0334,0.728,0.0,0.113,0.362,143.982,294053,18,cantopop
0.373,0.277,-12.782,0.0282,0.655,8.29e-06,0.0599,0.228,75.738,234226,19,cantopop
0.307,0.314,-13.354,0.0289,0.722,0.00037,0.354,0.153,161.502,233666,18,cantopop
0.405,0.459,-9.123,0.0734,0.74,5.02e-05,0.257,0.371,72.98,229641,18,cantopop
0.37,0.466,-9.927,0.0437,0.691,0.0,0.229,0.198,148.149,256773,19,cantopop
0.305,0.129,-16.701,0.0319,0.916,0.000452,0.0858,0.394,160.66,196912,45,cantopop
0.408,0.559,-6.007,0.0376,0.513,0.0,0.32,0.249,146.33,267120,18,cantopop
0.574,0.234,-14.306,0.0266,0.618,5.04e-05,0.292,0.229,79.461,203800,18,cantopop
0.497,0.359,-14.729,0.0366,0.755,0.00264,0.0876,0.266,140.29,272826,18,cantopop
0.751,0.727,-9.789,0.0304,0.0442,0.0338,0.1,0.28,119.982,256000,76,chicago-house
0.72,0.741,-6.529,0.0287,0.101,1.41e-05,0.289,0.357,119.896,198053,78,chicago-house
0.879,0.95,-6.375,0.0746,0.000161,0.806,0.0714,0.615,126.903,367786,58,chicago-house
0.791,0.801,-6.344,0.07,0.00531,0.189,0.509,0.609,124.985,196109,62,chicago-house
0.767,0.686,-10.476,0.0461,0.0681,0.91,0.111,0.565,114.07,430576,47,chicago-house
0.77,0.767,-6.978,0.0335,0.00737,0.000894,0.0716,0.486,119.995,271986,49,chicago-house
0.7,0.725,-11.433,0.0492,0.0439,0.851,0.125,0.129,116.824,403706,52,chicago-house
0.878,0.737,-7.979,0.0817,0.000271,0.445,0.11,0.235,123.993,327138,50,chicago-house
0.779,0.519,-6.274,0.042,0.232,0.00539,0.123,0.731,125.993,441904,31,chicago-house
0.726,0.855,-7.386,0.0418,0.00858,0.72,0.163,0.566,128.01,232500,27,chicago-house
0.718,0.93,-4.532,0.038,0.0026,0.0176,0.0363,0.697,128.736,331706,55,chicago-house
0.868,0.492,-8.237,0.0545,0.00084,0.754,0.112,0.519,126.003,320952,27,chicago-house
0.829,0.332,-13.837,0.047,0.0125,0.294,0.0918,0.448,128.627,443849,52,chicago-house
0.938,0.424,-10.299,0.059,0.146,0.00209,0.262,0.652,110.783,368200,45,chicago-house
0.665,0.773,-6.237,0.0348,9.29e-05,0.0319,0.44,0.478,124.983,439920,19,chicago-house
0.815,0.88,-8.342,0.0408,9.71e-05,0.94,0.0659,0.59,124.316,271831,19,chicago-house
0.927,0.809,-6.266,0.0802,0.000378,0.0158,0.068,0.501,117.531,729147,19,chicago-house
0.692,0.628,-11.246,0.0325,0.0314,1.37e-06,0.0672,0.788,113.036,398349,22,chicago-house
0.866,0.574,-7.836,0.0649,0.00108,0.443,0.0406,0.602,127.951,155653,22,chicago-house
0.668,0.718,-9.677,0.0308,0.0354,0.334,0.19,0.334,125.001,468504,19,chicago-house
0.788,0.654,-8.837,0.0711,0.0306,0.864,0.0957,0.388,117.027,367381,19,chicago-house
0.821,0.833,-6.701,0.0343,0.000887,0.637,0.0603,0.948,124.439,308225,23,chicago-house
0.887,0.651,-7.895,0.0421,0.027,0.105,0.0503,0.652,123.004,384219,24,chicago-house
0.819,0.593,-6.907,0.218,0.00336,0.0339,0.0658,0.591,124.076,272827,19,chicago-house
0.633,0.73,-8.963,0.0363,0.0735,4.32e-06,0.849,0.687,120.0,314075,19,chicago-house
0.78,0.783,-8.207,0.103,0.000163,0.277,0.236,0.577,124.454,268064,24,chicago-house
0.717,0.842,-5.142,0.0914,0.05,1.22e-05,0.0763,0.896,119.882,243375,23,chicago-house
0.854,0.719,-9.336,0.0654,0.000695,0.315,0.428,0.484,128.049,249253,21,chicago-house
0.708,0.91,-3.349,0.047,0.176,0.0431,0.0727,0.697,124.982,243173,21,chicago-house
0.538,0.867,-6.574,0.0328,7.48e-05,0.924,0.301,0.299,129.804,365986,21,chicago-house
0.717,0.532,-14.355,0.056,0.00226,0.92,0.0415,0.764,122.99,372715,23,chicago-house
0.765,0.611,-11.79,0.0359,9.62e-05,0.00806,0.0788,0.542,121.813,537760,19,chicago-house
0.812,0.821,-7.701,0.0354,0.000703,0.0214,0.0898,0.968,128.995,202973,19,chicago-house
0.592,0.785,-10.648,0.0391,2.35e-05,0.879,0.357,0.451,117.748,295334,19,chicago-house
0.759,0.853,-4.632,0.0988,0.00208,0.806,0.0659,0.146,127.996,202968,18,chicago-house
0.905,0.567,-12.667,0.114,0.00283,6.56e-05,0.321,0.507,118.759,255200,20,chicago-house
0.787,0.534,-13.603,0.0685,0.0318,0.592,0.0928,0.827,118.01,505850,19,chicago-house
0.762,0.688,-4.764,0.0423,0.00139,0.79,0.288,0.811,124.972,257611,0,chicago-house
0.85,0.608,-10.493,0.0537,0.00296,0.848,0.135,0.651,125.192,496083,18,chicago-house
0.979,0.517,-7.448,0.303,0.000372,0.754,0.0354,0.492,123.995,423344,0,chicago-house
0.798,0.768,-6.722,0.127,0.0302,8.19e-06,0.214,0.595,123.864,568293,19,chicago-house
0.748,0.892,-8.088,0.044,0.00508,0.0617,0.326,0.739,124.999,535680,19,chicago-house
0.845,0.881,-5.856,0.112,0.00814,5.1e-05,0.0631,0.709,119.998,503998,23,chicago-house
0.759,0.776,-10.396,0.0412,0.125,0.764,0.0885,0.902,129.695,442375,21,chicago-house
0.803,0.656,-11.226,0.0735,0.0101,0.749,0.0307,0.456,124.008,407999,0,chicago-house
0.892,0.682,-6.243,0.0443,0.0355,0.142,0.0684,0.713,123.027,356160,21,chicago-house
0.879,0.576,-10.273,0.0519,0.002,0.0292,0.0793,0.527,127.979,375988,0,chicago-house
0.648,0.827,-5.823,0.0863,0.00533,0.00474,0.133,0.17,124.983,318592,1,chicago-house
0.756,0.536,-13.248,0.0891,0.0529,0.000465,0.105,0.846,120.189,550426,22,chicago-house
0.871,0.905,-6.757,0.259,0.132,0.000101,0.557,0.82,123.029,183918,19,chicago-house
0.723,0.705,-5.358,0.0367,0.00191,0.11,0.611,0.273,123.989,195483,31,chicago-house
0.803,0.781,-7.419,0.0461,0.0312,0.114,0.0793,0.462,123.995,298053,43,chicago-house
0.845,0.327,-10.622,0.0541,0.0583,0.814,0.119,0.19,125.994,426689,17,chicago-house
0.686,0.875,-3.705,0.0784,0.0327,0.000118,0.279,0.499,125.001,193024,35,chicago-house
0.897,0.32,-13.873,0.0539,0.113,0.0841,0.107,0.672,110.019,375880,44,chicago-house
0.802,0.655,-10.024,0.106,0.000134,0.924,0.0653,0.388,129.01,426046,15,chicago-house
0.682,0.935,-6.861,0.0627,0.00533,0.672,0.241,0.302,112.059,305825,17,chicago-house
0.868,0.763,-7.448,0.0355,0.0124,0.00516,0.0729,0.972,125.007,245626,16,chicago-house
0.732,0.874,-6.43,0.0335,0.0692,0.00142,0.143,0.705,123.757,320757,18,chicago-house
0.905,0.676,-4.349,0.0518,0.219,0.0774,0.116,0.776,115.976,325386,48,chicago-house
0.779,0.543,-9.494,0.0369,0.00479,0.737,0.106,0.269,107.999,445197,17,chicago-house
0.831,0.597,-6.853,0.0519,0.0553,0.759,0.154,0.545,123.006,469268,16,chicago-house
0.678,0.937,-5.56,0.0432,0.187,0.000159,0.13,0.96,120.002,247000,17,chicago-house
0.824,0.675,-4.073,0.0613,0.00155,0.655,0.0948,0.244,124.007,389032,17,chicago-house
0.737,0.861,-10.187,0.0329,0.00371,2.66e-05,0.0272,0.956,119.992,304640,16,chicago-house
0.867,0.524,-13.069,0.201,0.0829,0.841,0.1,0.261,123.708,551360,16,chicago-house
0.641,0.732,-9.107,0.0284,0.00598,0.000123,0.0385,0.272,125.007,261106,15,chicago-house
0.681,0.937,-5.15,0.0426,0.101,0.679,0.0798,0.908,117.027,267517,15,chicago-house
0.671,0.672,-11.217,0.0424,0.0221,0.662,0.33,0.352,120.5,472084,16,chicago-house
0.735,0.518,-14.334,0.0702,0.223,0.858,0.111,0.164,109.002,373761,18,chicago-house
0.71,0.879,-6.655,0.0458,0.0117,0.904,0.0826,0.859,124.972,191695,16,chicago-house
0.647,0.515,-12.648,0.0335,0.0424,0.295,0.229,0.254,115.12,302905,16,chicago-house
0.665,0.723,-12.277,0.0368,0.0259,0.00469,0.0799,0.74,121.473,332866,16,chicago-house
0.639,0.843,-5.857,0.0522,3.92e-05,0.0258,0.0519,0.584,124.001,408518,16,chicago-house
0.782,0.924,-6.102,0.0371,0.212,0.88,0.157,0.883,127.984,152826,18,chicago-house
0.742,0.488,-9.349,0.0256,0.0473,0.0376,0.139,0.248,123.98,267312,17,chicago-house
0.579,0.768,-7.608,0.0275,0.229,0.321,0.339,0.731,110.018,240000,18,chicago-house
0.808,0.388,-15.766,0.046,0.00366,0.00162,0.075,0.602,123.167,417640,18,chicago-house
0.713,0.745,-8.683,0.0385,0.000159,0.873,0.155,0.854,124.984,286126,17,chicago-house
0.767,0.807,-8.786,0.0496,0.00128,0.393,0.0889,0.444,125.915,430946,16,chicago-house
0.754,0.96,-9.502,0.0706,0.00028,0.842,0.123,0.582,123.253,275240,18,chicago-house
0.824,0.601,-7.681,0.0628,0.000353,0.019,0.0382,0.325,124.004,470342,16,chicago-house
0.819,0.7,-6.008,0.0958,0.00146,0.0198,0.0758,0.591,123.97,291747,16,chicago-house
0.867,0.391,-12.229,0.079,0.00926,0.351,0.0685,0.591,125.996,512640,17,chicago-house
0.741,0.89,-6.814,0.0586,0.00192,0.00442,0.111,0.386,126.665,301586,16,chicago-house
0.846,0.903,-7.245,0.0418,0.00141,0.788,0.0786,0.925,126.005,244133,17,chicago-house
0.744,0.403,-18.022,0.0522,0.000462,0.0979,0.364,0.79,122.935,299413,16,chicago-house
0.825,0.46,-8.577,0.105,0.0373,0.39,0.588,0.519,124.006,254933,16,chicago-house
0.71,0.616,-16.306,0.11,0.0344,0.226,0.0935,0.401,120.391,417706,18,chicago-house
0.892,0.682,-6.243,0.0443,0.0355,0.142,0.0684,0.713,123.027,356160,18,chicago-house
0.698,0.777,-10.16,0.0425,0.0174,0.914,0.185,0.869,117.525,348794,17,chicago-house
0.775,0.737,-16.082,0.0636,0.0147,0.0236,0.0967,0.855,118.733,305333,17,chicago-house
0.894,0.722,-4.72,0.044,0.0341,0.117,0.0796,0.696,123.017,356053,18,chicago-house
0.664,0.855,-10.03,0.0482,0.00965,0.000173,0.137,0.924,122.125,237988,17,chicago-house
0.606,0.742,-11.04,0.0334,1.27e-05,0.913,0.0458,0.301,132.104,241053,16,chicago-house
0.804,0.814,-9.391,0.0575,0.00489,0.573,0.108,0.324,123.999,205000,18,chicago-house
0.802,0.584,-9.583,0.102,0.00866,0.308,0.0822,0.76,127.01,367026,16,chicago-house
0.848,0.595,-7.728,0.284,0.000599,0.741,0.0604,0.916,163.072,155960,18,chicago-house
0.737,0.802,-9.526,0.0599,0.000591,0.868,0.0288,0.665,123.619,399266,17,chicago-house
0.766,0.722,-5.652,0.0505,0.00106,0.49,0.0865,0.709,124.978,349456,16,chicago-house
0.877,0.933,-7.142,0.0788,0.000121,0.771,0.129,0.702,126.906,192186,19,chicago-house
0.909,0.513,-6.997,0.0432,0.147,0.0204,0.15,0.746,110.015,368746,43,chicago-house
0.707,0.763,-5.329,0.0459,0.00367,0.461,0.151,0.694,129.992,394352,35,chicago-house
0.837,0.934,-3.575,0.0876,0.0116,0.627,0.38,0.847,124.044,227265,45,chicago-house
0.757,0.723,-7.632,0.034,0.0407,1.67e-06,0.111,0.594,100.039,216000,31,chicago-house
0.782,0.742,-9.627,0.0665,0.0753,0.0,0.0965,0.587,120.594,310893,15,chicago-house
0.874,0.776,-8.549,0.0526,2.11e-05,0.177,0.0786,0.955,123.544,422873,15,chicago-house
0.845,0.327,-10.622,0.054,0.0568,0.816,0.119,0.191,125.994,426689,15,chicago-house
0.815,0.872,-7.308,0.0484,0.0754,0.876,0.122,0.494,119.002,349260,14,chicago-house
0.784,0.983,-10.336,0.068,0.00831,0.923,0.0945,0.6,118.559,745053,15,chicago-house
0.865,0.683,-7.708,0.0556,0.00156,0.179,0.0214,0.469,124.0,227818,14,chicago-house
0.71,0.839,-6.57,0.072,0.00465,1.67e-06,0.324,0.604,124.007,164507,15,chicago-house
0.647,0.44,-15.182,0.0379,0.0175,0.0364,0.103,0.644,118.035,281253,15,chicago-house
0.807,0.839,-10.969,0.0512,0.000367,0.836,0.276,0.62,124.01,317419,15,chicago-house
0.926,0.708,-9.785,0.0429,0.0016,0.0106,0.0497,0.956,128.08,233871,14,chicago-house
0.721,0.866,-7.162,0.0447,0.000283,0.829,0.143,0.742,128.004,228501,14,chicago-house
0.769,0.64,-12.873,0.0566,0.00229,0.766,0.059,0.81,122.011,424506,16,chicago-house
0.701,0.79,-10.226,0.0369,0.0101,0.000237,0.142,0.851,120.506,284560,15,chicago-house
0.564,0.942,-6.235,0.0393,0.00282,0.823,0.108,0.508,120.662,438054,16,chicago-house
0.534,0.683,-12.996,0.0358,0.00915,0.894,0.0966,0.627,120.028,317133,15,chicago-house
0.717,0.494,-16.715,0.0585,0.338,0.386,0.641,0.732,120.261,408373,14,chicago-house
0.826,0.694,-5.44,0.0469,0.0028,0.122,0.0512,0.76,124.999,402140,29,chicago-house
0.665,0.902,-6.319,0.0429,0.049,0.000684,0.107,0.517,116.792,333860,15,chicago-house
0.776,0.79,-12.669,0.0913,0.531,0.767,0.278,0.735,127.485,254412,15,chicago-house
0.781,0.916,-7.038,0.196,0.068,0.845,0.0777,0.548,129.034,306624,15,chicago-house
0.827,0.842,-9.589,0.106,0.16,0.000204,0.0731,0.816,130.797,295291,15,chicago-house
0.757,0.911,-7.439,0.0447,0.000328,0.332,0.105,0.744,126.0,459133,15,chicago-house
0.83,0.358,-16.314,0.0921,0.00167,0.274,0.0695,0.303,121.899,381520,15,chicago-house
0.764,0.6,-11.107,0.0369,0.000163,2.09e-05,0.0961,0.6,121.723,236253,15,chicago-house
0.816,0.605,-8.47,0.133,0.00143,0.356,0.0574,0.587,123.99,387654,15,chicago-house
0.673,0.874,-5.315,0.129,0.0721,4.55e-06,0.127,0.723,115.47,386053,15,chicago-house
0.787,0.737,-4.295,0.0829,0.00203,3.58e-05,0.0836,0.82,118.416,330652,14,chicago-house
0.842,0.823,-7.551,0.121,0.000724,0.0244,0.0478,0.531,124.022,447096,15,chicago-house
0.908,0.821,-4.273,0.0413,0.00279,0.19,0.104,0.701,123.99,828693,15,chicago-house
0.846,0.448,-13.209,0.0575,0.0138,0.837,0.0746,0.467,127.979,417165,14,chicago-house
0.749,0.877,-12.093,0.0424,0.000181,0.797,0.153,0.735,122.831,260372,15,chicago-house
0.764,0.553,-11.597,0.0444,0.0205,0.901,0.0809,0.264,104.292,347106,15,chicago-house
0.718,0.915,-3.639,0.0465,0.048,4.31e-05,0.128,0.365,116.928,305119,15,chicago-house
0.705,0.869,-7.311,0.0407,0.000331,0.756,0.317,0.663,126.022,561742,15,chicago-house
0.726,0.849,-7.555,0.0384,0.00051,0.295,0.244,0.681,130.241,296258,16,chicago-house
0.646,0.729,-9.117,0.028,0.00674,0.000146,0.0365,0.245,124.983,261100,16,chicago-house
0.67,0.679,-5.989,0.267,0.0119,0.0538,0.0856,0.43,129.983,379520,15,chicago-house
0.688,0.719,-7.746,0.0413,0.000325,0.855,0.066,0.674,119.93,419360,14,chicago-house
0.727,0.938,-13.92,0.0532,0.000723,0.259,0.099,0.933,121.554,253933,15,chicago-house
0.823,0.518,-14.343,0.0489,0.00278,0.000147,0.099,0.588,116.645,265066,16,chicago-house
0.98,0.454,-7.141,0.0637,0.0312,0.00174,0.0835,0.285,130.027,208626,13,chicago-house
0.606,0.486,-10.198,0.027,0.0318,0.0401,0.0916,0.484,138.005,234853,15,chicago-house
0.571,0.797,-7.258,0.0446,0.139,0.713,0.258,0.71,170.012,271059,15,chicago-house
0.933,0.515,-5.488,0.176,0.00386,0.38,0.113,0.903,127.011,378920,13,chicago-house
0.59,0.797,-6.978,0.0598,3.76e-05,0.812,0.104,0.35,123.805,403550,15,chicago-house
0.66,0.898,-5.85,0.0392,0.000745,0.224,0.118,0.812,123.014,250594,23,chicago-house
0.771,0.618,-9.995,0.0521,0.00783,0.916,0.103,0.0765,124.992,556908,32,chicago-house
0.687,0.505,-12.141,0.0494,0.0959,0.9,0.0888,0.677,114.775,340813,43,chicago-house
0.745,0.76,-6.717,0.0416,0.000509,0.358,0.357,0.333,119.995,456125,13,chicago-house
0.81,0.924,-12.636,0.0636,5.62e-05,0.876,0.108,0.872,118.849,324506,13,chicago-house
0.851,0.86,-7.832,0.0772,4.12e-06,0.957,0.0704,0.675,132.858,321775,14,chicago-house
0.816,0.747,-8.058,0.348,0.000323,0.231,0.136,0.389,120.976,280653,45,chicago-house
0.694,0.817,-4.754,0.0358,0.000352,0.0,0.0848,0.803,121.987,151967,14,chicago-house
0.678,0.937,-5.56,0.0432,0.187,0.000159,0.13,0.96,120.002,247000,14,chicago-house
0.916,0.397,-11.782,0.0941,0.00199,0.00243,0.0489,0.707,124.054,313626,13,chicago-house
0.81,0.545,-12.579,0.0477,0.11,0.00318,0.246,0.726,95.31,261266,14,chicago-house
0.913,0.18,-10.984,0.416,0.00187,6.24e-06,0.211,0.703,121.102,314688,13,chicago-house
0.703,0.662,-12.14,0.0351,0.00225,0.938,0.155,0.606,127.987,210000,13,chicago-house
0.748,0.814,-8.906,0.0491,0.00205,0.00373,0.0207,0.499,121.997,473920,13,chicago-house
0.735,0.729,-10.908,0.0519,9.59e-05,0.879,0.0761,0.284,126.013,351085,13,chicago-house
0.886,0.415,-9.776,0.475,0.0077,2.08e-06,0.109,0.743,121.045,263401,14,chicago-house
0.699,0.524,-12.183,0.0573,0.0622,0.845,0.0656,0.661,109.984,368352,14,chicago-house
0.818,0.675,-9.087,0.0687,0.000512,0.804,0.091,0.845,123.687,394028,14,chicago-house
0.976,0.98,-2.028,0.138,8.27e-05,0.000309,0.206,0.578,122.514,268051,12,chicago-house
0.803,0.712,-4.57,0.044,0.00172,2.44e-05,0.0629,0.509,116.016,217702,14,chicago-house
0.802,0.584,-9.583,0.102,0.00866,0.308,0.0822,0.76,127.01,367026,14,chicago-house
0.761,0.603,-15.039,0.102,0.00072,0.924,0.0883,0.345,120.831,299293,14,chicago-house
0.907,0.806,-7.072,0.0807,0.00211,8.46e-06,0.0882,0.506,117.514,199472,14,chicago-house
0.722,0.844,-8.814,0.0484,0.00011,0.782,0.0517,0.901,123.998,286448,13,chicago-house
0.763,0.983,-6.796,0.111,0.00204,0.00104,0.893,0.64,125.142,333628,14,chicago-house
0.719,0.912,-10.902,0.0448,0.000402,0.652,0.0938,0.542,119.596,220866,14,chicago-house
0.85,0.671,-9.308,0.0422,0.00215,0.0225,0.0396,0.4,126.09,454733,14,chicago-house
0.798,0.868,-6.933,0.0573,0.000216,0.829,0.177,0.906,126.031,197142,14,chicago-house
0.554,0.767,-11.766,0.104,0.0115,0.846,0.127,0.48,122.386,386229,13,chicago-house
0.668,0.91,-8.417,0.0384,1.1e-05,0.915,0.337,0.903,123.45,302950,13,chicago-house
0.672,0.559,-12.426,0.0349,0.0462,0.000466,0.102,0.512,109.99,340613,13,chicago-house
0.781,0.411,-17.694,0.0761,0.112,0.881,0.0918,0.735,119.974,421120,14,chicago-house
0.805,0.556,-11.594,0.107,0.000744,0.579,0.114,0.512,123.157,368482,14,chicago-house
0.707,0.911,-7.54,0.0497,0.0391,0.784,0.127,0.642,122.658,379600,14,chicago-house
0.815,0.337,-13.557,0.0431,0.154,0.397,0.0991,0.677,117.897,315935,14,chicago-house
0.781,0.894,-4.909,0.0929,0.00895,0.865,0.0258,0.854,117.4,248306,14,chicago-house
0.781,0.905,-6.901,0.104,0.00149,2.86e-05,0.128,0.647,123.602,285820,13,chicago-house
0.827,0.61,-7.693,0.0629,0.000332,0.0235,0.0377,0.338,123.996,470322,14,chicago-house
0.782,0.805,-7.883,0.0666,0.00654,0.0172,0.0531,0.595,124.984,369677,14,chicago-house
0.624,0.888,-8.475,0.0358,0.114,0.867,0.123,0.673,127.972,180280,14,chicago-house
0.764,0.936,-6.751,0.0432,0.000171,0.355,0.0644,0.948,122.006,211026,14,chicago-house
0.583,0.814,-5.864,0.0313,0.0206,0.927,0.262,0.904,123.043,323492,13,chicago-house
0.665,0.762,-7.161,0.0382,0.00166,0.000277,0.0525,0.642,120.915,391371,14,chicago-house
0.763,0.736,-11.274,0.0346,0.00164,0.00379,0.309,0.729,125.989,512559,12,chicago-house
0.714,0.799,-8.319,0.048,0.00108,0.00174,0.371,0.798,123.064,292160,14,chicago-house
0.846,0.744,-9.26,0.0611,0.00371,0.335,0.313,0.532,125.434,4334721,12,chicago-house
0.948,0.411,-7.538,0.0507,0.001,0.00451,0.0584,0.205,123.992,407591,14,chicago-house
0.783,0.743,-16.158,0.0662,0.000541,0.967,0.0768,0.781,125.652,299533,14,chicago-house
0.788,0.85,-6.502,0.0538,0.000296,0.000983,0.14,0.567,123.385,346341,12,chicago-house
0.796,0.855,-5.21,0.0603,0.0088,0.625,0.0826,0.24,128.003,363933,14,chicago-house
0.76,0.772,-4.872,0.0935,0.0294,0.0124,0.361,0.674,121.996,393413,21,chicago-house
0.918,0.433,-8.648,0.0749,0.00578,0.0532,0.076,0.649,127.274,647537,29,chicago-house
0.71,0.616,-16.306,0.116,0.0344,0.225,0.0936,0.398,120.385,417706,45,chicago-house
0.669,0.874,-6.072,0.0562,0.00301,0.926,0.128,0.497,122.303,324640,13,chicago-house
0.75,0.765,-7.163,0.227,0.000863,0.0158,0.829,0.492,124.953,209801,12,chicago-house
0.803,0.768,-5.521,0.0471,0.00856,0.706,0.045,0.495,126.024,262857,11,chicago-house
0.545,0.691,-14.343,0.0309,0.247,0.828,0.107,0.103,99.953,424294,13,chicago-house
0.748,0.676,-9.932,0.055,2.75e-05,0.785,0.0566,0.627,121.364,296906,13,chicago-house
0.833,0.856,-9.705,0.045,0.0052,0.553,0.0284,0.867,124.998,373173,13,chicago-house
0.812,0.949,-6.319,0.0743,0.00135,0.944,0.0471,0.66,126.248,453740,13,chicago-house
0.775,0.854,-8.555,0.0919,0.0677,0.936,0.0824,0.677,142.077,286813,13,chicago-house
0.809,0.598,-12.206,0.0952,0.00458,0.905,0.311,0.401,124.899,508400,12,chicago-house
0.85,0.832,-9.934,0.0835,0.00949,0.863,0.0991,0.37,127.998,280133,13,chicago-house
0.804,0.653,-9.913,0.0589,0.0102,0.312,0.373,0.779,132.645,512320,12,chicago-house
0.74,0.712,-7.957,0.0603,0.00092,0.77,0.095,0.675,123.503,416239,11,chicago-house
0.685,0.819,-5.655,0.143,0.00464,0.0929,0.301,0.671,124.034,347908,12,chicago-house
0.588,0.601,-10.682,0.0978,0.117,0.832,0.14,0.504,194.03,376457,13,chicago-house
0.973,0.895,-8.268,0.411,0.000711,0.268,0.119,0.38,132.011,294999,13,chicago-house
0.669,0.811,-6.486,0.0545,0.0116,0.673,0.0541,0.944,123.011,579546,13,chicago-house
0.694,0.647,-11.887,0.0329,0.424,0.526,0.113,0.578,120.021,306800,13,chicago-house
0.7,0.825,-8.691,0.0352,0.00609,0.712,0.58,0.639,119.979,428140,12,chicago-house
0.688,0.609,-9.415,0.0379,0.516,0.00212,0.284,0.658,97.104,321346,12,chicago-house
0.778,0.714,-9.542,0.0546,5.88e-05,0.924,0.0625,0.7,124.411,247032,11,chicago-house
0.71,0.904,-4.815,0.0507,0.00181,0.0232,0.0739,0.944,127.012,182042,13,chicago-house
0.703,0.821,-14.908,0.0464,0.054,0.918,0.0947,0.912,124.985,461560,12,chicago-house
0.81,0.95,-5.415,0.0733,2.76e-05,0.0635,0.0952,0.501,124.993,404520,12,chicago-house
0.713,0.875,-9.155,0.0484,0.0705,0.863,0.163,0.345,129.933,508500,12,chicago-house
0.804,0.871,-9.288,0.0663,0.000131,0.937,0.0862,0.0958,123.023,532480,13,chicago-house
0.804,0.796,-6.113,0.112,0.0335,0.461,0.111,0.278,124.008,185806,12,chicago-house
0.909,0.494,-12.508,0.0681,0.00124,0.17,0.0801,0.734,124.988,170400,13,chicago-house
0.738,0.963,-8.185,0.0619,0.000182,0.918,0.0472,0.439,125.122,332303,12,chicago-house
0.9,0.445,-13.079,0.057,0.0345,0.115,0.0768,0.956,119.993,274520,13,chicago-house
0.791,0.612,-14.159,0.0571,0.0044,0.78,0.0493,0.453,119.105,219880,13,chicago-house
0.741,0.896,-8.976,0.038,9.16e-05,0.54,0.583,0.672,127.991,419762,13,chicago-house
0.661,0.841,-5.849,0.0344,0.00153,0.00348,0.358,0.211,129.99,222493,12,chicago-house
0.824,0.645,-9.578,0.0574,8.05e-05,0.909,0.0756,0.607,123.656,344838,13,chicago-house
0.904,0.567,-9.803,0.044,0.00186,0.948,0.0555,0.486,114.987,556848,14,chicago-house
0.818,0.572,-5.376,0.143,0.0164,0.0,0.296,0.414,136.018,138800,12,chicago-house
0.632,0.803,-10.758,0.0461,0.000119,0.528,0.205,0.888,132.081,221074,14,chicago-house
0.901,0.917,-5.167,0.171,0.0101,0.612,0.0524,0.624,123.009,341208,12,chicago-house
0.82,0.579,-5.037,0.0413,0.000825,0.00647,0.0372,0.658,115.995,465978,13,chicago-house
0.79,0.82,-9.701,0.0554,0.003,0.269,0.0548,0.532,125.923,425146,11,chicago-house
0.803,0.451,-11.116,0.0514,0.00017,0.949,0.102,0.811,116.013,319205,13,chicago-house
0.686,0.705,-11.567,0.0453,0.0173,0.942,0.0744,0.769,113.012,251373,13,chicago-house
0.703,0.541,-18.39,0.0469,0.0515,0.274,0.113,0.961,119.732,405026,12,chicago-house
0.806,0.582,-12.181,0.0874,0.0083,0.237,0.328,0.686,128.368,4339826,11,chicago-house
0.744,0.81,-11.118,0.0473,0.024,0.907,0.0606,0.715,123.018,454988,11,chicago-house
0.784,0.895,-9.533,0.0601,0.000175,0.887,0.646,0.289,127.008,485290,12,chicago-house
0.784,0.705,-5.885,0.06,0.0152,0.00708,0.11,0.514,123.258,414249,13,chicago-house
0.64,0.779,-6.338,0.0826,0.000526,0.571,0.11,0.69,126.054,396503,12,chicago-house
0.844,0.58,-10.384,0.0769,0.00053,0.375,0.289,0.285,123.998,302175,39,chicago-house
0.82,0.672,-7.212,0.0413,0.033,0.173,0.0976,0.68,127.992,374136,18,chicago-house
0.645,0.877,-10.616,0.0456,0.00657,0.858,0.127,0.473,124.697,270746,39,chicago-house
0.702,0.867,-8.143,0.0568,4.7e-05,0.925,0.179,0.262,129.94,393438,35,chicago-house
0.97,0.952,-5.723,0.272,0.0323,0.926,0.0881,0.251,133.004,352874,11,chicago-house
0.761,0.811,-11.709,0.0544,0.0508,0.835,0.0792,0.763,136.012,272973,13,chicago-house
0.803,0.843,-9.254,0.0668,0.0028,0.68,0.107,0.504,124.002,189565,41,chicago-house
0.757,0.805,-11.558,0.0333,0.0999,0.911,0.112,0.772,119.493,152693,40,chicago-house
0.785,0.907,-4.15,0.118,0.0156,1.14e-06,0.513,0.565,122.311,405760,44,chicago-house
0.754,0.539,-10.188,0.0239,0.124,0.000293,0.132,0.595,95.77,264426,12,chicago-house
0.788,0.931,-6.765,0.073,9.52e-05,0.79,0.0312,0.725,126.013,490119,11,chicago-house
0.798,0.881,-7.581,0.048,0.000197,0.948,0.0907,0.73,130.662,292581,12,chicago-house
0.714,0.771,-12.067,0.0509,0.0016,0.831,0.895,0.503,111.777,288200,12,chicago-house
0.707,0.571,-15.311,0.0479,0.000265,0.904,0.0792,0.875,124.008,597013,11,chicago-house
0.908,0.743,-10.688,0.269,0.00151,0.768,0.0393,0.576,128.358,328893,12,chicago-house
0.821,0.951,-5.054,0.0576,0.369,0.895,0.0696,0.472,126.495,570413,11,chicago-house
0.667,0.605,-14.61,0.0473,0.0903,0.888,0.102,0.343,126.562,338307,11,chicago-house
0.736,0.588,-8.214,0.036,0.0104,0.477,0.123,0.522,109.999,235772,12,chicago-house
0.716,0.667,-10.016,0.0619,0.248,0.839,0.103,0.389,109.002,408671,12,chicago-house
0.739,0.59,-12.259,0.048,0.302,0.879,0.0419,0.872,99.975,427200,11,chicago-house
0.745,0.837,-7.614,0.0483,0.00367,0.326,0.296,0.57,129.953,305660,11,chicago-house
0.795,0.511,-10.648,0.0638,1.59e-05,0.762,0.0912,0.619,131.911,147840,12,chicago-house
0.813,0.769,-9.034,0.0369,0.00281,0.697,0.0522,0.519,123.015,375750,11,chicago-house
0.638,0.742,-11.421,0.0485,0.0111,9.45e-05,0.0762,0.698,120.772,255200,11,chicago-house
0.804,0.686,-8.785,0.0481,0.00691,0.766,0.104,0.673,125.014,374413,11,chicago-house
0.66,0.743,-11.062,0.0655,0.0744,0.00071,0.179,0.388,117.834,299360,12,chicago-house
0.782,0.463,-13.078,0.0469,0.012,0.000119,0.302,0.826,122.091,337544,11,chicago-house
0.799,0.941,-6.053,0.0465,0.0124,0.0662,0.106,0.756,128.489,425119,12,chicago-house
0.73,0.537,-13.389,0.0626,0.0829,0.915,0.0483,0.931,121.01,299560,12,chicago-house
0.921,0.611,-8.423,0.0637,0.0017,0.91,0.0374,0.561,114.963,664130,11,chicago-house
0.85,0.467,-9.319,0.0442,0.0217,0.931,0.134,0.559,107.031,262337,11,chicago-house
0.888,0.702,-11.143,0.0626,0.000971,0.853,0.0731,0.924,119.154,372610,11,chicago-house
0.666,0.397,-14.295,0.216,0.0186,0.791,0.0932,0.697,216.108,306320,12,chicago-house
0.594,0.904,-8.91,0.0368,0.046,0.768,0.112,0.462,108.0,369138,11,chicago-house
0.72,0.73,-12.61,0.0791,0.142,0.921,0.499,0.562,134.579,412520,13,chicago-house
0.744,0.85,-6.969,0.0529,0.00681,0.89,0.0532,0.845,124.993,391680,11,chicago-house
0.759,0.664,-10.625,0.0808,0.00233,0.196,0.114,0.532,125.612,391424,11,chicago-house
0.769,0.904,-4.893,0.0452,0.0567,0.0343,0.0509,0.914,122.001,531293,12,chicago-house
0.805,0.765,-8.301,0.0674,0.0107,0.327,0.23,0.909,121.904,411946,12,chicago-house
0.744,0.771,-8.384,0.0607,0.00375,0.319,0.107,0.544,123.023,480414,12,chicago-house
0.694,0.605,-9.876,0.0869,0.000211,0.739,0.108,0.313,127.68,379733,12,chicago-house
0.875,0.796,-10.807,0.207,0.00188,0.00222,0.081,0.958,135.026,71133,12,chicago-house
0.712,0.976,-7.57,0.0964,0.00504,0.957,0.225,0.101,121.988,661952,12,chicago-house
0.809,0.533,-8.416,0.0699,0.000406,0.408,0.0547,0.48,124.85,374092,12,chicago-house
0.663,0.702,-9.069,0.0268,0.0718,0.899,0.256,0.447,99.976,359999,11,chicago-house
0.616,0.58,-14.389,0.0464,0.0483,2.6e-05,0.0611,0.625,85.8,249093,11,chicago-house
0.905,0.482,-12.907,0.0556,0.00843,0.156,0.042,0.58,123.002,384466,11,chicago-house
0.766,0.676,-8.162,0.0974,0.000226,0.0369,0.0829,0.589,122.012,351487,11,chicago-house
0.833,0.938,-7.2,0.0998,0.00053,0.708,0.223,0.879,126.987,192776,11,chicago-house
0.813,0.862,-7.747,0.072,0.00829,0.0101,0.0926,0.521,123.901,371612,11,chicago-house
0.761,0.666,-4.388,0.0469,0.00038,0.0638,0.032,0.852,126.992,428086,18,chicago-house
0.688,0.865,-8.77,0.0341,0.0111,0.491,0.226,0.439,125.01,255259,41,chicago-house
0.656,0.899,-5.095,0.0303,0.00201,0.0969,0.0991,0.544,124.451,477333,38,chicago-house
0.832,0.677,-8.78,0.105,0.00338,0.0153,0.0494,0.384,128.017,333771,48,chicago-house
0.911,0.883,-6.51,0.216,0.00774,0.00955,0.0757,0.728,121.972,228186,10,chicago-house
0.665,0.87,-12.887,0.0517,0.00429,0.259,0.0781,0.369,135.018,268600,11,chicago-house
0.6,0.857,-6.635,0.036,0.013,0.624,0.088,0.385,126.019,240000,12,chicago-house
0.805,0.302,-17.02,0.0994,0.00568,0.829,0.0808,0.615,129.003,437387,10,chicago-house
0.621,0.861,-9.576,0.0439,0.000182,0.9,0.113,0.484,127.925,322359,12,chicago-house
0.747,0.676,-6.941,0.055,0.000368,0.933,0.108,0.0373,132.07,281933,11,chicago-house
0.835,0.876,-7.099,0.0814,0.0657,0.15,0.0266,0.344,128.482,278360,11,chicago-house
0.771,0.934,-3.587,0.0526,0.00127,0.254,0.06,0.876,123.924,279128,10,chicago-house
0.629,0.771,-9.379,0.0294,0.0125,0.304,0.311,0.192,124.992,264960,11,chicago-house
0.792,0.858,-6.17,0.0485,0.000642,0.111,0.0478,0.277,123.001,424623,10,chicago-house
0.911,0.82,-4.158,0.286,0.000972,0.0,0.118,0.71,121.795,256534,10,chicago-house
0.782,0.926,-6.761,0.0428,4.1e-05,0.913,0.086,0.103,119.025,280336,11,chicago-house
0.654,0.857,-6.245,0.0408,0.0029,0.000844,0.147,0.687,120.331,241855,9,chicago-house
0.839,0.867,-10.997,0.101,0.00345,0.78,0.0641,0.463,123.05,197317,10,chicago-house
0.781,0.752,-4.586,0.0756,0.00254,1.26e-05,0.0579,0.552,119.982,291147,11,chicago-house
0.903,0.702,-5.893,0.117,0.000345,0.0061,0.0267,0.41,124.972,390060,10,chicago-house
0.779,0.892,-7.494,0.0867,0.0128,0.0187,0.353,0.236,119.999,511999,12,chicago-house
0.835,0.848,-8.282,0.0594,0.109,0.87,0.128,0.253,122.906,306826,11,chicago-house
0.848,0.769,-12.635,0.046,0.00309,0.0181,0.0686,0.876,122.397,347586,10,chicago-house
0.809,0.723,-8.415,0.0765,5.36e-05,0.899,0.337,0.224,124.995,371963,10,chicago-house
0.604,0.941,-6.353,0.0634,0.0428,0.209,0.158,0.313,123.008,438569,10,chicago-house
0.97,0.583,-6.992,0.0889,0.000868,0.665,0.0534,0.11,125.988,472140,11,chicago-house
0.784,0.819,-4.107,0.0476,3.61e-05,0.0785,0.122,0.444,122.435,299016,10,chicago-house
0.811,0.911,-9.267,0.0821,9.67e-05,0.819,0.0679,0.823,124.206,302903,10,chicago-house
0.781,0.712,-8.787,0.0687,0.0186,0.706,0.0664,0.438,119.507,433807,9,chicago-house
0.833,0.782,-5.742,0.039,0.000471,0.0536,0.292,0.744,123.994,412186,10,chicago-house
0.722,0.673,-12.697,0.265,0.0736,0.0,0.169,0.695,123.989,185759,10,chicago-house
0.769,0.566,-9.81,0.0348,0.271,0.849,0.235,0.921,120.009,171600,11,chicago-house
0.873,0.636,-8.668,0.13,0.0959,0.00514,0.0673,0.69,123.635,394400,11,chicago-house
0.796,0.485,-8.893,0.0622,8.02e-05,0.471,0.0737,0.814,124.994,408659,10,chicago-house
0.782,0.669,-6.133,0.17,0.00184,0.273,0.0461,0.606,125.131,310581,44,chicago-house
0.858,0.89,-4.363,0.0443,0.00113,0.872,0.604,0.816,123.994,289663,10,chicago-house
0.808,0.636,-12.656,0.0516,0.00247,0.805,0.113,0.703,125.004,397008,10,chicago-house
0.807,0.732,-9.957,0.0642,0.0016,0.853,0.0562,0.947,121.087,469294,10,chicago-house
0.674,0.936,-6.6,0.0455,0.00874,0.815,0.263,0.611,124.023,309866,12,chicago-house
0.745,0.88,-10.711,0.0611,0.0747,0.133,0.352,0.6,134.018,349266,10,chicago-house
0.665,0.867,-5.577,0.0287,0.00243,0.0206,0.0873,0.648,118.996,468050,10,chicago-house
0.715,0.859,-9.669,0.0507,0.0114,0.918,0.074,0.856,124.245,186653,10,chicago-house
0.808,0.68,-13.032,0.114,0.000329,0.898,0.128,0.697,122.638,385785,11,chicago-house
0.772,0.82,-7.014,0.05,8.95e-05,0.34,0.0468,0.552,126.025,379097,12,chicago-house
0.861,0.805,-6.461,0.0711,0.00548,0.577,0.135,0.545,129.306,4447520,11,chicago-house
0.765,0.418,-16.782,0.0406,0.00517,0.872,0.0672,0.553,129.966,433545,9,chicago-house
0.712,0.694,-8.761,0.0355,0.00317,0.0677,0.0923,0.865,143.802,250466,11,chicago-house
0.735,0.832,-6.198,0.0455,0.00394,0.754,0.544,0.224,131.995,713202,11,chicago-house
0.726,0.743,-11.927,0.0333,0.0711,0.000126,0.0491,0.961,118.364,307466,11,chicago-house
0.674,0.693,-10.005,0.0395,0.000276,0.936,0.0887,0.302,124.982,560692,10,chicago-house
0.906,0.918,-8.041,0.0839,0.000146,0.845,0.116,0.51,126.953,551999,39,chicago-house
0.795,0.861,-16.921,0.0744,0.0308,0.914,0.113,0.537,120.44,739626,32,chicago-house
0.803,0.84,-7.715,0.0852,0.017,0.0936,0.114,0.943,122.543,306231,41,chicago-house
0.981,0.776,-7.288,0.259,0.0307,5.43e-06,0.185,0.727,128.106,162120,10,chicago-house
0.793,0.632,-13.029,0.0926,0.00114,0.889,0.0869,0.358,131.641,312533,10,chicago-house
0.844,0.792,-6.418,0.049,5.16e-06,0.362,0.079,0.46,126.034,507987,10,chicago-house
0.822,0.953,-6.524,0.0679,0.000418,0.664,0.331,0.6,126.0,223004,11,chicago-house
0.669,0.401,-11.852,0.211,0.336,0.902,0.0823,0.574,175.983,164840,11,chicago-house
0.892,0.879,-6.094,0.152,0.00366,0.513,0.0452,0.376,126.0,369000,11,chicago-house
0.771,0.769,-10.529,0.0684,0.0029,0.85,0.328,0.425,129.02,431718,9,chicago-house
0.804,0.851,-9.786,0.145,0.00101,0.0107,0.261,0.607,132.813,319352,10,chicago-house
0.704,0.833,-8.285,0.0805,0.00345,0.903,0.0741,0.961,123.984,483557,10,chicago-house
0.707,0.86,-8.273,0.0488,0.0352,0.93,0.247,0.605,123.024,438024,9,chicago-house
0.835,0.708,-9.34,0.132,0.00792,0.858,0.317,0.611,127.096,510293,10,chicago-house
0.765,0.953,-6.254,0.0587,0.00097,0.867,0.0992,0.559,126.005,487619,10,chicago-house
0.661,0.975,-5.523,0.0481,0.048,0.00927,0.223,0.499,125.919,158511,10,chicago-house
0.881,0.661,-7.216,0.0972,0.00118,0.883,0.0769,0.205,126.009,441904,9,chicago-house
0.624,0.468,-15.441,0.0996,0.0473,2.19e-05,0.188,0.802,167.91,316840,9,chicago-house
0.687,0.644,-12.455,0.046,0.101,0.866,0.0601,0.891,118.0,495818,10,chicago-house
0.71,0.839,-6.57,0.072,0.00465,1.67e-06,0.324,0.604,124.007,164507,10,chicago-house
0.804,0.947,-8.071,0.0488,0.00984,0.889,0.0647,0.666,122.018,682666,9,chicago-house
0.747,0.481,-15.525,0.0594,0.0153,1.13e-06,0.166,0.731,104.996,274626,10,chicago-house
0.75,0.619,-12.241,0.0511,0.0266,0.894,0.0269,0.741,120.984,453893,10,chicago-house
0.791,0.616,-11.594,0.0605,0.228,0.0682,0.0721,0.874,104.003,259417,11,chicago-house
0.731,0.569,-13.978,0.0538,0.00109,0.0478,0.136,0.78,121.404,548706,9,chicago-house
0.57,0.889,-8.253,0.0777,0.00353,0.505,0.0709,0.782,126.261,245506,10,chicago-house
0.735,0.724,-13.796,0.0733,0.121,0.000238,0.148,0.817,119.9,286373,10,chicago-house
0.803,0.862,-10.293,0.0601,0.0806,0.899,0.152,0.389,126.633,149853,10,chicago-house
0.811,0.705,-8.783,0.0847,0.0768,0.833,0.104,0.654,118.997,387898,10,chicago-house
0.76,0.446,-11.894,0.0728,0.0117,0.882,0.0859,0.453,125.056,318426,11,chicago-house
0.791,0.796,-4.17,0.0805,0.00151,0.475,0.205,0.896,124.002,360483,11,chicago-house
0.803,0.959,-3.609,0.0499,6.23e-05,0.555,0.0525,0.485,122.062,415306,10,chicago-house
0.775,0.915,-5.873,0.0818,0.000137,0.931,0.123,0.844,129.091,243800,11,chicago-house
0.76,0.453,-10.387,0.0775,7.22e-06,0.805,0.0524,0.432,124.014,341695,11,chicago-house
0.638,0.742,-11.421,0.0485,0.0111,9.45e-05,0.0762,0.698,120.772,255200,49,chicago-house
0.804,0.708,-13.358,0.0829,0.0309,0.924,0.106,0.473,130.188,273600,10,chicago-house
0.801,0.89,-9.064,0.0839,0.00665,0.886,0.089,0.768,129.756,319499,10,chicago-house
0.769,0.83,-8.872,0.0414,0.000642,0.903,0.0573,0.385,126.562,323133,11,chicago-house
0.802,0.753,-7.923,0.0324,0.00685,0.576,0.161,0.309,105.933,471050,10,chicago-house
0.72,0.923,-4.494,0.0369,0.00297,0.0307,0.0997,0.592,128.744,201734,9,chicago-house
0.753,0.869,-5.224,0.03,9.04e-05,0.0566,0.0699,0.819,123.049,202515,10,chicago-house
0.79,0.875,-5.985,0.0604,0.00248,0.623,0.127,0.597,119.04,429471,11,chicago-house
0.82,0.856,-11.262,0.0378,0.00298,0.113,0.0813,0.515,126.465,465889,10,chicago-house
0.818,0.643,-8.503,0.0502,0.00266,0.25,0.0943,0.196,124.854,433801,10,chicago-house
0.727,0.669,-10.987,0.0577,0.0185,0.877,0.198,0.147,122.874,415848,10,chicago-house
0.745,0.983,-7.41,0.0704,0.000196,0.859,0.0659,0.433,123.248,413640,10,chicago-house
0.673,0.765,-8.83,0.0414,0.509,0.79,0.631,0.44,100.009,260946,9,chicago-house
0.833,0.604,-12.002,0.055,0.0103,0.000446,0.052,0.97,120.313,309266,10,chicago-house
0.79,0.347,-19.02,0.0625,0.000135,0.0429,0.0565,0.82,122.945,502400,10,chicago-house
0.73,0.672,-14.152,0.0466,0.072,3.25e-06,0.167,0.824,122.544,284066,10,chicago-house
0.782,0.575,-11.613,0.0279,0.034,0.0153,0.109,0.777,114.027,372640,42,chicago-house
0.564,0.563,-13.075,0.0302,0.0134,0.000147,0.109,0.412,115.986,396546,37,chicago-house
0.703,0.949,-8.06,0.0533,0.00294,0.895,0.109,0.262,132.0,455418,39,chicago-house
0.783,0.471,-9.739,0.0749,0.00798,0.039,0.0725,0.713,116.022,301774,41,chicago-house
0.665,0.942,-4.141,0.126,0.0105,0.901,0.0824,0.924,123.735,533638,16,chicago-house
0.654,0.605,-10.795,0.0494,0.212,0.925,0.0931,0.708,112.177,353801,38,chicago-house
0.652,0.786,-12.14,0.0568,0.0718,0.943,0.11,0.494,141.068,408389,10,chicago-house
0.592,0.89,-8.339,0.0502,0.000148,0.0233,0.111,0.25,122.277,478899,10,chicago-house
0.707,0.886,-9.006,0.0422,0.0018,0.0627,0.305,0.63,125.185,436680,10,chicago-house
0.643,0.741,-7.449,0.027,0.0115,0.000615,0.121,0.527,122.983,165365,9,chicago-house
0.705,0.851,-8.907,0.0896,0.00958,0.393,0.106,0.454,124.983,457386,10,chicago-house
0.72,0.605,-11.393,0.0452,0.169,0.000559,0.081,0.68,104.005,244615,10,chicago-house
0.815,0.681,-10.065,0.0693,8.43e-05,0.201,0.05,0.547,122.753,378549,10,chicago-house
0.796,0.738,-8.22,0.0427,0.00154,0.859,0.0724,0.535,124.019,394586,10,chicago-house
0.671,0.83,-9.788,0.0404,0.00284,0.856,0.114,0.788,120.914,414765,10,chicago-house
0.697,0.861,-6.774,0.0423,0.000336,0.804,0.361,0.684,126.013,562142,10,chicago-house
0.779,0.864,-6.659,0.0454,0.0224,0.0035,0.392,0.732,124.005,193548,11,chicago-house
0.803,0.364,-12.557,0.0646,0.0686,0.761,0.123,0.879,116.006,450893,10,chicago-house
0.741,0.612,-16.309,0.0413,0.133,0.92,0.108,0.624,117.029,464371,10,chicago-house
0.787,0.568,-13.768,0.0677,0.000375,0.874,0.0858,0.72,105.992,405618,10,chicago-house
0.836,0.746,-9.648,0.0756,0.0049,0.407,0.0879,0.637,120.906,335003,9,chicago-house
0.804,0.599,-11.236,0.065,8.57e-05,0.921,0.0899,0.866,121.037,541248,9,chicago-house
0.897,0.648,-11.935,0.0986,0.191,0.711,0.105,0.433,125.981,568446,10,chicago-house
0.74,0.423,-14.183,0.05,0.0433,0.000138,0.287,0.597,113.068,342994,11,chicago-house
0.719,0.456,-9.82,0.0306,0.0253,0.00224,0.156,0.69,113.938,303368,11,chicago-house
0.804,0.564,-7.263,0.0807,0.0226,0.042,0.0766,0.815,124.015,350981,10,chicago-house
0.678,0.692,-15.426,0.0315,0.115,0.93,0.0737,0.92,113.025,423880,10,chicago-house
0.541,0.751,-11.164,0.0278,0.0152,0.00926,0.156,0.416,130.567,369720,11,chicago-house
0.775,0.818,-7.112,0.103,0.00165,0.802,0.111,0.305,130.05,399974,10,chicago-house
0.773,0.82,-7.014,0.05,8.95e-05,0.337,0.0468,0.553,126.025,379097,10,chicago-house
0.804,0.621,-13.006,0.103,0.000432,0.89,0.0391,0.387,124.005,424733,11,chicago-house
0.741,0.533,-11.564,0.0471,0.196,0.214,0.082,0.808,109.985,203253,10,chicago-house
0.812,0.619,-8.411,0.15,0.00253,0.104,0.0449,0.59,123.069,265333,10,chicago-house
0.683,0.806,-6.119,0.031,0.000178,0.499,0.109,0.23,125.031,278400,10,chicago-house
0.818,0.733,-6.585,0.116,0.000559,4.77e-06,0.331,0.742,124.054,222600,10,chicago-house
0.768,0.444,-13.067,0.154,0.027,0.108,0.0577,0.95,216.558,301601,10,chicago-house
0.655,0.638,-7.4,0.0366,0.00109,0.00388,0.496,0.464,123.988,518638,10,chicago-house
0.654,0.975,-4.76,0.241,0.0936,3.24e-05,0.336,0.66,190.044,308333,11,chicago-house
0.922,0.381,-8.91,0.124,0.0799,0.00279,0.62,0.658,115.017,125826,11,chicago-house
0.642,0.992,-1.859,0.122,0.000242,0.162,0.196,0.303,119.968,348000,11,chicago-house
0.81,0.463,-14.37,0.0936,0.0155,0.913,0.0907,0.56,119.998,340117,10,chicago-house
0.788,0.866,-10.566,0.0734,0.0398,0.646,0.0597,0.575,128.047,645009,10,chicago-house
0.905,0.932,-5.213,0.0489,0.0395,0.559,0.363,0.702,123.02,197323,11,chicago-house
0.771,0.665,-14.662,0.0527,0.0183,0.925,0.0822,0.807,119.54,313929,10,chicago-house
0.788,0.841,-7.559,0.0697,0.0126,0.509,0.0537,0.618,124.008,340665,9,chicago-house
0.545,0.698,-9.75,0.0308,0.081,0.936,0.0987,0.636,140.987,185733,10,chicago-house
0.78,0.843,-7.399,0.0781,0.0161,0.317,0.0594,0.665,124.022,216791,11,chicago-house
0.813,0.862,-7.747,0.072,0.00829,0.0101,0.0926,0.521,123.901,371612,11,chicago-house
0.803,0.858,-9.847,0.0569,0.072,0.245,0.0901,0.881,122.333,327173,10,chicago-house
0.762,0.898,-6.208,0.142,0.000564,5.12e-06,0.122,0.349,126.657,298918,41,chicago-house
0.71,0.77,-4.839,0.189,0.181,0.00629,0.685,0.462,129.025,513953,24,chicago-house
0.735,0.573,-7.273,0.0861,0.0192,0.000977,0.0852,0.699,126.988,340172,16,chicago-house
0.563,0.644,-5.678,0.0266,0.0402,0.0121,0.14,0.393,169.999,265411,16,chicago-house
0.785,0.686,-14.156,0.0569,7.25e-05,0.672,0.097,0.961,136.488,383106,10,chicago-house
0.784,0.407,-16.57,0.107,0.000916,0.932,0.0967,0.6,136.973,524794,8,chicago-house
0.607,0.943,-9.358,0.0395,0.0278,0.866,0.231,0.505,134.255,284547,10,chicago-house
0.828,0.93,-5.609,0.0719,0.000529,0.663,0.0662,0.678,128.009,161484,9,chicago-house
0.619,0.863,-3.332,0.0336,0.00373,0.00612,0.223,0.197,127.944,213750,9,chicago-house
0.802,0.884,-10.392,0.0536,0.00144,0.772,0.13,0.441,135.375,255422,10,chicago-house
0.804,0.981,-7.529,0.0395,3.33e-05,0.921,0.045,0.742,123.836,387791,9,chicago-house
0.737,0.966,-2.473,0.0504,0.00301,0.321,0.033,0.472,127.965,155625,8,chicago-house
0.685,0.909,-6.021,0.0568,1.43e-05,0.0719,0.057,0.643,131.001,448773,28,chicago-house
0.728,0.903,-3.624,0.0751,6.7e-05,0.0325,0.062,0.185,125.016,326880,9,chicago-house
0.807,0.674,-10.832,0.0512,0.0201,0.51,0.107,0.743,124.653,320400,9,chicago-house
0.597,0.865,-4.972,0.14,0.00468,0.000107,0.416,0.413,127.023,170551,9,chicago-house
0.65,0.979,-7.821,0.105,0.000106,0.907,0.332,0.574,137.383,330060,10,chicago-house
0.904,0.907,-5.435,0.0571,0.000133,0.65,0.093,0.31,124.017,358064,7,chicago-house
0.739,0.708,-9.338,0.0382,0.0216,0.00418,0.0666,0.822,125.916,230586,8,chicago-house
0.847,0.813,-6.885,0.0613,0.00388,0.499,0.113,0.442,118.319,413828,9,chicago-house
0.803,0.855,-8.506,0.0384,9.45e-06,0.939,0.113,0.066,119.022,193991,8,chicago-house
0.961,0.235,-11.005,0.415,0.00174,0.000298,0.0758,0.539,121.058,487933,7,chicago-house
0.862,0.511,-16.915,0.0989,0.00133,0.00413,0.0489,0.88,124.818,299040,9,chicago-house
0.83,0.933,-6.854,0.0708,0.0287,0.167,0.0743,0.738,122.552,283278,8,chicago-house
0.757,0.722,-10.338,0.059,0.252,0.576,0.101,0.524,98.988,518977,8,chicago-house
0.807,0.65,-11.144,0.0668,4.35e-05,0.826,0.0425,0.71,123.955,345077,9,chicago-house
0.791,0.674,-7.172,0.0411,0.00165,0.066,0.544,0.557,120.972,359026,7,chicago-house
0.68,0.889,-7.282,0.0405,0.0879,0.736,0.161,0.842,127.999,577680,9,chicago-house
0.68,0.746,-8.989,0.0391,0.00626,0.000214,0.297,0.686,120.323,411213,8,chicago-house
0.811,0.456,-9.76,0.0749,0.075,0.884,0.0949,0.375,122.012,332512,8,chicago-house
0.807,0.708,-9.762,0.0648,0.00294,0.732,0.127,0.593,120.998,491900,8,chicago-house
0.75,0.865,-7.656,0.0661,0.000235,0.0726,0.0482,0.629,124.682,248571,9,chicago-house
0.807,0.698,-12.233,0.0578,0.00181,0.442,0.0819,0.421,126.002,406636,8,chicago-house
0.605,0.807,-10.032,0.0447,0.000157,0.728,0.0877,0.36,128.999,336675,10,chicago-house
0.898,0.666,-8.2,0.106,0.00258,0.0311,0.0984,0.557,122.766,253658,8,chicago-house
0.799,0.548,-9.992,0.0639,0.00583,0.793,0.0699,0.32,127.7,392829,7,chicago-house
0.778,0.701,-10.438,0.0341,0.00823,0.864,0.0749,0.961,124.992,491906,9,chicago-house
0.885,0.592,-6.898,0.0599,0.000285,0.0934,0.0555,0.708,128.389,507832,8,chicago-house
0.839,0.707,-8.153,0.0674,0.00346,0.739,0.478,0.753,126.003,369653,8,chicago-house
0.67,0.754,-6.939,0.0527,0.00226,0.824,0.0907,0.642,124.026,232210,8,chicago-house
0.673,0.66,-10.472,0.0463,0.000463,0.848,0.0906,0.495,118.876,287466,8,chicago-house
0.818,0.709,-5.417,0.0358,0.00155,0.0424,0.0868,0.723,127.976,270013,10,chicago-house
0.651,0.949,-7.657,0.048,0.267,0.0155,0.138,0.567,123.001,236097,9,chicago-house
0.804,0.689,-18.538,0.0711,0.121,0.911,0.0964,0.75,125.221,311906,9,chicago-house
0.867,0.876,-6.81,0.106,0.00276,0.784,0.0697,0.624,124.008,406906,7,chicago-house
0.646,0.441,-13.942,0.0297,0.0777,0.899,0.0989,0.767,93.042,270800,8,chicago-house
0.777,0.83,-12.284,0.047,0.344,0.886,0.085,0.539,135.44,308626,10,chicago-house
0.771,0.942,-5.131,0.0697,0.000299,0.0387,0.672,0.627,123.367,303902,7,chicago-house
0.81,0.912,-6.534,0.054,9.83e-05,0.838,0.0924,0.814,125.019,437271,9,chicago-house
0.64,0.779,-6.338,0.0826,0.000526,0.571,0.11,0.69,126.054,396503,9,chicago-house
0.73,0.999,-3.721,0.059,0.00444,0.519,0.0812,0.607,130.015,254769,30,chicago-house
0.689,0.964,-13.107,0.0715,0.148,0.838,0.128,0.462,123.696,370306,27,chicago-house
0.849,0.448,-15.46,0.195,0.0265,0.888,0.0808,0.702,124.035,492340,36,chicago-house
0.885,0.919,-8.825,0.0469,0.00358,0.446,0.0456,0.944,127.996,345468,8,chicago-house
0.712,0.64,-7.468,0.0522,0.0112,0.00458,0.0782,0.7,122.004,308852,7,chicago-house
0.752,0.713,-15.904,0.0585,0.326,0.653,0.324,0.213,126.726,514426,9,chicago-house
0.809,0.762,-7.206,0.121,0.00801,0.73,0.0663,0.507,120.499,272365,8,chicago-house
0.969,0.664,-8.638,0.327,0.0114,0.351,0.0778,0.736,127.097,223920,9,chicago-house
0.718,0.918,-5.514,0.077,0.0841,0.000229,0.127,0.381,112.787,348733,8,chicago-house
0.79,0.619,-8.022,0.037,0.00069,0.632,0.111,0.285,124.995,366922,10,chicago-house
0.738,0.941,-6.336,0.0467,0.000266,0.0107,0.0515,0.351,125.983,199564,8,chicago-house
0.706,0.696,-8.065,0.0815,0.0227,0.922,0.111,0.0316,133.001,404414,9,chicago-house
0.74,0.909,-13.26,0.0507,0.000663,0.925,0.0589,0.441,129.595,299746,8,chicago-house
0.622,0.823,-7.471,0.0513,0.0303,0.000832,0.191,0.675,123.959,246241,9,chicago-house
0.817,0.929,-3.895,0.0668,0.00306,0.882,0.0405,0.81,131.49,331386,8,chicago-house
0.812,0.809,-8.254,0.0899,0.00216,0.688,0.0419,0.887,123.991,436721,9,chicago-house
0.77,0.771,-14.316,0.0587,0.174,0.897,0.0686,0.821,115.875,327653,8,chicago-house
0.846,0.881,-5.56,0.068,0.129,0.0,0.0663,0.961,121.747,287602,9,chicago-house
0.672,0.812,-8.955,0.0421,0.00216,0.383,0.0425,0.873,124.833,308754,7,chicago-house
0.758,0.694,-8.033,0.29,0.0957,1.92e-06,0.117,0.874,119.977,245118,8,chicago-house
0.791,0.684,-12.108,0.047,0.0163,0.0109,0.0659,0.562,129.483,605993,9,chicago-house
0.832,0.578,-15.396,0.0677,0.00235,0.000103,0.343,0.926,122.919,309640,8,chicago-house
0.725,0.952,-6.426,0.112,0.127,0.00531,0.0733,0.495,125.929,320643,8,chicago-house
0.926,0.471,-9.568,0.112,0.000432,0.00847,0.104,0.476,123.979,329093,8,chicago-house
0.703,0.739,-8.803,0.0412,0.0234,0.833,0.076,0.969,124.015,507760,8,chicago-house
0.813,0.746,-10.742,0.0545,7.43e-05,0.951,0.0289,0.614,123.999,290771,8,chicago-house
0.781,0.587,-12.05,0.0904,0.182,0.495,0.0345,0.799,125.004,310000,8,chicago-house
0.956,0.764,-9.454,0.0546,0.208,0.176,0.0746,0.534,125.997,286080,7,chicago-house
0.673,0.611,-8.99,0.0292,0.145,9.87e-06,0.0703,0.474,118.04,241373,8,chicago-house
0.798,0.698,-7.823,0.0971,0.0285,0.837,0.686,0.202,125.994,403809,7,chicago-house
0.769,0.558,-12.887,0.0559,0.0125,0.0211,0.0566,0.92,120.203,305560,7,chicago-house
0.697,0.7,-11.129,0.0731,0.0362,0.235,0.085,0.81,119.055,272506,8,chicago-house
0.75,0.553,-13.099,0.057,0.0189,0.902,0.108,0.702,128.354,491771,8,chicago-house
0.79,0.762,-8.926,0.0688,0.0162,0.366,0.324,0.616,125.182,321934,7,chicago-house
0.718,0.93,-4.532,0.038,0.00262,0.0176,0.0363,0.697,128.734,331706,9,chicago-house
0.88,0.753,-6.758,0.0541,0.000716,0.194,0.0395,0.917,123.008,442107,9,chicago-house
0.882,0.458,-8.579,0.0706,0.000618,0.893,0.605,0.0894,133.945,281069,9,chicago-house
0.796,0.615,-10.511,0.0542,0.00383,0.795,0.0626,0.544,125.009,499206,7,chicago-house
0.731,0.823,-7.823,0.0375,0.00955,0.902,0.119,0.111,124.124,324845,9,chicago-house
0.764,0.988,-7.236,0.104,0.00425,0.756,0.0371,0.897,123.01,361038,8,chicago-house
0.805,0.923,-4.958,0.072,0.00208,0.934,0.046,0.811,120.094,262244,8,chicago-house
0.87,0.641,-5.393,0.0629,0.00204,0.000302,0.0803,0.668,117.954,308160,9,chicago-house
0.73,0.896,-9.432,0.0484,0.00497,0.831,0.208,0.687,131.364,301906,9,chicago-house
0.779,0.694,-6.098,0.049,0.000167,0.135,0.0675,0.24,125.996,430755,7,chicago-house
0.737,0.871,-8.151,0.0409,0.0125,0.0181,0.322,0.832,125.009,239214,8,chicago-house
0.764,0.977,-2.67,0.056,0.000372,0.0233,0.0746,0.802,124.516,404280,8,chicago-house
0.725,0.514,-17.479,0.0519,0.11,4.81e-06,0.192,0.604,120.78,274960,8,chicago-house
0.754,0.973,-4.555,0.0506,0.224,0.87,0.261,0.88,119.041,317460,8,chicago-house
0.719,0.552,-14.615,0.0479,0.134,1.45e-05,0.268,0.765,120.347,241800,8,chicago-house
0.795,0.526,-15.257,0.175,0.131,0.00909,0.0412,0.822,103.983,295773,7,chicago-house
0.799,0.855,-8.169,0.0717,0.00439,0.862,0.0652,0.522,128.365,321226,41,chicago-house
0.862,0.664,-8.918,0.0886,0.000232,0.939,0.0494,0.618,125.761,310040,35,chicago-house
0.715,0.935,-6.65,0.0328,1.41e-05,0.876,0.33,0.933,128.104,344810,8,chicago-house
0.725,0.537,-13.977,0.0448,0.000261,0.0296,0.404,0.784,123.057,299946,38,chicago-house
0.805,0.822,-9.168,0.0617,0.00301,0.682,0.107,0.439,123.995,328919,40,chicago-house
0.723,0.871,-6.934,0.0728,0.00222,0.00606,0.0501,0.677,123.784,361417,9,chicago-house
0.589,0.804,-6.105,0.032,0.0243,0.929,0.139,0.925,123.031,334298,38,chicago-house
0.752,0.967,-13.97,0.053,2.48e-05,0.932,0.17,0.886,143.216,261731,7,chicago-house
0.755,0.9,-13.188,0.0549,2.49e-05,0.822,0.152,0.555,125.01,176834,7,chicago-house
0.76,0.673,-9.64,0.0596,0.0837,0.747,0.0765,0.841,118.028,289466,8,chicago-house
0.817,0.697,-6.177,0.0727,0.0786,0.0784,0.0749,0.959,103.998,259615,10,chicago-house
0.793,0.872,-6.014,0.107,8.45e-05,0.305,0.26,0.661,125.952,421306,8,chicago-house
0.79,0.848,-9.285,0.0635,0.000693,0.659,0.0819,0.673,128.014,382611,7,chicago-house
0.743,0.508,-13.702,0.0519,0.000285,0.913,0.0525,0.96,120.015,266531,8,chicago-house
0.743,0.914,-6.265,0.053,0.0264,0.296,0.0895,0.698,134.019,346079,7,chicago-house
0.88,0.723,-10.891,0.0753,0.00545,0.934,0.0919,0.501,123.989,418235,8,chicago-house
0.705,0.797,-6.962,0.0285,6.13e-05,0.0104,0.32,0.77,127.996,408706,8,chicago-house
0.714,0.668,-12.686,0.0484,0.00111,0.495,0.178,0.825,124.01,520813,9,chicago-house
0.699,0.556,-14.838,0.0403,0.141,0.901,0.0666,0.811,124.997,553693,9,chicago-house
0.802,0.837,-9.169,0.0376,0.0313,0.859,0.103,0.268,123.002,410794,9,chicago-house
0.83,0.322,-10.953,0.232,0.00032,0.0476,0.0957,0.427,124.75,309650,8,chicago-house
0.627,0.489,-14.211,0.0413,0.00327,0.89,0.1,0.72,112.156,250691,8,chicago-house
0.715,0.848,-11.754,0.0381,0.00612,0.605,0.0983,0.78,122.008,448770,8,chicago-house
0.833,0.644,-10.592,0.16,0.00647,0.153,0.0246,0.857,122.099,449120,8,chicago-house
0.822,0.741,-9.548,0.0487,0.023,0.494,0.0772,0.884,127.013,599042,7,chicago-house
0.785,0.702,-10.195,0.0495,0.00222,0.0724,0.258,0.525,126.024,588400,9,chicago-house
0.805,0.742,-9.635,0.148,0.00193,0.934,0.138,0.254,124.028,352201,9,chicago-house
0.645,0.689,-11.916,0.0335,0.0148,0.858,0.0943,0.897,123.011,519024,9,chicago-house
0.711,0.514,-13.794,0.061,0.0687,0.198,0.0891,0.797,126.038,442572,7,chicago-house
0.799,0.638,-15.963,0.0583,5.67e-05,0.922,0.0638,0.627,127.862,293680,9,chicago-house
0.692,0.917,-11.526,0.0432,0.0697,0.889,0.108,0.141,120.003,329980,9,chicago-house
0.777,0.909,-9.348,0.058,0.118,0.661,0.337,0.285,124.872,350371,8,chicago-house
0.804,0.924,-14.787,0.0536,0.388,0.93,0.0675,0.936,117.03,347030,9,chicago-house
0.735,0.332,-20.039,0.0406,0.0145,0.629,0.0753,0.655,115.987,416333,8,chicago-house
0.61,0.468,-16.699,0.034,0.0475,0.925,0.0466,0.873,121.885,486906,9,chicago-house
0.805,0.412,-12.43,0.0531,0.00319,0.921,0.0909,0.779,125.018,291171,9,chicago-house
0.804,0.835,-12.692,0.0401,0.0031,0.805,0.0719,0.91,123.003,492893,8,chicago-house
0.913,0.846,-6.203,0.0831,0.0131,0.92,0.152,0.672,123.999,378600,8,chicago-house
0.798,0.811,-11.215,0.0462,0.0102,0.908,0.0611,0.593,119.014,356225,8,chicago-house
0.898,0.839,-7.208,0.146,0.000114,0.904,0.0577,0.561,122.993,413840,9,chicago-house
0.742,0.601,-12.837,0.0541,0.544,0.907,0.0946,0.834,120.007,672844,8,chicago-house
0.759,0.674,-9.76,0.0431,0.0001,0.862,0.0954,0.267,124.898,560036,7,chicago-house
0.651,0.478,-10.388,0.0284,0.00154,0.78,0.16,0.715,119.029,306804,8,chicago-house
0.802,0.729,-11.666,0.0452,0.0619,0.859,0.0545,0.496,125.551,614051,7,chicago-house
0.806,0.638,-11.206,0.194,0.00446,0.925,0.117,0.178,124.02,349890,9,chicago-house
0.736,0.772,-10.895,0.0559,0.0646,0.732,0.0892,0.375,114.972,491334,8,chicago-house
0.678,0.616,-11.698,0.0376,0.00326,4.33e-05,0.166,0.557,123.347,194390,26,chicago-house
0.568,0.625,-10.322,0.034,0.0315,0.829,0.145,0.28,94.971,287391,9,chicago-house
0.808,0.753,-10.546,0.0596,0.000498,0.153,0.17,0.353,124.3,177834,10,chicago-house
0.784,0.819,-7.69,0.0514,0.00361,0.702,0.0704,0.478,119.117,215066,8,chicago-house
0.803,0.654,-10.071,0.0468,0.00349,0.733,0.0859,0.435,128.007,467333,38,chicago-house
0.858,0.467,-9.868,0.0981,0.00622,0.72,0.0723,0.359,124.01,325566,10,chicago-house
0.813,0.547,-9.128,0.134,0.000736,0.853,0.103,0.452,123.988,392000,36,chicago-house
0.655,0.554,-13.417,0.0854,0.229,0.559,0.372,0.473,119.436,330186,36,chicago-house
0.707,0.86,-6.188,0.033,0.00324,0.901,0.105,0.387,126.013,477845,21,chicago-house
0.813,0.79,-11.958,0.0445,9.48e-05,0.872,0.0815,0.968,122.994,333240,9,chicago-house
0.846,0.515,-11.483,0.124,0.214,0.856,0.103,0.497,120.901,347117,9,chicago-house
0.78,0.723,-7.772,0.0498,0.00911,0.374,0.0467,0.555,124.026,356999,8,chicago-house
0.799,0.825,-6.975,0.0474,0.0405,0.361,0.0992,0.62,127.788,331873,9,chicago-house
0.861,0.809,-10.374,0.189,0.0425,0.0498,0.0673,0.941,125.854,415013,9,chicago-house
0.679,0.84,-5.64,0.0777,0.0789,0.0137,0.0928,0.533,124.012,230655,8,chicago-house
0.725,0.444,-8.765,0.0827,0.000343,0.00181,0.108,0.406,98.961,330931,8,chicago-house
0.673,0.796,-14.583,0.1,0.0628,0.93,0.0894,0.8,124.014,344000,7,chicago-house
0.828,0.561,-14.628,0.0538,0.00215,0.913,0.0617,0.728,120.04,434200,8,chicago-house
0.807,0.61,-10.635,0.0671,0.000145,0.478,0.0821,0.88,121.955,460898,8,chicago-house
0.739,0.829,-8.122,0.0521,0.00126,0.169,0.287,0.357,126.028,384306,8,chicago-house
0.772,0.531,-15.692,0.0454,0.338,0.852,0.121,0.103,120.015,340974,8,chicago-house
0.798,0.844,-8.22,0.0465,2.76e-05,0.753,0.0569,0.456,125.009,486850,8,chicago-house
0.858,0.644,-8.804,0.0737,0.0726,0.922,0.118,0.203,120.898,399244,8,chicago-house
0.661,0.517,-16.147,0.0415,0.105,0.755,0.235,0.296,138.543,392586,8,chicago-house
0.915,0.695,-9.378,0.114,0.000457,0.0111,0.0421,0.501,117.511,729826,8,chicago-house
0.69,0.746,-11.247,0.0494,0.000123,0.663,0.0627,0.477,126.372,430625,8,chicago-house
0.833,0.597,-9.792,0.101,0.000171,0.022,0.0795,0.692,123.011,375514,8,chicago-house
0.769,0.39,-14.037,0.0611,0.00143,0.861,0.0833,0.24,110.994,384965,9,chicago-house
0.703,0.726,-10.332,0.0464,0.00575,0.877,0.138,0.0751,106.008,617800,9,chicago-house
0.837,0.921,-3.825,0.089,0.0261,0.545,0.28,0.801,124.044,442235,32,chicago-house
0.8,0.82,-7.177,0.0631,0.000356,0.816,0.0481,0.873,126.004,611666,8,chicago-house
0.851,0.642,-8.725,0.0446,0.00313,0.0628,0.105,0.691,124.996,481500,7,chicago-house
0.801,0.448,-10.188,0.051,0.065,0.811,0.0927,0.756,115.99,399245,8,chicago-house
0.684,0.461,-11.594,0.0301,0.000857,0.78,0.0903,0.557,104.079,369210,9,chicago-house
0.81,0.361,-15.936,0.0942,0.00718,0.837,0.0894,0.342,120.006,398532,8,chicago-house
0.626,0.884,-9.417,0.0749,0.12,0.325,0.367,0.301,123.938,213407,8,chicago-house
0.794,0.607,-12.851,0.0585,0.0321,0.941,0.0975,0.462,106.015,291106,8,chicago-house
0.857,0.933,-3.969,0.107,0.0527,0.325,0.0776,0.782,124.015,356128,8,chicago-house
0.808,0.753,-9.914,0.0526,0.000229,0.873,0.0899,0.504,119.997,431590,9,chicago-house
0.669,0.539,-11.967,0.0396,0.181,0.12,0.136,0.848,113.973,589601,8,chicago-house
0.834,0.912,-7.297,0.0395,0.0016,0.856,0.0861,0.962,126.019,320176,8,chicago-house
0.792,0.831,-6.604,0.0659,0.00099,0.636,0.0745,0.724,125.998,337172,8,chicago-house
0.711,0.95,-5.916,0.0486,0.00053,0.4,0.0755,0.972,126.984,415120,8,chicago-house
0.682,0.807,-12.748,0.0484,0.00652,0.857,0.0856,0.435,124.723,271733,9,chicago-house
0.931,0.878,-8.703,0.167,0.00158,0.0,0.0959,0.597,124.971,371940,7,chicago-house
0.807,0.875,-3.6,0.0388,0.0037,0.393,0.0593,0.537,128.072,208040,7,chicago-house
0.753,0.816,-6.378,0.0306,1.84e-06,0.746,0.114,0.91,128.765,362945,7,chicago-house
0.748,0.523,-9.627,0.0573,0.00308,0.392,0.0863,0.526,120.995,414545,9,chicago-house
0.788,0.841,-7.559,0.0697,0.0126,0.509,0.0537,0.618,124.008,340665,8,chicago-house
0.59,0.797,-6.978,0.0598,3.76e-05,0.812,0.104,0.35,123.805,403550,8,chicago-house
0.773,0.667,-11.282,0.0496,0.00398,0.0605,0.0844,0.682,126.281,488209,8,chicago-house
0.804,0.697,-5.022,0.0683,1.34e-05,0.747,0.0719,0.223,125.013,523842,9,chicago-house
0.812,0.905,-6.865,0.0616,0.00115,0.93,0.0469,0.889,125.02,430100,8,chicago-house
0.787,0.897,-10.278,0.056,0.00688,0.902,0.0935,0.629,124.992,377360,8,chicago-house
0.712,0.59,-15.796,0.0418,0.0169,0.941,0.13,0.15,121.785,326946,32,chicago-house
0.761,0.762,-7.82,0.0866,0.00347,0.0041,0.0675,0.562,124.04,543946,2,chicago-house
0.673,0.895,-6.987,0.0553,0.00329,0.21,0.16,0.655,126.027,155750,36,chicago-house
0.922,0.308,-11.723,0.248,0.0104,0.914,0.323,0.583,98.175,216040,7,chicago-house
0.772,0.887,-9.11,0.0475,5.7e-05,0.387,0.476,0.774,124.185,272419,33,chicago-house
0.895,0.318,-7.992,0.0892,0.00298,0.913,0.063,0.0785,122.0,422618,35,chicago-house
0.637,0.396,-16.377,0.0929,0.000102,0.875,0.0483,0.438,189.895,273906,6,chicago-house
0.703,0.278,-13.249,0.0824,0.00795,0.894,0.0834,0.34,186.461,200013,5,chicago-house
0.775,0.838,-14.78,0.0616,0.00676,0.9,0.0835,0.671,139.981,421706,8,chicago-house
0.798,0.506,-9.331,0.0824,0.00225,0.578,0.101,0.356,123.001,432177,32,chicago-house
0.879,0.703,-9.379,0.0387,0.00318,0.0244,0.0563,0.967,125.006,342800,32,chicago-house
0.824,0.576,-9.123,0.0579,0.00143,0.85,0.0653,0.297,127.017,477626,9,chicago-house
0.806,0.601,-13.054,0.103,3.88e-05,0.823,0.185,0.776,123.868,288613,7,chicago-house
0.725,0.538,-13.905,0.0342,0.501,0.594,0.106,0.372,108.013,338426,7,chicago-house
0.763,0.88,-8.743,0.0478,0.0241,0.931,0.2,0.0531,131.076,313318,8,chicago-house
0.552,0.76,-12.784,0.117,0.262,0.831,0.0508,0.0898,140.13,407826,9,chicago-house
0.91,0.734,-7.962,0.183,0.00464,0.0162,0.283,0.815,121.742,283278,5,chicago-house
0.74,0.759,-13.162,0.034,0.113,0.796,0.169,0.709,122.765,208080,9,chicago-house
0.786,0.641,-7.249,0.0754,0.000559,0.451,0.0994,0.321,116.954,316297,5,chicago-house
0.787,0.801,-12.042,0.159,0.0106,0.935,0.111,0.637,133.082,374947,8,chicago-house
0.91,0.881,-3.246,0.107,0.0303,0.00197,0.0439,0.65,124.678,222786,5,chicago-house
0.634,0.807,-5.693,0.0419,0.000354,0.847,0.0573,0.367,125.995,244218,8,chicago-house
0.745,0.862,-10.854,0.0541,0.0397,0.788,0.049,0.56,135.705,404066,8,chicago-house
0.723,0.691,-9.929,0.0406,0.0145,0.895,0.151,0.0365,128.009,445297,8,chicago-house
0.615,0.896,-13.426,0.0542,0.014,0.888,0.148,0.36,137.675,451533,8,chicago-house
0.689,0.837,-12.272,0.0436,0.0176,0.77,0.107,0.844,122.996,200970,8,chicago-house
0.854,0.667,-12.485,0.118,0.00798,0.937,0.0584,0.552,125.008,404720,8,chicago-house
0.817,0.829,-10.254,0.0566,0.00536,0.89,0.0849,0.429,124.008,311853,8,chicago-house
0.769,0.613,-8.605,0.0355,0.00021,0.936,0.151,0.87,130.97,398896,8,chicago-house
0.68,0.446,-16.186,0.0455,0.031,0.89,0.223,0.0388,130.612,279800,9,chicago-house
0.753,0.66,-18.083,0.11,0.187,0.951,0.0983,0.349,147.898,234160,8,chicago-house
0.563,0.91,-9.156,0.0356,0.00845,0.447,0.211,0.445,119.965,182000,8,chicago-house
0.797,0.564,-13.526,0.0659,0.0159,0.857,0.0785,0.597,118.043,425741,8,chicago-house
0.692,0.935,-6.66,0.0822,0.00784,0.27,0.313,0.88,123.999,553093,6,chicago-house
0.685,0.697,-12.305,0.0373,8.41e-06,0.896,0.069,0.148,129.999,459389,7,chicago-house
0.609,0.81,-6.0,0.0294,0.00114,0.798,0.074,0.758,129.996,169846,7,chicago-house
0.744,0.592,-10.207,0.043,0.0947,0.488,0.387,0.687,123.003,191967,8,chicago-house
0.772,0.76,-7.467,0.113,0.000167,0.864,0.0802,0.719,125.055,384692,9,chicago-house
0.802,0.734,-12.962,0.0568,0.288,0.917,0.0938,0.274,121.005,368922,8,chicago-house
0.785,0.974,-6.559,0.0538,4.55e-05,0.304,0.0398,0.456,125.767,247142,5,chicago-house
0.753,0.736,-9.042,0.0629,0.0559,0.0451,0.04,0.931,127.01,431133,6,chicago-house
0.645,0.745,-9.735,0.191,0.176,0.0,0.381,0.895,145.946,100133,9,chicago-house
0.679,0.749,-7.429,0.0472,0.000892,0.000711,0.104,0.886,124.281,342217,9,chicago-house
0.785,0.884,-6.827,0.0694,0.00207,0.133,0.0933,0.53,123.984,305826,5,chicago-house
0.826,0.951,-8.81,0.0865,0.00055,0.932,0.0452,0.277,123.998,405708,8,chicago-house
0.716,0.676,-11.379,0.189,0.00262,0.000105,0.209,0.297,125.919,266413,6,chicago-house
0.974,0.735,-10.797,0.323,0.143,0.0182,0.135,0.69,124.663,369982,7,chicago-house
0.861,0.671,-8.566,0.0785,0.0553,0.000124,0.133,0.671,120.006,440546,6,chicago-house
0.839,0.517,-13.131,0.0556,0.0124,0.0584,0.103,0.795,110.068,264493,7,chicago-house
0.813,0.489,-16.126,0.0389,0.000407,0.89,0.12,0.962,124.986,504000,6,chicago-house
0.694,0.768,-4.971,0.238,0.00199,0.00225,0.0412,0.435,121.962,257693,12,chicago-house
0.752,0.722,-10.338,0.0587,0.253,0.574,0.101,0.524,98.989,518977,31,chicago-house
0.831,0.422,-5.451,0.0634,0.00189,0.635,0.0425,0.747,126.007,375476,10,chicago-house
0.81,0.883,-6.627,0.0572,0.0253,0.786,0.0553,0.779,127.99,457720,4,chicago-house
0.664,0.848,-2.382,0.162,0.0759,0.0332,0.106,0.359,129.056,381395,20,chicago-house
0.853,0.541,-13.719,0.106,0.0387,0.66,0.278,0.679,98.131,266013,5,chicago-house
0.751,0.428,-14.204,0.144,0.036,0.795,0.387,0.803,91.323,238000,5,chicago-house
0.735,0.524,-14.299,0.288,0.00436,0.825,0.062,0.803,190.148,244826,7,chicago-house
0.881,0.327,-15.568,0.119,0.000202,0.0693,0.0994,0.459,89.994,217986,5,chicago-house
0.801,0.518,-5.856,0.0355,0.0138,7.43e-05,0.0715,0.688,127.018,192786,24,chicago-house
0.663,0.954,-3.687,0.0692,0.000258,0.464,0.342,0.203,128.028,169218,6,chicago-house
0.802,0.837,-11.634,0.0459,0.0774,0.741,0.1,0.661,123.986,319354,5,chicago-house
0.842,0.742,-5.975,0.1,0.000294,0.856,0.104,0.899,121.01,452243,4,chicago-house
0.904,0.465,-8.222,0.0439,0.121,0.0331,0.117,0.688,110.007,371008,31,chicago-house
0.711,0.551,-11.345,0.0515,0.0025,0.00089,0.0541,0.634,124.001,421933,22,chicago-house
0.805,0.733,-5.552,0.0625,0.00111,0.73,0.0529,0.303,124.999,247680,6,chicago-house
0.907,0.717,-4.988,0.196,0.0019,0.0255,0.72,0.342,124.064,197419,6,chicago-house
0.647,0.943,-3.652,0.0592,8.03e-05,0.00101,0.0544,0.264,128.016,221718,6,chicago-house
0.691,0.955,-4.005,0.105,0.000269,0.718,0.173,0.0553,128.036,230625,5,chicago-house
0.882,0.658,-7.811,0.232,0.000318,0.5,0.0746,0.767,124.997,398041,7,chicago-house
0.546,0.845,-10.976,0.0706,0.000449,0.945,0.103,0.157,127.058,325039,5,chicago-house
0.835,0.75,-11.711,0.0515,8.87e-05,0.726,0.0664,0.754,123.995,372114,6,chicago-house
0.806,0.666,-7.581,0.0388,9.22e-05,0.887,0.104,0.257,123.446,410269,7,chicago-house
0.618,0.978,-3.229,0.0924,0.048,0.00314,0.405,0.845,126.009,191666,4,chicago-house
0.904,0.907,-5.435,0.0571,0.000133,0.65,0.093,0.31,124.017,358064,5,chicago-house
0.804,0.954,-6.321,0.0553,0.0585,0.348,0.111,0.385,119.989,357637,5,chicago-house
0.893,0.526,-8.985,0.089,0.000617,0.168,0.0799,0.519,123.987,515497,6,chicago-house
0.873,0.946,-11.18,0.0491,3.58e-05,0.899,0.0534,0.429,123.958,236507,4,chicago-house
0.803,0.847,-9.738,0.0577,0.00304,0.612,0.227,0.874,122.0,396000,5,chicago-house
0.805,0.939,-7.304,0.0536,0.0339,0.936,0.0906,0.27,127.974,363468,6,chicago-house
0.703,0.96,-2.44,0.0723,0.0617,0.0698,0.67,0.857,125.002,197760,4,chicago-house
0.892,0.751,-5.502,0.0695,0.0542,5.86e-05,0.0517,0.662,120.98,218186,7,chicago-house
0.785,0.906,-10.132,0.0525,1.78e-05,0.733,0.0601,0.515,123.974,407962,5,chicago-house
0.89,0.468,-10.627,0.339,0.0715,0.0107,0.0936,0.397,124.974,355200,5,chicago-house
0.756,0.786,-8.295,0.0532,0.0125,0.806,0.0765,0.884,125.014,357725,5,chicago-house
0.568,0.907,-5.239,0.0398,0.000307,0.906,0.398,0.763,122.976,213093,5,chicago-house
0.715,0.97,-9.53,0.0808,0.0287,0.813,0.105,0.534,62.449,235186,6,chicago-house
0.829,0.847,-6.883,0.0718,0.000216,0.918,0.0481,0.725,126.029,368268,6,chicago-house
0.72,0.748,-9.465,0.0526,0.00394,0.887,0.201,0.167,122.871,461946,6,chicago-house
0.807,0.941,-4.98,0.0431,0.0148,0.757,0.0724,0.15,125.011,385920,6,chicago-house
0.801,0.831,-8.394,0.0481,0.000147,0.804,0.66,0.591,127.001,424146,6,chicago-house
0.813,0.863,-8.587,0.0563,0.00024,0.89,0.109,0.717,122.93,354960,7,chicago-house
0.852,0.579,-13.224,0.0683,0.000216,0.646,0.165,0.658,128.961,128560,5,chicago-house
0.602,0.846,-7.165,0.0861,0.00118,0.318,0.209,0.578,124.562,322373,7,chicago-house
0.861,0.712,-8.835,0.0992,0.118,0.000105,0.0715,0.849,125.003,387933,5,chicago-house
0.811,0.456,-9.76,0.0749,0.075,0.884,0.0949,0.375,122.012,332512,5,chicago-house
0.8,0.326,-13.164,0.0943,0.0249,0.583,0.0801,0.41,100.055,341000,5,chicago-house
0.714,0.564,-10.803,0.0294,0.000662,0.872,0.0847,0.167,123.098,404000,5,chicago-house
0.714,0.783,-6.518,0.0937,0.000185,0.882,0.173,0.614,126.715,474357,7,chicago-house
0.592,0.885,-5.783,0.197,0.00145,0.334,0.288,0.596,124.008,274836,5,chicago-house
0.744,0.76,-6.718,0.0417,0.000507,0.358,0.358,0.321,119.994,456086,31,chicago-house
0.725,0.624,-9.509,0.0983,0.0105,0.825,0.0617,0.185,127.0,388000,13,chicago-house
0.696,0.694,-5.377,0.0487,0.048,0.229,0.0803,0.874,127.022,526354,15,chicago-house
0.592,0.879,-6.273,0.114,0.000475,0.495,0.221,0.638,126.08,220972,35,chicago-house
0.769,0.369,-13.277,0.0627,0.0318,0.879,0.0814,0.597,93.998,309666,26,chicago-house
0.949,0.413,-7.536,0.0507,0.000985,0.00502,0.0584,0.213,123.991,407591,35,chicago-house
0.828,0.694,-11.309,0.0413,0.00216,0.877,0.0497,0.237,125.001,388149,13,chicago-house
0.902,0.387,-11.181,0.137,0.121,0.0409,0.164,0.712,99.805,181453,22,chicago-house
0.64,0.519,-10.886,0.06,0.0271,0.944,0.0769,0.478,190.051,288266,26,chicago-house
0.779,0.86,-4.609,0.137,0.123,0.0696,0.102,0.232,122.079,332950,5,chicago-house
0.803,0.956,-5.975,0.0596,0.00188,0.893,0.204,0.478,123.01,420008,15,chicago-house
0.562,0.882,-3.087,0.0298,3.88e-05,0.834,0.1,0.289,129.995,166384,6,chicago-house
0.577,0.749,-14.634,0.0727,5.69e-06,0.865,0.128,0.156,151.049,481313,6,chicago-house
0.699,0.765,-10.522,0.0994,0.000289,0.922,0.145,0.47,141.92,614146,7,chicago-house
0.768,0.692,-5.304,0.0386,0.00627,0.727,0.291,0.476,126.036,203809,5,chicago-house
0.823,0.708,-7.411,0.273,0.0371,5.16e-06,0.0638,0.478,120.538,334617,5,chicago-house
0.766,0.512,-17.133,0.0812,0.00517,0.299,0.341,0.862,120.88,333560,6,chicago-house
0.804,0.647,-11.555,0.0705,0.00447,0.408,0.0733,0.399,119.384,215133,5,chicago-house
0.733,0.872,-4.032,0.0482,0.0771,0.859,0.0684,0.488,124.019,155685,6,chicago-house
0.801,0.897,-6.116,0.057,0.00314,0.712,0.0846,0.388,126.028,216093,6,chicago-house
0.801,0.809,-8.521,0.0496,0.00097,0.0848,0.452,0.541,120.008,422836,5,chicago-house
0.738,0.557,-9.603,0.158,0.00406,0.0823,0.476,0.268,124.948,351360,5,chicago-house
0.748,0.843,-8.09,0.0507,0.00102,0.896,0.0569,0.286,128.014,363750,5,chicago-house
0.626,0.856,-4.634,0.0678,0.0299,0.0145,0.648,0.386,126.047,266666,21,chicago-house
0.599,0.895,-3.658,0.086,0.000923,2e-06,0.344,0.569,128.014,202586,7,chicago-house
0.842,0.865,-8.875,0.0705,0.000553,0.689,0.0611,0.645,126.034,355238,4,chicago-house
0.779,0.761,-9.786,0.0561,0.0043,0.0367,0.0616,0.531,123.04,475121,6,chicago-house
0.795,0.733,-7.609,0.0724,0.00634,0.497,0.093,0.936,110.787,480000,7,chicago-house
0.823,0.708,-7.411,0.273,0.0371,5.16e-06,0.0638,0.478,120.538,334576,5,chicago-house
0.815,0.497,-9.933,0.0976,0.00293,0.577,0.368,0.67,119.872,284618,6,chicago-house
0.759,0.743,-5.481,0.0401,0.00531,0.00149,0.0326,0.517,124.985,251546,7,chicago-house
0.778,0.666,-4.428,0.0542,0.00389,0.368,0.162,0.765,125.034,314894,4,chicago-house
0.785,0.906,-10.132,0.0525,1.78e-05,0.733,0.0601,0.515,123.974,407962,5,chicago-house
0.867,0.585,-7.387,0.0982,0.000732,0.00712,0.0727,0.644,121.136,388293,6,chicago-house
0.807,0.611,-8.711,0.0502,0.000618,0.839,0.098,0.518,121.023,491900,7,chicago-house
0.698,0.899,-6.693,0.0826,0.156,0.892,0.118,0.721,198.713,357337,5,chicago-house
0.892,0.722,-7.478,0.0611,0.0111,0.182,0.0902,0.141,121.995,472084,6,chicago-house
0.607,0.948,-4.498,0.0549,0.0292,0.0387,0.247,0.303,123.981,224000,5,chicago-house
0.806,0.805,-10.651,0.11,0.00143,0.363,0.406,0.885,123.05,315411,7,chicago-house
0.699,0.895,-3.814,0.106,0.0084,0.0,0.232,0.549,130.027,242694,4,chicago-house
0.754,0.834,-4.968,0.115,0.000102,8.62e-05,0.0681,0.32,129.994,413719,5,chicago-house
0.803,0.665,-12.304,0.0376,0.0308,0.898,0.103,0.193,123.06,288840,6,chicago-house
0.766,0.729,-7.746,0.0556,0.0035,0.0619,0.0288,0.526,123.997,453870,5,chicago-house
0.802,0.798,-8.947,0.048,6.54e-06,0.704,0.0887,0.322,118.98,290646,6,chicago-house
0.84,0.521,-8.47,0.0691,0.00799,0.294,0.0815,0.707,129.539,229778,6,chicago-house
0.834,0.875,-6.996,0.0513,0.0674,0.00267,0.37,0.899,119.634,370040,7,chicago-house
0.861,0.502,-9.792,0.0496,0.0161,0.176,0.041,0.748,125.992,373934,6,chicago-house
0.776,0.682,-7.593,0.05,0.0351,0.006,0.0833,0.471,109.945,340509,7,chicago-house
0.858,0.582,-7.513,0.0381,0.00124,0.000844,0.167,0.123,122.422,345343,6,chicago-house
0.591,0.784,-13.84,0.0521,0.0303,0.917,0.11,0.688,122.588,301880,29,chicago-house
0.753,0.702,-10.956,0.0579,0.000226,0.906,0.0757,0.252,121.404,382266,32,chicago-house
0.667,0.865,-5.116,0.396,0.00569,2.38e-06,0.101,0.489,119.79,385753,5,chicago-house
0.771,0.959,-4.775,0.0522,5.15e-06,0.907,0.0576,0.43,143.019,338879,7,chicago-house
0.645,0.809,-7.242,0.0334,0.00501,0.0343,0.105,0.0774,124.024,221612,31,chicago-house
0.667,0.946,-7.969,0.0822,0.088,0.287,0.109,0.0855,126.01,462857,6,chicago-house
0.796,0.608,-10.196,0.0573,0.232,0.893,0.0963,0.307,123.004,453532,6,chicago-house
0.835,0.675,-6.846,0.0526,0.0144,0.743,0.0775,0.36,127.747,588456,6,chicago-house
0.797,0.941,-4.132,0.0563,1.02e-05,0.467,0.0481,0.528,123.468,319831,5,chicago-house
0.696,0.991,-5.565,0.0503,0.0239,0.841,0.0831,0.642,127.986,557727,5,chicago-house
0.872,0.959,-2.895,0.0769,0.0154,0.0812,0.108,0.917,128.991,301406,6,chicago-house
0.798,0.915,-7.741,0.0605,0.0396,0.466,0.256,0.98,122.068,259653,5,chicago-house
0.713,0.691,-8.558,0.0437,0.00691,0.822,0.0779,0.465,119.994,386402,5,chicago-house
0.961,0.877,-5.38,0.151,0.00166,1.54e-05,0.275,0.365,117.507,290145,6,chicago-house
0.753,0.334,-16.452,0.0453,0.269,0.125,0.109,0.883,103.99,252115,5,chicago-house
0.829,0.573,-13.564,0.0702,0.00098,0.89,0.0925,0.678,127.746,515159,6,chicago-house
0.936,0.827,-7.689,0.043,0.000465,0.0185,0.0554,0.963,128.087,193125,5,chicago-house
0.811,0.644,-9.144,0.033,0.117,0.00305,0.303,0.909,105.089,292533,7,chicago-house
0.605,0.902,-6.537,0.0382,0.00624,0.0061,0.136,0.768,124.991,200659,6,chicago-house
0.905,0.961,-6.338,0.0899,0.000615,0.883,0.0797,0.743,125.85,282750,6,chicago-house
0.811,0.699,-10.887,0.0709,0.00321,0.102,0.0385,0.791,116.011,289655,6,chicago-house
0.835,0.675,-6.846,0.0527,0.0144,0.744,0.0775,0.358,127.743,588416,5,chicago-house
0.808,0.939,-6.807,0.0485,0.00059,0.751,0.0762,0.517,122.003,368852,6,chicago-house
0.8,0.816,-8.641,0.0725,0.0158,0.000862,0.0465,0.853,130.641,472315,5,chicago-house
0.752,0.753,-7.568,0.0622,0.00732,0.262,0.591,0.209,121.988,432786,5,chicago-house
0.782,0.669,-6.133,0.17,0.00184,0.273,0.0461,0.606,125.131,310581,7,chicago-house
0.721,0.981,-4.713,0.0554,0.000283,0.855,0.0669,0.499,124.137,297401,5,chicago-house
0.834,0.805,-4.098,0.0425,0.000384,0.0494,0.311,0.687,123.987,412186,5,chicago-house
0.803,0.925,-6.146,0.0481,8.42e-05,0.889,0.0397,0.0387,123.972,298064,7,chicago-house
0.909,0.816,-4.276,0.0415,0.00286,0.216,0.0739,0.699,123.999,828693,7,chicago-house
0.866,0.715,-11.844,0.0806,0.00472,0.00381,0.0449,0.807,120.353,223400,7,chicago-house
0.798,0.909,-4.826,0.0485,0.00065,0.121,0.0342,0.728,119.666,338203,6,chicago-house
0.626,0.511,-9.595,0.0305,0.162,0.874,0.0899,0.279,89.99,310891,7,chicago-house
0.751,0.863,-4.078,0.0668,0.00194,0.417,0.0474,0.862,123.99,429798,6,chicago-house
0.616,0.793,-7.065,0.0652,0.00184,2.04e-05,0.0867,0.619,115.413,386935,5,chicago-house
0.755,0.947,-7.98,0.0447,0.000167,0.847,0.0431,0.576,126.052,242857,5,chicago-house
0.841,0.768,-4.817,0.0649,0.00296,0.0437,0.0682,0.916,124.008,456931,6,chicago-house
0.657,0.9,-6.148,0.0374,0.0335,0.000115,0.119,0.745,119.668,240733,5,chicago-house
0.802,0.8,-8.543,0.11,0.00388,0.89,0.0704,0.636,124.233,303973,5,chicago-house
0.777,0.687,-7.744,0.0611,0.0065,0.0082,0.0274,0.425,123.993,287419,5,chicago-house
0.819,0.743,-4.096,0.399,0.0374,4.81e-05,0.0971,0.624,125.604,444290,5,chicago-house
0.703,0.966,-4.632,0.047,0.00733,0.66,0.0869,0.253,124.005,503609,5,chicago-house
0.79,0.703,-11.263,0.178,1.31e-05,0.921,0.122,0.968,135.097,71026,5,chicago-house
0.72,0.931,-4.577,0.0378,0.00374,0.0772,0.0558,0.866,123.507,250546,5,chicago-house
0.83,0.98,-6.012,0.172,0.304,0.0635,0.0788,0.322,124.81,397253,6,chicago-house
0.708,0.603,-13.591,0.0436,4.2e-05,0.642,0.0489,0.632,119.9,454960,5,chicago-house
0.699,0.855,-5.798,0.0793,0.00427,0.00925,0.102,0.175,124.962,435414,5,chicago-house
0.84,0.868,-7.038,0.0887,0.000838,0.0918,0.097,0.966,119.724,414351,5,chicago-house
0.956,0.866,-5.775,0.12,0.0528,0.123,0.356,0.632,118.429,461213,5,chicago-house
0.614,0.83,-6.903,0.0331,0.00854,0.203,0.103,0.0389,126.981,351440,5,chicago-house
0.843,0.388,-8.248,0.0762,0.000155,0.84,0.0509,0.719,122.003,394443,21,chicago-house
0.833,0.928,-5.17,0.0583,0.0308,0.0974,0.109,0.912,125.997,210181,40,chicago-house
0.731,0.859,-6.209,0.0414,0.000652,0.000184,0.116,0.573,121.867,456911,34,chicago-house
0.792,0.918,-14.205,0.0713,0.018,0.918,0.129,0.506,120.438,737173,31,chicago-house
0.568,0.853,-7.297,0.0442,0.0783,0.834,0.0816,0.551,125.012,546033,28,chicago-house
0.802,0.799,-10.603,0.061,0.00734,0.577,0.542,0.322,124.941,462239,5,chicago-house
0.726,0.611,-15.896,0.0619,0.0123,0.269,0.0463,0.465,120.236,377400,7,chicago-house
0.755,0.417,-9.865,0.0904,0.000658,0.765,0.0939,0.705,120.981,351198,6,chicago-house
0.801,0.736,-9.798,0.055,0.000883,0.299,0.0873,0.857,125.004,377760,7,chicago-house
0.892,0.685,-4.404,0.267,0.0411,0.928,0.086,0.76,154.9,50773,7,chicago-house
0.801,0.699,-19.539,0.112,0.0856,0.756,0.11,0.905,120.834,285904,5,chicago-house
0.803,0.864,-8.205,0.0764,0.0604,0.878,0.0918,0.504,129.918,228400,5,chicago-house
0.747,0.377,-20.66,0.0966,0.00164,0.934,0.111,0.367,120.8,300746,5,chicago-house
0.714,0.625,-14.395,0.0542,0.0114,0.68,0.11,0.693,121.78,282613,7,chicago-house
0.857,0.503,-12.762,0.089,0.00141,0.917,0.108,0.44,127.947,437906,5,chicago-house
0.811,0.794,-10.299,0.0522,1e-05,0.919,0.0604,0.376,120.016,352989,6,chicago-house
0.668,0.614,-14.337,0.0467,0.0878,0.886,0.102,0.33,126.561,338333,5,chicago-house
0.781,0.885,-8.531,0.0839,0.157,0.212,0.0744,0.375,125.98,312630,7,chicago-house
0.706,0.842,-8.506,0.0404,0.0439,0.015,0.208,0.768,120.46,243946,5,chicago-house
0.706,0.828,-4.588,0.11,0.124,0.0,0.0775,0.619,129.963,350461,7,chicago-house
0.916,0.827,-8.373,0.102,0.00399,0.0665,0.289,0.526,117.234,293939,5,chicago-house
0.811,0.631,-13.117,0.137,0.00021,0.875,0.0863,0.593,127.487,517607,7,chicago-house
0.847,0.976,-5.969,0.0855,0.000591,0.566,0.175,0.423,125.001,378240,7,chicago-house
0.884,0.447,-12.79,0.296,0.16,0.904,0.111,0.292,128.066,351666,6,chicago-house
0.803,0.679,-9.98,0.0554,0.00981,0.873,0.0775,0.346,119.999,337060,7,chicago-house
0.849,0.597,-10.738,0.22,0.116,0.716,0.181,0.452,121.025,405495,4,chicago-house
0.804,0.961,-5.966,0.0592,0.0051,0.415,0.0251,0.379,125.004,334080,7,chicago-house
0.823,0.884,-5.27,0.0891,0.00253,0.101,0.0698,0.327,119.92,232707,7,chicago-house
0.765,0.559,-14.452,0.0787,0.00141,0.936,0.0574,0.289,118.872,463837,4,chicago-house
0.671,0.977,-5.192,0.0357,0.00644,0.635,0.285,0.872,121.046,277746,5,chicago-house
0.791,0.873,-7.894,0.0811,0.000124,0.791,0.544,0.437,123.999,414229,5,chicago-house
0.74,0.361,-22.078,0.0687,0.185,0.308,0.0454,0.775,119.993,364760,4,chicago-house
0.782,0.946,-3.568,0.0796,0.000327,0.584,0.144,0.799,129.095,240933,6,chicago-house
0.655,0.896,-4.812,0.0772,0.0153,1.26e-05,0.0793,0.82,124.019,180000,5,chicago-house
0.868,0.412,-8.561,0.105,0.000437,0.272,0.106,0.572,124.02,496930,5,chicago-house
0.74,0.863,-10.917,0.0717,0.0663,0.389,0.142,0.18,126.731,514773,7,chicago-house
0.804,0.747,-9.973,0.0687,0.0248,0.911,0.105,0.535,131.302,310746,6,chicago-house
0.918,0.947,-7.252,0.1,0.00281,0.876,0.0442,0.739,130.388,310760,6,chicago-house
0.822,0.746,-11.951,0.0822,5.39e-05,0.325,0.0346,0.589,122.754,393133,5,chicago-house
0.622,0.741,-11.801,0.0504,0.00661,0.0103,0.0943,0.726,118.117,374773,6,chicago-house
0.749,0.86,-11.942,0.0422,0.000801,0.778,0.0831,0.721,122.83,264200,6,chicago-house
0.839,0.974,-6.99,0.0655,0.00113,0.481,0.0261,0.813,125.006,543883,6,chicago-house
0.882,0.64,-8.138,0.258,0.00748,0.247,0.147,0.536,126.248,210612,5,chicago-house
0.808,0.658,-10.857,0.105,0.0234,0.0257,0.0361,0.781,120.958,346200,4,chicago-house
0.812,0.928,-7.541,0.086,2.79e-05,0.905,0.0864,0.104,124.983,356806,5,chicago-house
0.779,0.869,-6.42,0.103,0.00364,0.206,0.0936,0.672,124.007,363610,5,chicago-house
0.806,0.914,-8.58,0.0504,0.00473,0.916,0.055,0.794,117.121,268040,6,chicago-house
0.612,0.739,-3.698,0.0261,0.0116,7.53e-05,0.0826,0.419,127.98,241812,6,chicago-house
0.806,0.838,-6.7,0.0477,0.00376,0.867,0.05,0.89,122.6,336986,5,chicago-house
0.806,0.815,-6.362,0.0462,0.000563,0.373,0.0368,0.819,125.002,399157,5,chicago-house
0.75,0.365,-15.05,0.0625,0.00474,0.87,0.0775,0.323,121.988,407893,33,chicago-house
0.783,0.978,-8.736,0.0534,0.00966,0.933,0.0952,0.509,119.239,709466,26,chicago-house
0.847,0.398,-10.012,0.38,0.618,0.0374,0.104,0.137,122.066,185966,5,chicago-house
0.891,0.511,-9.948,0.0937,0.00129,0.94,0.332,0.103,123.058,641584,28,chicago-house
0.805,0.908,-8.805,0.0492,0.00051,0.81,0.0784,0.642,125.017,499477,6,chicago-house
0.738,0.671,-8.623,0.0387,0.000626,0.751,0.371,0.214,125.024,343829,7,chicago-house
0.589,0.804,-6.105,0.032,0.0243,0.929,0.139,0.925,123.031,334298,37,chicago-house
0.621,0.99,-6.595,0.0429,0.000157,0.877,0.124,0.669,125.983,208210,25,chicago-house
0.78,0.732,-10.069,0.0673,0.00184,0.000208,0.15,0.706,118.349,255866,7,chicago-house
0.672,0.83,-8.201,0.0357,0.00161,0.000255,0.113,0.878,123.016,195121,5,chicago-house
0.871,0.654,-8.836,0.0512,0.012,0.018,0.0995,0.568,125.023,380160,4,chicago-house
0.721,0.555,-17.33,0.0508,0.00317,0.539,0.057,0.961,124.004,538933,7,chicago-house
0.659,0.827,-6.586,0.0627,0.13,2.21e-05,0.0905,0.409,104.027,252733,6,chicago-house
0.781,0.755,-8.189,0.0425,0.00106,0.679,0.0952,0.379,123.001,630263,5,chicago-house
0.672,0.85,-5.951,0.0403,0.0473,7.36e-06,0.0459,0.869,115.032,225391,6,chicago-house
0.708,0.707,-8.954,0.0332,0.00181,0.0,0.0432,0.716,123.102,309160,4,chicago-house
0.736,0.506,-15.73,0.0465,0.00203,0.00633,0.0882,0.441,110.004,329226,4,chicago-house
0.808,0.384,-14.335,0.134,0.345,0.722,0.0381,0.923,120.006,550826,6,chicago-house
0.807,0.406,-8.986,0.0814,0.00397,0.191,0.0973,0.608,123.01,645164,7,chicago-house
0.879,0.871,-7.232,0.0903,0.0191,0.389,0.209,0.96,125.082,422701,7,chicago-house
0.663,0.57,-10.465,0.0304,0.0426,0.0122,0.281,0.687,103.287,262733,5,chicago-house
0.758,0.867,-11.136,0.0391,0.0174,0.87,0.0391,0.951,111.009,267480,5,chicago-house
0.796,0.61,-11.599,0.0774,0.00424,0.912,0.0543,0.877,125.521,730552,6,chicago-house
0.783,0.61,-11.324,0.0506,0.00265,0.2,0.046,0.512,120.015,345000,7,chicago-house
0.715,0.825,-5.879,0.0533,0.0679,0.615,0.164,0.723,123.98,215898,5,chicago-house
0.859,0.592,-8.29,0.0801,0.00202,0.909,0.0629,0.393,125.014,396480,5,chicago-house
0.764,0.675,-7.785,0.0406,0.00761,2.12e-05,0.253,0.594,122.958,397200,6,chicago-house
0.81,0.483,-14.441,0.117,0.089,0.826,0.0924,0.445,115.007,366213,5,chicago-house
0.715,0.686,-11.002,0.0531,0.0119,0.939,0.0587,0.764,120.034,555876,5,chicago-house
0.788,0.556,-17.265,0.0778,0.0356,0.894,0.0485,0.821,124.906,469170,5,chicago-house
0.805,0.866,-9.129,0.119,3.51e-05,0.558,0.0278,0.54,126.303,488100,4,chicago-house
0.638,0.928,-8.684,0.0344,0.0158,0.454,0.0994,0.824,124.008,422939,6,chicago-house
0.696,0.524,-16.11,0.0489,0.000879,0.252,0.104,0.672,122.015,397133,7,chicago-house
0.737,0.73,-5.26,0.0895,0.0301,7.39e-05,0.0934,0.334,123.987,203839,6,chicago-house
0.686,0.805,-6.645,0.0513,0.294,1.29e-06,0.0829,0.544,124.038,221766,7,chicago-house
0.844,0.962,-8.688,0.0561,0.000774,0.823,0.0307,0.31,126.245,374169,4,chicago-house
0.555,0.836,-8.404,0.054,0.0631,0.772,0.0502,0.488,124.525,401026,6,chicago-house
0.806,0.936,-10.42,0.049,0.346,0.936,0.0745,0.806,117.027,396971,4,chicago-house
0.807,0.68,-9.243,0.069,0.169,0.322,0.0924,0.848,115.029,369333,6,chicago-house
0.69,0.927,-10.0,0.0544,0.145,4.08e-06,0.103,0.911,119.091,218840,7,chicago-house
0.727,0.679,-16.982,0.0581,0.000182,0.865,0.0919,0.886,124.006,383160,6,chicago-house
0.686,0.832,-5.651,0.0363,0.0297,0.0,0.232,0.798,123.995,220644,5,chicago-house
0.807,0.647,-10.583,0.0936,0.000537,0.746,0.0647,0.606,122.982,406357,5,chicago-house
0.77,0.642,-10.841,0.0756,0.0206,0.914,0.102,0.369,124.073,642619,5,chicago-house
0.595,0.77,-10.772,0.0315,9.76e-05,0.929,0.0733,0.307,119.0,535475,7,chicago-house
0.687,0.766,-6.059,0.0286,0.133,0.73,0.189,0.584,99.991,326391,7,chicago-house
0.755,0.739,-11.489,0.0503,0.211,0.348,0.179,0.695,123.451,258546,5,chicago-house
0.771,0.838,-9.752,0.0769,0.169,0.18,0.117,0.647,124.004,395800,5,chicago-house
0.566,0.684,-7.956,0.0486,0.0622,0.00258,0.103,0.393,173.984,297937,6,chicago-house
0.76,0.829,-7.177,0.0388,0.0125,0.000555,0.322,0.535,122.97,273632,5,chicago-house
0.742,0.842,-7.68,0.0411,0.137,0.768,0.145,0.593,129.825,525535,36,chicago-house
0.824,0.568,-13.099,0.0649,0.00173,0.206,0.265,0.68,125.0,353678,31,chicago-house
0.796,0.55,-13.184,0.0684,0.372,0.759,0.0885,0.643,109.985,403365,30,chicago-house
0.699,0.578,-15.418,0.0333,0.00906,0.929,0.117,0.555,117.003,279224,37,chicago-house
0.784,0.956,-9.748,0.0474,0.22,0.837,0.105,0.207,127.379,352840,6,chicago-house
0.572,0.874,-9.169,0.0379,0.0939,0.884,0.0918,0.293,124.99,209208,7,chicago-house
0.841,0.775,-9.455,0.0808,0.0006,0.234,0.104,0.897,124.997,476441,5,chicago-house
0.833,0.598,-10.02,0.0491,0.000286,0.768,0.0894,0.567,131.209,526625,5,chicago-house
0.81,0.84,-6.616,0.0442,0.00551,8.98e-05,0.0459,0.77,123.994,310799,5,chicago-house
0.793,0.905,-7.258,0.124,0.000199,0.941,0.0291,0.473,132.796,311649,6,chicago-house
0.802,0.603,-14.025,0.0553,0.000431,0.906,0.0855,0.636,122.996,421463,5,chicago-house
0.802,0.704,-10.047,0.0776,6.66e-05,0.898,0.349,0.269,124.844,395626,5,chicago-house
0.748,0.563,-12.641,0.0375,0.0224,0.847,0.0867,0.848,130.367,335933,5,chicago-house
0.734,0.811,-5.988,0.188,0.0319,0.731,0.0897,0.197,130.013,518559,7,chicago-house
0.668,0.535,-10.127,0.0571,0.00015,0.71,0.0941,0.566,123.01,344420,6,chicago-house
0.796,0.835,-6.362,0.0531,0.0187,0.154,0.0592,0.75,132.991,333063,5,chicago-house
0.777,0.86,-10.591,0.191,0.000236,0.876,0.126,0.443,127.445,285160,6,chicago-house
0.783,0.805,-6.894,0.0821,0.00078,0.0403,0.0981,0.36,125.004,460000,5,chicago-house
0.697,0.586,-13.09,0.0348,0.123,0.938,0.0919,0.865,129.431,326666,6,chicago-house
0.658,0.647,-5.901,0.0414,0.0431,0.0,0.333,0.418,88.104,239706,5,chicago-house
0.79,0.939,-5.677,0.0593,0.000267,0.184,0.0425,0.884,122.99,296585,4,chicago-house
0.771,0.817,-8.984,0.042,0.0184,0.871,0.0847,0.474,119.012,403899,5,chicago-house
0.686,0.744,-11.615,0.0484,0.0325,0.175,0.0993,0.885,124.008,506000,5,chicago-house
0.692,0.628,-11.246,0.0325,0.0314,1.37e-06,0.0672,0.788,113.036,398349,7,chicago-house
0.906,0.918,-8.041,0.0839,0.000146,0.845,0.116,0.51,126.953,551999,6,chicago-house
0.948,0.912,-11.146,0.209,0.00793,0.867,0.103,0.759,122.98,332000,7,chicago-house
0.829,0.771,-9.116,0.147,0.0805,0.832,0.106,0.389,123.625,288853,5,chicago-house
0.671,0.717,-13.213,0.0439,0.00022,0.918,0.0821,0.609,119.007,343670,5,chicago-house
0.687,0.639,-13.327,0.0626,0.00861,0.89,0.0828,0.805,123.005,479786,5,chicago-house
0.829,0.721,-11.474,0.0523,0.0126,0.179,0.144,0.561,128.037,540201,4,chicago-house
0.662,0.828,-7.288,0.0352,0.0494,0.0,0.0571,0.802,112.957,390213,6,chicago-house
0.76,0.64,-9.455,0.0554,0.0551,0.827,0.088,0.504,106.8,293221,7,chicago-house
0.592,0.785,-10.648,0.0391,2.35e-05,0.879,0.357,0.451,117.748,295334,5,chicago-house
0.794,0.495,-16.455,0.0694,0.000135,0.868,0.0402,0.923,124.017,380346,7,chicago-house
0.8,0.866,-9.256,0.0532,0.00028,0.21,0.0295,0.546,126.371,466600,6,chicago-house
0.857,0.743,-4.063,0.148,0.000739,0.848,0.0959,0.388,131.01,351886,5,chicago-house
0.835,0.951,-5.805,0.065,0.000502,0.0349,0.0399,0.349,127.008,306141,7,chicago-house
0.767,0.972,-7.847,0.0685,8.69e-06,0.898,0.0785,0.893,127.412,319868,6,chicago-house
0.804,0.735,-5.297,0.0475,0.000954,0.641,0.0501,0.623,124.016,222600,7,chicago-house
0.814,0.751,-6.663,0.0674,0.000753,0.9,0.0878,0.43,123.012,365883,6,chicago-house
0.812,0.921,-4.908,0.0665,0.00162,0.676,0.311,0.385,124.988,378392,5,chicago-house
0.804,0.678,-11.94,0.0496,0.0697,0.919,0.0854,0.741,124.679,480200,5,chicago-house
0.765,0.637,-11.104,0.0503,8.39e-05,0.701,0.114,0.323,129.109,432133,7,chicago-house
0.65,0.975,-6.992,0.0411,0.00068,0.395,0.101,0.435,125.938,243981,6,chicago-house
0.842,0.671,-5.661,0.0753,0.00117,0.676,0.0259,0.668,124.005,393125,5,chicago-house
0.781,0.545,-9.955,0.0474,0.0159,0.826,0.0918,0.564,110.021,366916,6,chicago-house
0.796,0.606,-14.969,0.0518,0.00398,0.0919,0.049,0.531,121.895,388693,6,chicago-house
0.639,0.415,-7.337,0.0879,0.00157,0.383,0.105,0.531,169.964,268392,5,chicago-house
0.842,0.671,-5.665,0.0759,0.00115,0.672,0.0259,0.676,124.005,393125,5,chicago-house
0.728,0.797,-9.004,0.036,1.04e-05,0.756,0.626,0.661,128.025,759400,6,chicago-house
0.53,0.584,-11.891,0.218,0.274,0.0,0.158,0.575,81.854,251520,58,disney
0.689,0.333,-12.134,0.0307,0.817,5.13e-06,0.285,0.471,115.835,124160,71,disney
0.274,0.144,-14.516,0.0482,0.92,0.000388,0.29,0.302,61.551,195493,70,disney
0.655,0.789,-3.995,0.0489,0.423,0.0,0.13,0.66,92.968,52866,55,disney
0.571,0.307,-10.958,0.0499,0.649,0.0,0.178,0.108,83.72,163386,49,disney
0.27,0.623,-9.841,0.093,0.0972,0.349,0.267,0.463,157.24,140160,52,disney
0.46,0.574,-7.414,0.112,0.318,0.0,0.1,0.37,67.697,165533,56,disney
0.297,0.518,-8.152,0.0378,0.412,1.1e-05,0.298,0.496,81.425,241800,56,disney
0.686,0.379,-15.243,0.223,0.856,0.0,0.103,0.923,137.953,84720,60,disney
0.402,0.391,-16.112,0.0406,0.0634,0.0,0.296,0.568,83.789,239146,67,disney
0.408,0.313,-18.09,0.137,0.617,1.18e-05,0.115,0.725,170.013,213600,72,disney
0.511,0.475,-14.667,0.161,0.708,0.0,0.105,0.819,98.957,195146,69,disney
0.524,0.504,-7.641,0.05,0.82,0.0,0.0817,0.327,123.66,333265,64,disney
0.403,0.259,-11.371,0.166,0.829,1.61e-06,0.0451,0.473,69.283,190440,66,disney
0.737,0.637,-6.308,0.0735,0.262,0.0,0.319,0.537,100.033,124733,71,disney
0.306,0.121,-15.551,0.0554,0.85,0.000176,0.257,0.166,174.053,206506,70,disney
0.577,0.791,-7.078,0.0507,0.00381,3.31e-05,0.316,0.283,135.901,206007,55,disney
0.354,0.411,-6.018,0.0344,0.815,1e-06,0.106,0.43,90.831,225080,69,disney
0.537,0.307,-10.967,0.0545,0.649,0.0,0.177,0.114,83.632,163386,66,disney
0.622,0.364,-10.547,0.0328,0.178,5.84e-06,0.122,0.221,120.075,199906,60,disney
0.737,0.636,-6.308,0.0737,0.262,0.0,0.319,0.537,100.033,124733,62,disney
0.566,0.543,-4.485,0.0314,0.613,0.0,0.106,0.299,89.937,209964,67,disney
0.239,0.614,-9.819,0.0773,0.0904,0.403,0.129,0.47,155.658,140413,62,disney
0.296,0.119,-14.256,0.0475,0.839,1.59e-05,0.385,0.146,170.037,216773,60,disney
0.362,0.338,-9.321,0.0393,0.806,0.0,0.3,0.389,93.999,149640,62,disney
0.273,0.227,-15.742,0.0351,0.848,2.31e-06,0.102,0.142,129.272,160306,51,disney
0.258,0.0867,-20.752,0.0365,0.722,0.00156,0.139,0.138,136.724,166506,38,disney
0.486,0.374,-13.21,0.0685,0.647,0.0,0.111,0.54,167.943,181906,37,disney
0.373,0.205,-18.203,0.0482,0.989,0.943,0.114,0.223,131.898,290146,0,disney
0.538,0.481,-8.716,0.0997,0.545,0.0,0.086,0.191,95.914,105293,61,disney
0.393,0.534,-10.573,0.058,0.605,0.0,0.455,0.883,86.681,144480,39,disney
0.337,0.149,-14.073,0.0395,0.945,0.0,0.125,0.39,70.592,197008,42,disney
0.459,0.327,-9.208,0.0299,0.762,0.0,0.0982,0.369,106.113,170200,35,disney
0.648,0.552,-13.805,0.0914,0.605,0.0,0.407,0.79,97.886,149173,36,disney
0.617,0.43,-13.496,0.0465,0.806,0.0,0.131,0.449,115.112,124133,44,disney
0.388,0.0546,-21.522,0.0358,0.987,0.906,0.13,0.0479,68.497,256250,0,disney
0.312,0.218,-13.74,0.0353,0.8,3.69e-05,0.336,0.0801,92.171,146013,39,disney
0.721,0.576,-7.044,0.142,0.408,0.0,0.109,0.613,146.011,185466,46,disney
0.476,0.46,-11.914,0.279,0.903,0.0,0.0725,0.562,106.159,229640,0,disney
0.447,0.247,-13.66,0.0537,0.661,0.0,0.132,0.347,129.337,81906,38,disney
0.703,0.18,-15.426,0.435,0.847,0.0,0.104,0.157,82.376,51360,37,disney
0.603,0.487,-7.855,0.165,0.549,0.0,0.285,0.792,109.349,179600,36,disney
0.363,0.0767,-14.708,0.0348,0.949,1.95e-05,0.469,0.172,106.405,216773,37,disney
0.289,0.2,-13.074,0.0325,0.974,1.92e-05,0.123,0.208,93.343,235626,0,disney
0.168,0.388,-11.983,0.04,0.792,0.804,0.282,0.045,90.142,45920,37,disney
0.47,0.3,-9.592,0.0676,0.825,0.0,0.0827,0.416,143.446,149813,37,disney
0.526,0.674,-6.896,0.21,0.671,0.0,0.285,0.963,94.286,124753,39,disney
0.555,0.379,-16.134,0.101,0.546,0.0,0.758,0.653,122.931,142493,36,disney
0.215,0.128,-17.217,0.0341,0.924,0.85,0.0761,0.121,56.646,208360,37,disney
0.629,0.753,-8.356,0.0753,0.261,9.5e-06,0.0898,0.843,98.887,171600,39,disney
0.285,0.396,-8.741,0.0318,0.674,6.6e-05,0.102,0.219,79.442,194541,64,disney
0.698,0.301,-13.063,0.03,0.82,2.16e-06,0.2,0.474,115.643,124386,57,disney
0.445,0.114,-17.2,0.0466,0.994,0.929,0.0937,0.137,79.087,222343,37,disney
0.16,0.145,-20.495,0.0359,0.941,0.0919,0.103,0.0946,173.443,72626,41,disney
0.488,0.133,-15.865,0.0362,0.895,0.0,0.0595,0.289,128.123,200000,51,disney
0.48,0.638,-6.751,0.185,0.482,0.0,0.133,0.535,174.07,229720,31,disney
0.306,0.132,-19.31,0.0538,0.787,0.0,0.57,0.473,78.46,177786,62,disney
0.427,0.449,-8.37,0.0337,0.827,0.0,0.134,0.231,83.197,87346,39,disney
0.491,0.45,-11.174,0.0458,0.0939,0.0449,0.0567,0.282,106.932,146416,42,disney
0.55,0.332,-10.683,0.175,0.826,0.0,0.206,0.552,110.539,98320,64,disney
0.272,0.0505,-21.689,0.0371,0.963,8.53e-05,0.0949,0.155,88.203,133026,52,disney
0.719,0.825,-4.26,0.0521,0.39,3.75e-06,0.103,0.798,98.023,167933,65,disney
0.434,0.711,-3.875,0.0533,0.494,0.0,0.15,0.819,71.655,62613,55,disney
0.567,0.543,-4.485,0.0313,0.613,0.0,0.106,0.299,89.937,209964,52,disney
0.565,0.319,-13.542,0.215,0.497,5.66e-05,0.0777,0.305,115.287,123733,35,disney
0.41,0.062,-25.843,0.0617,0.994,0.975,0.085,0.446,173.776,121685,33,disney
0.357,0.278,-11.197,0.0693,0.95,1.08e-05,0.107,0.208,88.085,119440,33,disney
0.581,0.474,-6.74,0.0347,0.577,0.0,0.106,0.474,139.938,118920,34,disney
0.687,0.474,-15.6,0.0429,0.31,0.00259,0.0905,0.82,98.888,170906,35,disney
0.439,0.00928,-33.082,0.0556,0.995,0.951,0.13,0.0677,133.423,199448,32,disney
0.297,0.25,-13.376,0.0319,0.652,0.0,0.097,0.179,81.996,161573,33,disney
0.675,0.484,-8.389,0.0279,0.722,0.814,0.201,0.797,110.039,129800,33,disney
0.262,0.117,-20.88,0.0456,0.864,0.0,0.551,0.313,80.615,174466,33,disney
0.436,0.0557,-29.955,0.0444,0.991,0.94,0.121,0.324,169.994,298785,33,disney
0.275,0.414,-15.251,0.0549,0.695,0.000299,0.3,0.268,137.625,71373,34,disney
0.614,0.272,-16.646,0.0372,0.678,0.0,0.0883,0.663,134.979,161773,34,disney
0.533,0.133,-12.18,0.0309,0.956,0.972,0.119,0.313,135.934,85350,32,disney
0.514,0.54,-8.158,0.15,0.783,0.0,0.358,0.474,114.684,216866,33,disney
0.708,0.424,-7.048,0.0353,0.724,0.0,0.0722,0.637,101.703,176865,33,disney
0.573,0.315,-13.191,0.0415,0.888,0.879,0.122,0.362,163.972,82550,32,disney
0.37,0.191,-13.765,0.046,0.93,3.15e-06,0.326,0.139,105.458,109466,34,disney
0.524,0.359,-7.664,0.108,0.818,0.0,0.3,0.554,177.263,225266,32,disney
0.647,0.9,-8.645,0.117,0.514,0.0,0.142,0.341,106.341,129213,33,disney
0.607,0.426,-10.044,0.0586,0.454,0.0,0.321,0.606,122.568,219666,34,disney
0.389,0.117,-13.955,0.0428,0.819,1.63e-05,0.408,0.178,128.689,217773,35,disney
0.489,0.148,-13.927,0.0407,0.987,0.962,0.0652,0.315,105.921,85282,32,disney
0.172,0.0563,-27.965,0.0361,0.953,0.952,0.0706,0.0339,74.611,147520,31,disney
0.56,0.179,-13.172,0.0361,0.944,0.805,0.0837,0.408,144.114,83640,32,disney
0.3,0.151,-14.956,0.0395,0.98,0.984,0.0762,0.369,208.125,83752,32,disney
0.504,0.469,-6.534,0.0289,0.604,0.0,0.124,0.244,75.177,180813,34,disney
0.5,0.544,-13.315,0.142,0.799,0.0,0.137,0.493,105.626,171893,35,disney
0.3,0.142,-17.209,0.033,0.922,0.875,0.0761,0.104,57.415,208706,33,disney
0.79,0.397,-12.51,0.0446,0.451,0.778,0.0638,0.637,105.936,83937,32,disney
0.404,0.491,-4.749,0.0286,0.513,0.0,0.127,0.399,144.282,180840,32,disney
0.31,0.0546,-19.296,0.0351,0.964,0.00378,0.245,0.148,90.731,61733,33,disney
0.313,0.126,-14.165,0.0412,0.869,1.31e-05,0.49,0.151,88.914,217693,33,disney
0.646,0.116,-16.07,0.187,0.884,0.0,0.125,0.334,82.769,51360,32,disney
0.591,0.827,-6.73,0.0777,0.444,0.0,0.093,0.804,169.864,159694,33,disney
0.408,0.199,-16.066,0.0765,0.757,0.0,0.402,0.415,75.904,291133,33,disney
0.308,0.221,-17.725,0.0676,0.834,5.09e-06,0.247,0.279,87.163,385586,32,disney
0.287,0.414,-16.228,0.0337,0.324,0.934,0.119,0.238,129.056,191280,39,disney
0.674,0.00277,-21.907,0.0904,0.995,0.933,0.11,0.346,130.297,114651,39,disney
0.561,0.826,-5.842,0.0972,0.00289,0.0,0.432,0.499,141.98,206506,64,disney
0.548,0.153,-16.398,0.0501,0.848,4.09e-05,0.124,0.359,119.842,176400,52,disney
0.188,0.331,-13.421,0.0331,0.955,0.0541,0.092,0.149,77.0,151000,31,disney
0.442,0.0405,-25.777,0.057,0.992,0.962,0.115,0.191,111.388,218266,57,disney
0.299,0.269,-9.719,0.0296,0.938,2.36e-06,0.162,0.161,93.558,160349,55,disney
0.656,0.784,-4.682,0.0376,0.0155,0.0,0.0352,0.541,98.038,191308,41,disney
0.324,0.609,-8.046,0.0475,0.238,1.69e-06,0.218,0.525,83.319,238920,30,disney
0.165,0.171,-17.485,0.038,0.983,0.9,0.125,0.404,181.416,244090,51,disney
0.474,0.82,-7.699,0.243,0.493,0.0,0.0978,0.697,164.718,140573,65,disney
0.554,0.0583,-24.27,0.0458,0.988,0.933,0.119,0.154,118.13,255236,56,disney
0.493,0.544,-9.919,0.0481,0.67,1.66e-05,0.0364,0.773,175.498,105693,31,disney
0.45,0.317,-12.856,0.0381,0.896,5.15e-05,0.216,0.476,123.442,174878,57,disney
0.266,0.144,-17.406,0.0369,0.851,0.0,0.114,0.227,90.513,98080,30,disney
0.224,0.118,-18.663,0.0361,0.915,0.000224,0.3,0.0746,94.705,115502,55,disney
0.494,0.5,-7.176,0.0359,0.475,0.0,0.39,0.183,136.953,229586,29,disney
0.402,0.121,-12.042,0.034,0.978,0.0,0.149,0.347,83.579,80133,30,disney
0.688,0.516,-5.456,0.0261,0.318,0.0,0.111,0.258,126.976,265984,31,disney
0.532,0.0704,-16.727,0.0777,0.937,0.0,0.108,0.192,148.692,73653,31,disney
0.471,0.778,-6.309,0.34,0.186,0.0,0.364,0.683,197.599,202986,30,disney
0.615,0.522,-6.336,0.11,0.729,0.0,0.0819,0.733,132.927,182653,29,disney
0.544,0.444,-8.603,0.0259,0.561,0.0,0.29,0.566,169.949,228266,31,disney
0.664,0.889,-5.144,0.266,0.637,0.0,0.227,0.749,107.074,91906,29,disney
0.561,0.0323,-31.602,0.0598,0.993,0.953,0.118,0.17,171.973,257169,30,disney
0.263,0.152,-18.721,0.036,0.957,0.00026,0.0896,0.136,85.462,135173,31,disney
0.848,0.479,-13.705,0.0855,0.51,1.27e-05,0.104,0.807,124.054,154986,30,disney
0.747,0.612,-7.631,0.0347,0.339,0.0,0.225,0.796,124.906,172306,29,disney
0.201,0.362,-7.985,0.0346,0.858,1.07e-06,0.108,0.114,83.209,213480,29,disney
0.686,0.749,-5.621,0.0641,0.108,1.01e-05,0.0451,0.482,119.239,175223,31,disney
0.265,0.28,-10.714,0.0342,0.348,0.567,0.0638,0.48,149.022,86517,31,disney
0.477,0.294,-9.181,0.0422,0.912,0.0,0.104,0.394,98.962,149826,31,disney
0.448,0.311,-10.409,0.0322,0.87,0.0,0.106,0.353,108.074,170400,31,disney
0.836,0.691,-4.169,0.0298,0.279,0.0,0.334,0.928,114.74,181520,30,disney
0.593,0.517,-7.252,0.144,0.766,0.0,0.0801,0.72,131.409,182653,30,disney
0.808,0.316,-14.883,0.0847,0.434,0.746,0.0797,0.315,96.393,128345,29,disney
0.526,0.509,-11.688,0.0312,0.102,9.07e-05,0.356,0.673,135.505,196133,31,disney
0.232,0.242,-12.093,0.0389,0.82,3e-05,0.316,0.0733,91.546,146426,30,disney
0.493,0.0757,-19.919,0.0313,0.895,0.563,0.115,0.298,75.009,211133,31,disney
0.438,0.512,-6.903,0.029,0.104,0.0,0.165,0.251,139.913,326751,30,disney
0.424,0.321,-11.358,0.0613,0.501,0.601,0.106,0.213,108.063,134786,31,disney
0.711,0.0466,-19.865,0.0657,0.984,0.751,0.107,0.264,96.19,149160,29,disney
0.262,0.0445,-20.49,0.0478,0.995,0.969,0.11,0.441,66.975,92394,30,disney
0.631,0.644,-10.651,0.072,0.756,1.23e-05,0.299,0.64,119.963,231546,30,disney
0.566,0.299,-9.262,0.101,0.611,0.0,0.158,0.58,116.333,111426,31,disney
0.376,0.473,-6.373,0.0269,0.734,0.0,0.132,0.375,151.066,180760,30,disney
0.329,0.166,-10.467,0.0381,0.918,0.000221,0.257,0.159,102.277,125840,31,disney
0.561,0.518,-6.861,0.0424,0.328,0.0,0.0652,0.272,125.798,144136,30,disney
0.814,0.32,-14.865,0.0974,0.454,0.841,0.0795,0.254,96.469,128345,30,disney
0.505,0.761,-4.249,0.0871,0.801,0.0,0.194,0.567,132.481,53040,29,disney
0.513,0.525,-8.57,0.0524,0.949,2.42e-05,0.233,0.887,105.862,77933,56,disney
0.357,0.375,-8.135,0.0372,0.782,0.0,0.139,0.279,131.99,151306,46,disney
0.777,0.428,-14.023,0.0355,0.645,4.77e-05,0.0478,0.456,114.866,187746,51,disney
0.239,0.614,-9.86,0.0732,0.102,0.208,0.112,0.482,156.005,140413,38,disney
0.676,0.779,-3.493,0.0656,0.182,0.0,0.0352,0.511,122.026,161466,52,disney
0.708,0.424,-7.048,0.0353,0.724,0.0,0.0722,0.637,101.703,176865,49,disney
0.384,0.18,-17.279,0.101,0.77,0.0,0.367,0.368,73.603,291693,63,disney
0.243,0.0654,-25.734,0.0506,0.992,0.948,0.122,0.137,59.95,173644,55,disney
0.387,0.132,-15.142,0.0386,0.914,0.000707,0.281,0.323,100.0,195493,60,disney
0.705,0.126,-25.08,0.0617,0.984,0.954,0.119,0.591,134.973,192444,29,disney
0.68,0.463,-15.29,0.165,0.718,0.0,0.0985,0.858,99.662,195146,60,disney
0.48,0.594,-12.283,0.233,0.564,0.0,0.801,0.81,164.668,138013,29,disney
0.795,0.647,-5.199,0.0397,0.49,0.0,0.127,0.909,119.913,154560,28,disney
0.428,0.0561,-19.808,0.0492,0.797,0.0,0.332,0.31,93.852,65066,29,disney
0.729,0.0201,-19.78,0.0465,0.994,0.927,0.106,0.28,78.051,157418,28,disney
0.547,0.494,-10.365,0.0562,0.508,1.01e-06,0.123,0.119,88.991,243000,28,disney
0.378,0.0833,-14.703,0.0378,0.982,6.37e-05,0.101,0.305,175.063,76120,28,disney
0.638,0.231,-12.541,0.0618,0.96,0.0,0.092,0.654,109.022,44360,28,disney
0.172,0.0563,-27.965,0.0361,0.953,0.952,0.0706,0.0339,74.611,147520,28,disney
0.377,0.0525,-22.204,0.0648,0.995,0.945,0.147,0.256,131.238,132755,29,disney
0.287,0.26,-14.388,0.0367,0.84,9.73e-05,0.264,0.303,79.397,284173,28,disney
0.64,0.353,-5.701,0.0631,0.824,0.0,0.084,0.574,116.906,111426,29,disney
0.323,0.258,-11.501,0.0326,0.964,0.0,0.109,0.499,81.551,149133,28,disney
0.695,0.814,-3.649,0.145,0.286,0.0,0.333,0.515,107.01,142226,28,disney
0.174,0.272,-18.864,0.0381,0.736,0.0502,0.126,0.126,74.878,361880,30,disney
0.468,0.0893,-14.224,0.0338,0.987,0.0038,0.104,0.258,86.749,76120,27,disney
0.502,0.109,-18.657,0.167,0.973,1.54e-06,0.11,0.283,153.43,73653,28,disney
0.472,0.472,-5.951,0.026,0.652,0.0,0.127,0.264,75.57,180760,28,disney
0.378,0.0114,-28.54,0.05,0.992,0.952,0.102,0.0386,66.583,235817,29,disney
0.587,0.359,-13.472,0.0664,0.933,2.01e-06,0.0713,0.536,108.371,44360,28,disney
0.527,0.874,-2.34,0.059,0.671,0.0,0.449,0.813,149.383,46960,28,disney
0.413,0.232,-14.042,0.0636,0.993,0.856,0.201,0.739,67.12,104026,29,disney
0.766,0.139,-16.687,0.0697,0.889,0.00157,0.0952,0.651,119.779,129013,29,disney
0.541,0.445,-7.306,0.0315,0.765,8.4e-06,0.116,0.524,139.282,118826,28,disney
0.485,0.372,-8.428,0.0308,0.717,0.0,0.122,0.516,138.911,118920,28,disney
0.246,0.0569,-27.911,0.0353,0.957,0.945,0.0745,0.034,74.791,147520,28,disney
0.346,0.123,-12.203,0.0501,0.778,0.0,0.563,0.206,82.375,217786,28,disney
0.663,0.742,-5.918,0.131,0.21,0.0,0.0885,0.182,129.936,200000,28,disney
0.249,0.101,-16.434,0.0321,0.862,0.968,0.139,0.0636,82.704,196213,27,disney
0.395,0.868,-4.233,0.182,0.519,0.000591,0.127,0.936,148.415,50773,28,disney
0.198,0.483,-14.552,0.0506,0.831,0.927,0.0979,0.234,76.592,82746,28,disney
0.506,0.33,-14.013,0.083,0.684,0.0461,0.0567,0.842,92.376,142933,29,disney
0.574,0.505,-7.315,0.136,0.633,0.0,0.285,0.578,103.292,179626,29,disney
0.427,0.471,-9.88,0.0426,0.647,0.384,0.538,0.925,183.74,130346,28,disney
0.158,0.0296,-20.019,0.035,0.812,0.925,0.152,0.0298,76.577,95946,28,disney
0.182,0.254,-16.058,0.0312,0.99,0.934,0.115,0.0381,93.902,155293,29,disney
0.164,0.377,-11.9,0.0374,0.736,0.758,0.404,0.0599,130.447,46040,29,disney
0.522,0.601,-8.709,0.479,0.492,0.0,0.73,0.837,151.336,97466,27,disney
0.688,0.72,-9.364,0.104,0.193,0.0,0.0785,0.385,121.846,220120,28,disney
0.624,0.5,-6.899,0.166,0.696,4.05e-05,0.372,0.562,95.234,112205,61,disney
0.275,0.126,-17.077,0.033,0.879,0.000799,0.0791,0.21,88.626,194160,65,disney
0.507,0.694,-5.092,0.0946,0.364,0.0,0.0579,0.581,173.783,126386,47,disney
0.629,0.504,-6.827,0.156,0.715,2.04e-05,0.361,0.57,127.444,112205,52,disney
0.598,0.0671,-23.9,0.0422,0.989,0.948,0.1,0.191,72.023,243851,44,disney
0.454,0.305,-8.904,0.0336,0.88,0.0,0.149,0.249,72.097,241534,47,disney
0.385,0.361,-8.77,0.0339,0.774,8.09e-06,0.109,0.321,137.293,115693,27,disney
0.164,0.377,-11.9,0.0374,0.736,0.758,0.404,0.0599,130.447,46040,59,disney
0.395,0.32,-7.934,0.0317,0.511,2.15e-06,0.194,0.228,87.064,75825,52,disney
0.527,0.00841,-30.475,0.0705,0.993,0.908,0.0815,0.335,77.455,138197,27,disney
0.371,0.0167,-27.095,0.0481,0.983,0.945,0.102,0.244,73.938,139626,27,disney
0.4,0.0859,-19.98,0.0325,0.989,0.648,0.119,0.147,140.15,192502,27,disney
0.345,0.187,-15.26,0.0459,0.789,0.0,0.601,0.445,81.196,176213,56,disney
0.306,0.121,-15.551,0.0554,0.85,0.000176,0.257,0.166,174.055,206506,50,disney
0.54,0.0683,-14.337,0.0342,0.98,0.00208,0.0979,0.318,89.047,76120,26,disney
0.2,0.0191,-24.818,0.0446,0.988,0.911,0.126,0.169,72.652,139630,28,disney
0.265,0.188,-14.914,0.0452,0.981,0.00131,0.103,0.0971,88.272,276320,28,disney
0.649,0.174,-18.839,0.0349,0.804,0.00548,0.118,0.338,101.269,106360,26,disney
0.351,0.358,-8.393,0.0354,0.822,6.61e-05,0.0861,0.302,132.158,175648,26,disney
0.618,0.739,-4.766,0.398,0.0993,0.0,0.148,0.673,181.572,107533,26,disney
0.186,0.103,-17.707,0.0453,0.92,0.00043,0.0679,0.257,175.573,52693,27,disney
0.506,0.538,-11.764,0.0619,0.805,1.09e-06,0.338,0.664,139.444,103746,27,disney
0.436,0.253,-16.316,0.0368,0.939,0.734,0.105,0.339,93.587,189106,27,disney
0.424,0.321,-11.358,0.0613,0.501,0.601,0.106,0.213,108.063,134786,27,disney
0.425,0.322,-15.328,0.0672,0.576,0.000724,0.11,0.24,202.555,107106,26,disney
0.62,0.472,-5.878,0.0313,0.934,1.81e-05,0.196,0.355,113.9,187468,28,disney
0.529,0.075,-19.979,0.0543,0.895,1.49e-06,0.115,0.236,66.354,69813,26,disney
0.568,0.0914,-23.777,0.0425,0.983,0.941,0.109,0.123,120.255,184005,27,disney
0.504,0.333,-12.575,0.303,0.298,0.0,0.297,0.305,82.921,278000,28,disney
0.812,0.786,-4.59,0.0427,0.561,0.0,0.0915,0.797,132.001,184333,26,disney
0.683,0.484,-12.922,0.103,0.298,0.0,0.199,0.516,106.92,147813,27,disney
0.342,0.0606,-25.502,0.0449,0.938,3.51e-05,0.296,0.202,65.399,45760,26,disney
0.468,0.34,-12.484,0.0287,0.829,0.00545,0.25,0.315,106.362,166360,28,disney
0.124,0.0988,-15.445,0.0403,0.927,3.93e-05,0.103,0.0828,69.962,175706,27,disney
0.747,0.612,-7.631,0.0347,0.339,0.0,0.225,0.796,124.906,172306,27,disney
0.443,0.0228,-26.317,0.0468,0.992,0.867,0.163,0.156,98.36,141973,0,disney
0.635,0.412,-8.774,0.166,0.908,0.0,0.172,0.628,123.721,98186,26,disney
0.497,0.102,-23.235,0.0536,0.891,0.75,0.0947,0.12,127.724,85866,27,disney
0.401,0.126,-15.007,0.0391,0.952,0.64,0.196,0.288,96.631,74266,26,disney
0.464,0.455,-8.732,0.0337,0.334,0.0,0.31,0.131,124.154,255976,27,disney
0.162,0.0614,-28.258,0.0464,0.776,0.865,0.151,0.0329,147.868,52466,27,disney
0.672,0.932,-3.096,0.096,0.545,0.0,0.305,0.581,141.824,53600,26,disney
0.108,0.29,-14.76,0.0504,0.611,0.911,0.049,0.0394,166.161,176493,26,disney
0.601,0.94,-6.457,0.0432,0.00886,0.000877,0.336,0.9,165.042,94680,27,disney
0.58,0.651,-5.977,0.0945,0.574,0.0,0.109,0.412,169.969,54026,27,disney
0.489,0.714,-5.022,0.04,0.117,0.0,0.314,0.485,149.877,49160,27,disney
0.653,0.883,-5.994,0.0419,0.102,0.0,0.0675,0.954,134.949,91453,27,disney
0.683,0.556,-7.77,0.0364,0.248,2.45e-06,0.123,0.337,95.016,161840,26,disney
0.164,0.377,-11.9,0.0374,0.736,0.758,0.404,0.0599,130.447,46040,25,disney
0.582,0.892,-6.028,0.0434,4.06e-05,0.0,0.367,0.878,151.961,95986,27,disney
0.642,0.742,-8.211,0.0401,0.439,0.000656,0.126,0.897,106.235,125786,57,disney
0.572,0.0604,-26.857,0.0502,0.994,0.959,0.111,0.424,106.027,152000,42,disney
0.463,0.0595,-19.427,0.0673,0.995,0.913,0.123,0.131,132.531,275335,37,disney
0.236,0.108,-16.376,0.0369,0.861,0.934,0.127,0.0631,119.983,196213,56,disney
0.679,0.38,-8.983,0.0395,0.832,0.0,0.286,0.638,86.033,129973,20,disney
0.67,0.235,-15.638,0.047,0.748,0.0,0.357,0.757,134.932,160880,57,disney
0.354,0.411,-6.018,0.0344,0.815,1e-06,0.106,0.43,90.831,225080,47,disney
0.527,0.259,-10.791,0.0996,0.756,0.0,0.179,0.186,141.526,243746,25,disney
0.72,0.0548,-16.63,0.0414,0.992,0.922,0.117,0.301,92.128,99882,25,disney
0.781,0.608,-4.303,0.0763,0.0634,0.0,0.221,0.351,119.121,182106,43,disney
0.433,0.901,-4.27,0.146,0.0195,0.0,0.137,0.481,174.898,210333,25,disney
0.265,0.0637,-22.962,0.0384,0.97,0.959,0.0808,0.26,77.166,90082,25,disney
0.392,0.426,-6.82,0.0386,0.686,1.35e-06,0.0984,0.422,70.886,118833,50,disney
0.355,0.215,-20.671,0.0456,0.995,0.886,0.0816,0.0754,174.731,189974,25,disney
0.305,0.456,-7.347,0.0328,0.964,5.86e-05,0.106,0.475,63.651,91466,25,disney
0.321,0.592,-8.365,0.0451,0.0323,0.0,0.323,0.557,83.415,237560,53,disney
0.346,0.435,-6.072,0.0358,0.646,0.0,0.316,0.322,85.638,251253,25,disney
0.61,0.151,-14.883,0.115,0.863,0.0,0.104,0.666,169.463,93506,25,disney
0.227,0.249,-11.217,0.0402,0.964,0.0,0.099,0.483,66.133,149080,25,disney
0.49,0.27,-15.962,0.187,0.913,0.0,0.108,0.537,105.552,295040,25,disney
0.23,0.269,-11.073,0.033,0.897,0.0,0.0971,0.289,69.067,161493,25,disney
0.295,0.079,-22.973,0.0559,0.882,0.33,0.103,0.19,57.715,55706,26,disney
0.198,0.483,-14.552,0.0506,0.831,0.927,0.0979,0.234,76.592,82746,24,disney
0.271,0.177,-11.907,0.0307,0.948,0.00195,0.111,0.183,83.558,278426,25,disney
0.456,0.185,-14.531,0.044,0.917,2.17e-06,0.0949,0.369,93.449,167280,25,disney
0.332,0.076,-17.963,0.0448,0.976,8.87e-05,0.0928,0.306,74.073,223893,25,disney
0.295,0.183,-17.833,0.0385,0.78,0.214,0.0983,0.17,143.202,269280,26,disney
0.46,0.581,-6.705,0.0373,0.744,0.0,0.601,0.82,128.819,109280,25,disney
0.542,0.665,-5.379,0.0317,0.469,0.0,0.0879,0.582,89.978,288266,26,disney
0.337,0.417,-8.93,0.0457,0.798,3.18e-06,0.098,0.296,96.693,116013,25,disney
0.622,0.514,-9.677,0.456,0.669,0.0,0.333,0.678,102.612,297746,26,disney
0.354,0.0427,-20.487,0.039,0.894,0.824,0.128,0.238,119.003,54040,26,disney
0.227,0.244,-14.114,0.0358,0.819,0.743,0.229,0.13,88.505,86186,27,disney
0.182,0.148,-16.579,0.0313,0.898,0.0882,0.243,0.152,82.513,122493,25,disney
0.656,0.762,-5.828,0.179,0.201,6.24e-06,0.0358,0.727,98.544,202986,24,disney
0.295,0.464,-11.369,0.0373,0.573,0.772,0.389,0.101,80.543,366720,26,disney
0.308,0.174,-13.869,0.0437,0.919,0.00442,0.0685,0.225,96.429,130013,25,disney
0.489,0.794,-4.441,0.274,0.631,0.0,0.362,0.408,126.332,216826,25,disney
0.432,0.133,-15.622,0.0648,0.981,0.581,0.0859,0.196,139.908,187817,25,disney
0.499,0.108,-23.37,0.0554,0.887,0.911,0.1,0.121,127.368,85866,24,disney
0.327,0.492,-14.419,0.0499,0.776,0.96,0.101,0.246,76.568,82746,25,disney
0.767,0.738,-4.351,0.0699,0.522,0.0,0.123,0.851,150.088,52040,24,disney
0.172,0.0254,-20.089,0.0342,0.781,0.898,0.161,0.0323,77.522,95946,25,disney
0.426,0.195,-12.159,0.0377,0.617,0.26,0.25,0.524,96.086,162440,25,disney
0.236,0.108,-16.376,0.0369,0.861,0.934,0.127,0.0631,119.983,196213,25,disney
0.286,0.473,-10.579,0.0871,0.341,0.828,0.198,0.0615,110.278,146400,25,disney
0.295,0.0708,-13.8,0.0423,0.825,2.54e-06,0.628,0.191,180.833,217786,25,disney
0.333,0.245,-13.824,0.0347,0.758,0.0,0.109,0.309,113.507,160560,26,disney
0.814,0.32,-14.865,0.0974,0.454,0.841,0.0795,0.254,96.469,128345,25,disney
0.327,0.251,-9.002,0.0328,0.903,0.000275,0.139,0.446,202.984,52213,25,disney
0.609,0.762,-5.118,0.0592,0.00478,0.0,0.0723,0.607,154.944,232506,38,disney
0.701,0.442,-8.577,0.0274,0.808,1.68e-06,0.294,0.45,115.678,124653,46,disney
0.5,0.565,-10.528,0.145,0.25,0.000147,0.145,0.466,158.072,145640,61,disney
0.621,0.562,-8.505,0.0233,0.104,0.000747,0.106,0.264,92.011,198520,24,disney
0.659,0.604,-5.812,0.0848,0.373,1.06e-06,0.628,0.596,102.345,190680,24,disney
0.292,0.145,-16.281,0.0386,0.949,0.392,0.382,0.229,127.76,177493,24,disney
0.706,0.478,-8.628,0.118,0.806,0.0,0.171,0.9,85.293,223986,24,disney
0.681,0.528,-12.742,0.0629,0.675,0.0,0.281,0.967,150.052,54466,24,disney
0.161,0.194,-16.048,0.0334,0.896,0.0245,0.169,0.102,86.747,122106,24,disney
0.0895,0.0612,-26.14,0.0389,0.822,0.871,0.312,0.0917,81.406,296706,26,disney
0.435,0.198,-11.317,0.0363,0.867,0.0,0.117,0.533,108.449,185600,24,disney
0.588,0.325,-10.926,0.0374,0.836,1.16e-06,0.127,0.569,126.127,138986,53,disney
0.388,0.26,-13.487,0.0316,0.74,0.208,0.0864,0.152,104.477,209520,25,disney
0.593,0.144,-25.344,0.0515,0.99,0.922,0.11,0.96,165.01,146916,25,disney
0.652,0.577,-10.646,0.495,0.637,0.0,0.105,0.785,121.588,265666,25,disney
0.55,0.505,-5.177,0.0314,0.598,0.0,0.124,0.415,90.099,210093,24,disney
0.629,0.451,-15.715,0.187,0.528,0.0,0.154,0.365,121.999,217933,24,disney
0.424,0.0927,-21.009,0.0563,0.645,0.0653,0.134,0.28,86.623,157320,25,disney
0.13,0.058,-20.752,0.0344,0.83,0.348,0.524,0.0789,95.443,128880,26,disney
0.179,0.0786,-21.378,0.0379,0.811,0.0374,0.115,0.0416,136.179,210640,26,disney
0.158,0.0296,-20.019,0.035,0.812,0.925,0.152,0.0298,76.577,95946,24,disney
0.0791,0.338,-12.785,0.0359,0.873,0.702,0.397,0.0919,81.648,86093,26,disney
0.78,0.526,-9.435,0.173,0.709,0.0,0.143,0.946,126.343,98440,24,disney
0.666,0.744,-7.958,0.109,0.288,0.0,0.0962,0.443,130.103,472453,24,disney
0.378,0.0652,-15.952,0.0367,0.906,0.106,0.0841,0.182,88.86,69400,25,disney
0.555,0.494,-9.738,0.0684,0.586,2.3e-06,0.101,0.35,113.362,278440,24,disney
0.671,0.43,-11.705,0.212,0.894,0.00254,0.369,0.757,111.355,96706,24,disney
0.421,0.587,-13.127,0.261,0.802,0.0,0.383,0.606,74.127,210013,24,disney
0.429,0.581,-14.4,0.285,0.713,0.0,0.0921,0.383,142.61,336533,25,disney
0.502,0.509,-9.319,0.0343,0.434,0.000428,0.242,0.964,169.041,125960,24,disney
0.246,0.0569,-27.911,0.0353,0.957,0.945,0.0745,0.034,74.791,147520,24,disney
0.414,0.55,-12.937,0.258,0.453,0.0,0.304,0.733,194.766,148386,24,disney
0.512,0.484,-13.226,0.0952,0.779,0.0,0.102,0.721,104.481,172786,24,disney
0.493,0.324,-11.312,0.0641,0.466,0.692,0.114,0.199,108.172,134746,24,disney
0.432,0.423,-7.682,0.036,0.658,0.0,0.0617,0.57,73.859,150333,25,disney
0.576,0.248,-19.584,0.0383,0.778,0.912,0.12,0.0383,119.092,75160,24,disney
0.191,0.251,-14.046,0.0369,0.877,0.897,0.128,0.0375,108.149,130639,24,disney
0.282,0.307,-9.667,0.031,0.859,0.809,0.336,0.115,110.827,264760,24,disney
0.607,0.331,-11.481,0.035,0.692,0.0,0.116,0.274,137.039,224053,24,disney
0.494,0.382,-12.743,0.191,0.971,2.37e-06,0.12,0.512,68.223,263493,24,disney
0.451,0.0635,-26.904,0.0331,0.629,0.908,0.136,0.259,103.29,80693,23,disney
0.165,0.058,-28.367,0.0474,0.793,0.892,0.143,0.0343,147.948,52466,24,disney
0.767,0.452,-5.107,0.0439,0.308,0.0,0.209,0.782,129.953,55186,24,disney
0.579,0.89,-7.013,0.0588,0.00284,6.11e-06,0.659,0.888,155.111,101853,24,disney
0.172,0.0563,-27.965,0.0361,0.953,0.952,0.0706,0.0339,74.611,147520,24,disney
0.42,0.879,-5.1,0.315,0.762,0.0,0.174,0.664,178.746,42586,24,disney
0.129,0.295,-14.716,0.0493,0.608,0.896,0.0476,0.0433,76.947,176493,24,disney
0.716,0.713,-4.557,0.0825,0.294,0.0,0.2,0.979,89.905,44040,24,disney
0.493,0.304,-13.678,0.0586,0.817,4.44e-05,0.546,0.583,72.358,185946,25,disney
0.606,0.599,-9.246,0.0378,0.126,0.0,0.117,0.762,139.858,143173,24,disney
0.461,0.0605,-30.646,0.0926,0.98,0.947,0.0929,0.195,126.556,174327,48,disney
0.382,0.11,-21.227,0.035,0.981,0.971,0.139,0.186,103.551,173589,20,disney
0.867,0.563,-7.438,0.192,0.383,0.0,0.114,0.601,131.965,207680,23,disney
0.409,0.102,-21.574,0.0511,0.993,0.946,0.109,0.185,137.507,212495,54,disney
0.548,0.383,-15.27,0.0606,0.658,1.34e-05,0.124,0.565,68.176,69760,52,disney
0.335,0.00273,-40.114,0.0469,0.989,0.869,0.0874,0.0555,95.453,212750,24,disney
0.682,0.0268,-26.66,0.0563,0.995,0.809,0.0983,0.362,112.081,181751,23,disney
0.688,0.4,-12.833,0.0425,0.472,0.94,0.135,0.962,127.396,62266,24,disney
0.491,0.063,-20.831,0.0382,0.991,0.929,0.104,0.195,65.867,98423,24,disney
0.427,0.0193,-25.899,0.046,0.991,0.879,0.116,0.0771,110.525,102595,24,disney
0.408,0.319,-16.747,0.0593,0.6,2.09e-06,0.728,0.738,89.84,143666,24,disney
0.714,0.0467,-24.106,0.0464,0.994,0.951,0.113,0.243,92.03,230186,24,disney
0.6,0.415,-11.708,0.322,0.213,0.0,0.0949,0.332,116.204,123733,23,disney
0.229,0.104,-17.8,0.0402,0.985,0.642,0.0983,0.108,87.329,237520,24,disney
0.362,0.326,-15.748,0.0423,0.739,0.794,0.104,0.191,179.88,164791,23,disney
0.282,0.438,-11.036,0.0503,0.863,0.225,0.0934,0.197,143.26,136306,23,disney
0.497,0.102,-23.235,0.0536,0.891,0.75,0.0947,0.12,127.724,85866,23,disney
0.687,0.252,-15.706,0.0304,0.267,0.0,0.0782,0.391,131.598,216133,24,disney
0.633,0.353,-9.608,0.0674,0.655,4.87e-06,0.08,0.761,110.676,160800,24,disney
0.49,0.586,-12.296,0.217,0.547,0.0,0.423,0.718,143.787,236400,24,disney
0.436,0.234,-15.609,0.0275,0.349,6.73e-05,0.346,0.175,77.532,245533,23,disney
0.337,0.409,-6.575,0.0338,0.784,0.0,0.083,0.621,173.764,123706,23,disney
0.69,0.0971,-21.26,0.0526,0.992,0.964,0.111,0.487,120.036,128666,23,disney
0.768,0.297,-10.294,0.0533,0.853,0.0,0.118,0.414,87.537,105000,23,disney
0.725,0.576,-13.247,0.0298,0.0485,0.00406,0.066,0.757,124.648,247800,24,disney
0.628,0.582,-5.424,0.071,0.717,0.0,0.177,0.908,93.569,140880,24,disney
0.162,0.0614,-28.258,0.0464,0.776,0.865,0.151,0.0329,147.868,52466,23,disney
0.475,0.65,-9.15,0.0613,0.113,0.0,0.12,0.816,185.601,169040,24,disney
0.5,0.136,-16.875,0.0519,0.993,0.902,0.115,0.0781,129.859,138315,23,disney
0.0957,0.0134,-27.271,0.0434,0.99,0.897,0.116,0.105,175.643,87600,24,disney
0.216,0.153,-15.825,0.0423,0.982,0.0857,0.0952,0.134,84.145,237466,24,disney
0.108,0.29,-14.76,0.0504,0.611,0.911,0.049,0.0394,166.161,176493,23,disney
0.591,0.576,-6.274,0.131,0.568,0.0,0.0734,0.663,134.016,257253,25,disney
0.658,0.411,-15.15,0.0339,0.595,0.108,0.183,0.507,115.233,166666,24,disney
0.276,0.135,-17.956,0.0384,0.93,0.00233,0.135,0.246,137.135,346720,24,disney
0.53,0.15,-18.825,0.276,0.931,0.000103,0.111,0.282,171.434,75146,23,disney
0.61,0.772,-8.113,0.0311,0.302,0.00233,0.132,0.551,143.018,183240,24,disney
0.529,0.00879,-32.266,0.0587,0.996,0.959,0.0916,0.51,82.694,109573,23,disney
0.582,0.142,-16.699,0.038,0.868,0.903,0.114,0.179,97.029,77933,23,disney
0.179,0.204,-14.463,0.0377,0.933,0.973,0.0832,0.0455,149.474,88640,23,disney
0.287,0.766,-4.926,0.0541,0.598,0.0,0.202,0.265,81.879,87893,23,disney
0.769,0.662,-5.739,0.0506,0.719,0.0,0.112,0.433,123.841,55693,23,disney
0.364,0.065,-21.124,0.0391,0.944,0.000319,0.0931,0.237,109.197,223893,23,disney
0.506,0.415,-11.445,0.389,0.838,0.0,0.158,0.564,156.983,307053,24,disney
0.509,0.632,-7.726,0.0272,0.0331,1e-05,0.179,0.425,134.923,279800,24,disney
0.518,0.558,-7.967,0.173,0.35,0.0,0.309,0.791,160.693,206266,24,disney
0.457,0.839,-4.377,0.142,0.645,0.0,0.0851,0.601,156.564,53613,24,disney
0.423,0.187,-12.164,0.0385,0.598,0.571,0.26,0.519,96.039,162440,23,disney
0.164,0.377,-11.9,0.0374,0.736,0.758,0.404,0.0599,130.447,46040,23,disney
0.808,0.316,-14.883,0.0847,0.434,0.746,0.0797,0.315,96.393,128345,23,disney
0.566,0.446,-6.657,0.0396,0.663,0.0,0.198,0.354,150.88,159053,38,disney
0.465,0.453,-11.232,0.0531,0.187,2.73e-06,0.114,0.272,101.72,160653,51,disney
0.248,0.237,-14.186,0.0331,0.974,0.00043,0.111,0.208,85.141,167013,49,disney
0.418,0.202,-15.725,0.0336,0.494,0.531,0.486,0.238,127.872,77108,40,disney
0.478,0.522,-9.786,0.0342,0.18,0.91,0.456,0.196,122.73,124666,47,disney
0.247,0.398,-11.309,0.0457,0.893,0.944,0.282,0.05,123.469,187186,43,disney
0.399,0.285,-13.991,0.0328,0.407,0.82,0.153,0.147,120.1,119173,47,disney
0.57,0.789,-4.534,0.0403,0.25,0.143,0.112,0.564,102.012,164053,40,disney
0.235,0.0152,-27.001,0.0565,0.996,0.928,0.0987,0.202,66.724,172173,22,disney
0.452,0.757,-5.582,0.0375,0.0956,0.0,0.129,0.486,84.816,219760,24,disney
0.182,0.115,-16.315,0.0376,0.935,0.82,0.494,0.0486,143.274,167693,49,disney
0.429,0.0301,-25.75,0.0637,0.994,0.951,0.111,0.262,119.751,120192,22,disney
0.737,0.637,-6.308,0.0735,0.262,0.0,0.319,0.537,100.033,124733,47,disney
0.418,0.783,-4.71,0.12,0.263,0.0,0.0796,0.366,99.28,209666,22,disney
0.727,0.0363,-21.763,0.128,0.995,0.908,0.112,0.535,68.091,163296,22,disney
0.331,0.349,-8.285,0.0286,0.922,0.00299,0.0834,0.346,137.842,259560,23,disney
0.375,0.172,-15.302,0.0342,0.976,0.474,0.118,0.109,105.037,233408,23,disney
0.26,0.0914,-19.76,0.0355,0.958,0.000152,0.216,0.248,82.726,79506,22,disney
0.692,0.632,-9.365,0.0488,0.423,2.7e-05,0.0971,0.29,114.977,305653,23,disney
0.61,0.14,-19.03,0.0464,0.991,0.928,0.11,0.192,80.118,160256,23,disney
0.573,0.39,-13.682,0.0799,0.962,0.357,0.0947,0.288,114.831,116760,23,disney
0.376,0.0382,-21.576,0.0443,0.978,0.0411,0.172,0.203,108.882,267333,23,disney
0.318,0.36,-8.8,0.0329,0.582,0.0,0.0847,0.261,133.924,147333,23,disney
0.215,0.298,-12.012,0.0341,0.794,0.717,0.302,0.109,90.019,86120,24,disney
0.383,0.15,-17.672,0.0478,0.981,0.901,0.0918,0.0592,162.736,166660,23,disney
0.239,0.231,-11.927,0.0344,0.909,0.000305,0.0796,0.0945,92.517,125680,23,disney
0.607,0.145,-16.712,0.0396,0.918,2.11e-05,0.108,0.609,143.826,125400,24,disney
0.708,0.492,-13.002,0.101,0.231,0.0,0.0821,0.861,174.778,173680,50,disney
0.476,0.241,-12.408,0.0372,0.888,0.0,0.129,0.468,137.994,189789,23,disney
0.694,0.523,-10.461,0.117,0.651,0.0,0.0945,0.814,81.568,192960,23,disney
0.428,0.0615,-22.984,0.0519,0.992,0.888,0.111,0.261,80.347,224486,23,disney
0.617,0.148,-14.681,0.0386,0.883,4.55e-05,0.113,0.336,141.778,134053,23,disney
0.378,0.0126,-31.024,0.0396,0.966,0.85,0.109,0.068,80.452,87200,22,disney
0.626,0.566,-10.693,0.498,0.726,0.0,0.292,0.759,121.777,265666,23,disney
0.561,0.323,-17.508,0.0783,0.755,0.000526,0.407,0.464,72.108,154546,24,disney
0.629,0.76,-11.851,0.0957,0.96,0.885,0.231,0.896,144.114,88426,23,disney
0.316,0.279,-12.926,0.0532,0.845,0.244,0.33,0.262,74.594,249453,23,disney
0.62,0.316,-20.458,0.631,0.676,0.0,0.197,0.746,84.674,85546,22,disney
0.18,0.336,-13.151,0.0425,0.606,0.988,0.31,0.0342,102.119,200093,23,disney
0.317,0.51,-10.319,0.0361,0.877,0.0,0.128,0.733,110.914,97026,23,disney
0.236,0.108,-16.376,0.0369,0.861,0.934,0.127,0.0631,119.983,196213,22,disney
0.642,0.607,-11.684,0.0375,0.622,0.000844,0.12,0.772,126.71,189333,23,disney
0.723,0.145,-20.131,0.0426,0.989,0.907,0.0942,0.855,136.436,68173,24,disney
0.2,0.0927,-20.991,0.0362,0.909,0.169,0.165,0.0555,106.851,257092,23,disney
0.256,0.481,-10.635,0.0989,0.392,0.845,0.296,0.0642,114.732,146400,22,disney
0.346,0.0269,-20.336,0.0439,0.978,8.26e-06,0.096,0.202,85.786,53106,23,disney
0.605,0.802,-3.276,0.0401,0.176,0.0,0.159,0.914,152.187,49986,23,disney
0.389,0.241,-13.804,0.0403,0.9,0.0,0.188,0.252,105.545,145253,23,disney
0.691,0.626,-6.105,0.0287,0.311,0.0,0.0849,0.964,79.669,48373,22,disney
0.649,0.448,-15.605,0.506,0.812,0.0,0.139,0.923,89.856,207546,23,disney
0.68,0.465,-8.353,0.029,0.743,0.676,0.136,0.847,109.972,126386,56,disney
0.667,0.239,-15.923,0.0481,0.686,0.0,0.104,0.721,134.857,163400,57,disney
0.488,0.0563,-16.876,0.0355,0.893,2.53e-05,0.089,0.167,115.608,212693,39,disney
0.283,0.235,-14.246,0.0364,0.262,0.815,0.199,0.137,141.276,113536,39,disney
0.437,0.171,-15.046,0.0447,0.941,1.71e-06,0.254,0.4,80.209,264533,22,disney
0.513,0.781,-7.231,0.535,0.133,0.0,0.179,0.759,187.448,52711,46,disney
0.671,0.225,-16.569,0.0493,0.661,0.0,0.102,0.717,134.852,163386,56,disney
0.519,0.0501,-28.361,0.0476,0.99,0.859,0.0942,0.502,71.082,176149,22,disney
0.612,0.678,-4.956,0.0344,0.301,0.0,0.16,0.762,171.153,53626,45,disney
0.487,0.0827,-24.461,0.0576,0.909,0.956,0.0984,0.335,97.09,57903,23,disney
0.341,0.118,-14.101,0.0394,0.829,0.669,0.0678,0.115,109.815,138306,23,disney
0.315,0.394,-7.544,0.0361,0.446,0.0,0.115,0.268,97.298,268800,22,disney
0.61,0.0386,-26.511,0.0431,0.995,0.895,0.097,0.337,91.838,108885,22,disney
0.626,0.596,-6.179,0.308,0.432,0.0,0.341,0.585,113.72,252000,22,disney
0.452,0.00788,-27.234,0.0467,0.994,0.86,0.113,0.614,169.757,37368,22,disney
0.565,0.108,-19.674,0.0724,0.983,0.849,0.121,0.159,175.802,140672,22,disney
0.756,0.577,-13.623,0.0296,0.0071,0.0055,0.194,0.889,130.812,249133,22,disney
0.404,0.117,-20.039,0.0322,0.94,3.95e-05,0.072,0.239,90.536,115933,23,disney
0.382,0.321,-11.959,0.0325,0.619,0.732,0.0464,0.124,124.186,258788,22,disney
0.428,0.0681,-23.684,0.0475,0.989,0.928,0.166,0.41,81.601,109548,22,disney
0.215,0.153,-18.912,0.0374,0.788,0.976,0.0917,0.193,89.836,149093,22,disney
0.661,0.671,-6.289,0.169,0.653,6.6e-05,0.121,0.372,120.956,135693,22,disney
0.426,0.195,-12.159,0.0377,0.617,0.26,0.25,0.524,96.086,162440,22,disney
0.454,0.462,-15.791,0.587,0.0227,0.00173,0.0958,0.903,78.184,51320,22,disney
0.386,0.324,-11.742,0.0425,0.778,2.74e-06,0.117,0.304,128.493,83760,22,disney
0.562,0.416,-11.119,0.129,0.818,0.0,0.258,0.474,117.046,262640,22,disney
0.39,0.288,-9.812,0.041,0.698,0.0,0.0891,0.431,107.484,182613,22,disney
0.568,0.433,-13.81,0.0952,0.537,0.0,0.721,0.596,122.861,143840,22,disney
0.494,0.234,-16.673,0.0277,0.672,8.18e-05,0.0921,0.0953,76.914,244253,22,disney
0.443,0.217,-17.584,0.417,0.926,0.113,0.17,0.135,63.723,122173,23,disney
0.333,0.0133,-26.272,0.041,0.96,0.907,0.128,0.0666,78.329,178413,22,disney
0.224,0.108,-17.761,0.0414,0.987,0.76,0.187,0.244,178.474,197706,23,disney
0.384,0.0139,-27.915,0.0486,0.984,0.96,0.121,0.186,89.12,213279,22,disney
0.366,0.0526,-18.806,0.0486,0.99,0.857,0.107,0.163,128.658,233600,23,disney
0.46,0.255,-11.934,0.0385,0.81,0.0,0.263,0.435,111.11,124715,23,disney
0.327,0.492,-14.419,0.0499,0.776,0.96,0.101,0.246,76.568,82746,22,disney
0.4,0.212,-17.638,0.0516,0.776,5.37e-06,0.185,0.597,181.803,35572,23,disney
0.236,0.0125,-30.232,0.0395,0.974,0.0185,0.205,0.148,80.013,163266,22,disney
0.688,0.325,-14.68,0.0462,0.981,0.65,0.725,0.812,102.145,186773,23,disney
0.217,0.0754,-16.629,0.0327,0.901,0.914,0.135,0.201,142.026,80813,22,disney
0.318,0.517,-11.786,0.163,0.851,0.148,0.262,0.163,147.78,171160,24,disney
0.386,0.0765,-16.383,0.0757,0.947,0.0724,0.209,0.174,125.222,87000,22,disney
0.557,0.888,-3.847,0.268,0.422,0.0,0.261,0.751,71.627,46840,22,disney
0.658,0.634,-10.671,0.0328,0.445,0.957,0.148,0.61,99.949,129826,22,disney
0.546,0.0727,-20.182,0.192,0.93,0.000111,0.14,0.146,103.801,56843,22,disney
0.424,0.321,-11.358,0.0613,0.501,0.601,0.106,0.213,108.063,134786,22,disney
0.662,0.522,-8.485,0.0296,0.556,0.611,0.0596,0.933,97.988,168013,22,disney
0.316,0.118,-15.651,0.0617,0.905,0.000162,0.284,0.153,46.329,206733,22,disney
0.164,0.377,-11.9,0.0374,0.736,0.758,0.404,0.0599,130.447,46040,22,disney
0.495,0.472,-14.148,0.567,0.974,1.84e-05,0.29,0.965,177.868,69653,23,disney
0.241,0.62,-9.857,0.086,0.092,0.346,0.161,0.457,156.021,140413,37,disney
0.586,0.552,-6.582,0.0406,0.0414,0.0,0.0949,0.193,118.031,206960,34,disney
0.368,0.156,-15.525,0.057,0.962,0.899,0.0772,0.402,70.275,160698,41,disney
0.2,0.129,-18.685,0.037,0.844,0.839,0.108,0.133,136.939,190330,45,disney
0.692,0.615,-7.435,0.0336,0.00208,0.829,0.11,0.412,98.072,91265,39,disney
0.352,0.0577,-24.94,0.0571,0.985,0.939,0.107,0.115,141.125,119973,21,disney
0.306,0.0334,-25.276,0.0477,0.959,0.951,0.116,0.237,111.069,126623,22,disney
0.382,0.0215,-21.105,0.0424,0.967,0.0326,0.1,0.0842,100.844,136786,22,disney
0.545,0.0324,-26.338,0.034,0.974,0.904,0.106,0.216,156.083,74274,21,disney
0.482,0.0607,-21.702,0.0578,0.988,0.948,0.105,0.0426,147.872,147580,21,disney
0.581,0.226,-10.952,0.034,0.983,0.0256,0.127,0.162,65.531,176200,22,disney
0.344,0.269,-10.37,0.0376,0.73,0.0,0.0429,0.266,138.334,299840,21,disney
0.431,0.0197,-26.95,0.0757,0.991,0.923,0.0798,0.0929,70.012,158806,56,disney
0.48,0.0449,-16.909,0.0778,0.938,0.0,0.111,0.369,76.389,73480,21,disney
0.68,0.154,-20.01,0.0407,0.975,0.824,0.114,0.149,120.076,248661,21,disney
0.726,0.149,-23.103,0.108,0.975,0.872,0.112,0.973,180.424,93396,22,disney
0.428,0.0907,-13.466,0.0373,0.963,0.505,0.302,0.269,102.268,169333,22,disney
0.432,0.0877,-27.006,0.068,0.995,0.922,0.117,0.149,79.203,167055,60,disney
0.733,0.529,-9.975,0.0305,0.715,0.0207,0.0911,0.815,132.003,150800,21,disney
0.362,0.00915,-28.196,0.0567,0.994,0.942,0.15,0.0642,65.731,172173,21,disney
0.3,0.248,-14.409,0.0353,0.81,1.88e-06,0.281,0.215,143.821,228773,21,disney
0.407,0.162,-17.251,0.0365,0.876,6.21e-06,0.158,0.697,181.496,35506,21,disney
0.679,0.0299,-26.44,0.0462,0.991,0.917,0.112,0.171,80.064,306752,22,disney
0.839,0.0555,-24.751,0.092,0.995,0.78,0.101,0.983,111.921,89685,22,disney
0.655,0.00241,-21.311,0.126,0.995,0.969,0.106,0.451,136.581,238350,21,disney
0.66,0.0845,-17.024,0.0478,0.992,0.936,0.0988,0.183,71.913,175189,21,disney
0.261,0.151,-16.686,0.0379,0.78,0.883,0.122,0.252,82.135,155000,22,disney
0.837,0.56,-6.238,0.03,0.419,4.94e-05,0.111,0.603,105.964,231466,22,disney
0.165,0.034,-22.32,0.0423,0.923,1.58e-06,0.329,0.202,177.048,45853,21,disney
0.356,0.32,-11.793,0.0407,0.731,0.0,0.111,0.356,173.92,249537,22,disney
0.475,0.422,-15.096,0.0759,0.902,0.0,0.107,0.668,140.009,103466,21,disney
0.417,0.349,-13.115,0.0324,0.827,1.39e-05,0.0841,0.0681,115.875,213293,22,disney
0.606,0.542,-11.154,0.0892,0.125,1.54e-05,0.154,0.342,121.794,218240,22,disney
0.529,0.429,-6.766,0.0281,0.0575,2.66e-05,0.103,0.191,94.983,190106,22,disney
0.462,0.172,-24.292,0.0342,0.992,0.928,0.0823,0.426,170.447,173090,22,disney
0.436,0.332,-15.096,0.0663,0.811,0.0,0.136,0.701,72.408,190400,22,disney
0.51,0.567,-7.394,0.0895,0.313,0.0,0.103,0.341,66.601,165533,21,disney
0.711,0.0466,-19.865,0.0657,0.984,0.751,0.107,0.264,96.19,149160,21,disney
0.555,0.305,-13.117,0.0305,0.911,0.0,0.192,0.839,90.973,35626,21,disney
0.587,0.807,-3.506,0.0452,0.499,0.0025,0.0742,0.672,147.886,96586,21,disney
0.425,0.384,-8.483,0.0871,0.746,0.0,0.336,0.419,77.617,290440,22,disney
0.677,0.775,-5.869,0.141,0.165,9.34e-06,0.0929,0.675,99.044,202986,22,disney
0.578,0.203,-19.606,0.0362,0.745,0.933,0.125,0.0775,119.064,75160,21,disney
0.506,0.884,-5.708,0.126,0.24,0.0,0.192,0.668,167.966,366321,22,disney
0.0649,0.0335,-19.322,0.0409,0.967,0.921,0.127,0.0355,69.174,143133,21,disney
0.502,0.202,-19.155,0.0578,0.835,0.853,0.077,0.305,186.654,81466,21,disney
0.183,0.27,-13.949,0.0363,0.879,0.94,0.158,0.0379,136.892,130639,21,disney
0.172,0.0254,-20.089,0.0342,0.781,0.898,0.161,0.0323,77.522,95946,21,disney
0.37,0.0608,-26.843,0.0336,0.646,0.866,0.116,0.228,103.301,80693,21,disney
0.483,0.583,-8.789,0.463,0.571,0.0,0.0911,0.822,81.4,96506,21,disney
0.157,0.133,-19.689,0.036,0.988,0.961,0.0769,0.157,80.095,279813,29,disney
0.692,0.603,-6.952,0.127,0.599,0.00645,0.137,0.643,138.065,116093,39,disney
0.689,0.635,-4.244,0.0299,0.58,0.0,0.127,0.332,91.931,148040,38,disney
0.0912,0.195,-16.486,0.0366,0.811,0.786,0.27,0.158,86.253,86186,52,disney
0.169,0.0737,-20.876,0.0409,0.966,0.927,0.134,0.147,184.417,152000,43,disney
0.678,0.784,-4.285,0.0395,0.114,0.000347,0.0867,0.247,101.97,172013,37,disney
0.625,0.0464,-20.287,0.115,0.991,0.946,0.147,0.455,120.912,163723,21,disney
0.424,0.321,-11.358,0.0613,0.501,0.601,0.106,0.213,108.063,134786,52,disney
0.398,0.0267,-28.011,0.0444,0.994,0.954,0.0988,0.142,75.96,133853,21,disney
0.699,0.0677,-19.757,0.0394,0.994,0.904,0.102,0.148,90.09,298325,21,disney
0.382,0.0335,-25.959,0.0558,0.993,0.956,0.116,0.161,64.606,127089,21,disney
0.225,0.0715,-22.815,0.036,0.951,0.0794,0.143,0.0546,66.55,99493,22,disney
0.607,0.0698,-22.982,0.0441,0.983,0.9,0.107,0.137,120.531,213209,21,disney
0.45,0.167,-13.203,0.0325,0.994,0.811,0.0859,0.312,130.049,248481,22,disney
0.574,0.0353,-18.692,0.195,0.993,0.95,0.117,0.185,135.356,247650,21,disney
0.347,0.381,-7.713,0.0328,0.428,0.0,0.163,0.172,120.934,175593,21,disney
0.644,0.123,-20.926,0.0605,0.99,0.964,0.0869,0.54,117.983,104055,21,disney
0.685,0.0249,-25.932,0.0439,0.995,0.907,0.0854,0.359,91.957,133166,21,disney
0.335,0.487,-10.481,0.0461,0.864,0.882,0.0949,0.118,109.383,196495,21,disney
0.422,0.478,-12.796,0.229,0.626,2.61e-06,0.133,0.663,169.066,213053,44,disney
0.538,0.481,-8.716,0.0997,0.545,0.0,0.086,0.191,95.914,105293,48,disney
0.559,0.337,-16.362,0.153,0.436,0.0,0.751,0.655,123.734,143093,42,disney
0.51,0.289,-16.077,0.0677,0.698,0.0469,0.0893,0.874,92.272,142960,21,disney
0.672,0.43,-12.152,0.0326,0.458,0.0,0.224,0.843,107.321,254026,21,disney
0.589,0.0456,-19.654,0.0727,0.995,0.954,0.11,0.395,115.183,241142,21,disney
0.569,0.679,-12.063,0.534,0.511,3.14e-06,0.648,0.538,94.946,297000,22,disney
0.412,0.0123,-25.633,0.0468,0.988,0.939,0.123,0.107,67.189,206408,21,disney
0.691,0.363,-14.357,0.138,0.776,0.0,0.107,0.926,138.044,84720,21,disney
0.358,0.603,-7.503,0.0932,0.581,0.0,0.0921,0.325,123.042,198493,22,disney
0.576,0.248,-19.584,0.0383,0.778,0.912,0.12,0.0383,119.092,75160,20,disney
0.552,0.229,-18.78,0.0293,0.368,0.0,0.126,0.159,84.018,257933,21,disney
0.54,0.191,-15.472,0.0664,0.993,0.898,0.0997,0.25,105.89,66453,21,disney
0.593,0.662,-9.462,0.371,0.484,1.16e-05,0.264,0.647,83.303,251520,20,disney
0.525,0.41,-13.048,0.0545,0.77,0.0,0.257,0.724,55.38,71760,21,disney
0.471,0.467,-10.66,0.211,0.82,0.0,0.309,0.537,143.871,416760,22,disney
0.43,0.371,-19.053,0.0489,0.978,0.764,0.108,0.745,170.421,80615,21,disney
0.231,0.0239,-27.821,0.0398,0.979,0.725,0.18,0.0605,113.51,153800,21,disney
0.159,0.256,-13.429,0.0344,0.975,0.0159,0.324,0.0519,82.397,194893,21,disney
0.451,0.0635,-26.904,0.0331,0.629,0.908,0.136,0.259,103.29,80693,20,disney
0.393,0.411,-8.921,0.0293,0.745,6.08e-05,0.0824,0.348,93.986,164693,22,disney
0.286,0.473,-10.579,0.0871,0.341,0.828,0.198,0.0615,110.278,146400,21,disney
0.499,0.108,-23.37,0.0554,0.887,0.911,0.1,0.121,127.368,85866,20,disney
0.236,0.108,-16.376,0.0369,0.861,0.934,0.127,0.0631,119.983,196213,21,disney
0.427,0.124,-16.689,0.0376,0.846,0.939,0.126,0.221,103.483,77933,20,disney
0.243,0.213,-14.571,0.0379,0.939,0.96,0.0864,0.055,149.906,88640,20,disney
0.438,0.512,-6.903,0.029,0.104,0.0,0.165,0.251,139.913,326751,21,disney
0.165,0.058,-28.367,0.0474,0.793,0.892,0.143,0.0343,147.948,52466,20,disney
0.562,0.134,-18.582,0.0824,0.951,0.00571,0.0852,0.84,79.52,68572,21,disney
0.808,0.316,-14.883,0.0847,0.434,0.746,0.0797,0.315,96.393,128345,20,disney
0.164,0.377,-11.9,0.0374,0.736,0.758,0.404,0.0599,130.447,46040,20,disney
0.541,0.57,-6.712,0.0492,0.951,5.61e-05,0.269,0.852,105.556,77973,50,disney
0.67,0.422,-6.953,0.0324,0.835,0.0,0.141,0.359,137.046,224040,42,disney
0.315,0.488,-7.108,0.0444,0.485,0.0,0.118,0.319,88.176,188506,20,disney
0.312,0.0435,-24.635,0.044,0.953,0.942,0.108,0.197,74.396,132334,20,disney
0.447,0.0314,-25.15,0.0424,0.968,0.941,0.106,0.12,132.191,90036,21,disney
0.375,0.0107,-32.055,0.0477,0.994,0.941,0.105,0.529,70.992,150332,20,disney
0.593,0.0199,-27.349,0.0499,0.991,0.947,0.094,0.166,108.064,119749,20,disney
0.682,0.02,-26.997,0.0392,0.994,0.77,0.109,0.296,103.952,173267,20,disney
0.491,0.45,-11.174,0.0458,0.0939,0.0449,0.0567,0.282,106.932,146416,11,disney
0.0787,0.113,-19.777,0.0382,0.92,0.854,0.116,0.0388,81.056,204000,21,disney
0.378,0.0578,-23.608,0.0433,0.955,0.756,0.108,0.216,116.775,84600,21,disney
0.64,0.0233,-25.451,0.0448,0.993,0.922,0.0949,0.327,92.337,128425,21,disney
0.439,0.504,-10.374,0.219,0.667,1.27e-05,0.161,0.668,169.336,212680,31,disney
0.484,0.0159,-28.612,0.0587,0.995,0.935,0.214,0.153,80.243,148953,60,disney
0.356,0.0181,-20.545,0.0454,0.995,0.943,0.116,0.286,138.115,89216,20,disney
0.729,0.586,-10.168,0.104,0.683,0.0,0.305,0.751,117.596,122280,21,disney
0.548,0.285,-7.996,0.077,0.804,0.0,0.0916,0.599,89.632,135133,20,disney
0.763,0.321,-16.509,0.0653,0.996,0.773,0.143,0.477,138.085,92434,20,disney
0.346,0.218,-11.487,0.0346,0.974,8.26e-05,0.106,0.24,98.691,89906,21,disney
0.742,0.0355,-17.618,0.167,0.991,0.964,0.111,0.41,144.019,214166,20,disney
0.392,0.0506,-19.5,0.0445,0.99,0.921,0.101,0.101,67.305,222815,21,disney
0.722,0.415,-11.043,0.0335,0.816,0.856,0.0762,0.799,86.115,151206,20,disney
0.323,0.0248,-15.226,0.04,0.996,0.849,0.105,0.503,72.449,111578,21,disney
0.421,0.017,-30.3,0.0632,0.995,0.949,0.113,0.314,72.769,92978,21,disney
0.549,0.575,-9.882,0.17,0.552,0.0,0.189,0.564,118.479,422746,20,disney
0.595,0.612,-5.913,0.05,0.295,0.0,0.257,0.942,99.941,144106,47,disney
0.738,0.0832,-16.842,0.0978,0.993,0.913,0.108,0.636,76.008,239013,20,disney
0.589,0.124,-18.509,0.0518,0.989,0.962,0.119,0.122,134.059,242238,20,disney
0.782,0.0606,-15.592,0.0891,0.992,0.861,0.109,0.307,115.831,225258,20,disney
0.582,0.142,-16.699,0.038,0.868,0.903,0.114,0.179,97.029,77933,20,disney
0.304,0.0742,-20.915,0.0375,0.949,0.0345,0.123,0.195,101.99,241146,21,disney
0.445,0.0713,-26.357,0.0363,0.933,0.876,0.111,0.196,131.99,118554,20,disney
0.377,0.0562,-16.777,0.0341,0.967,0.934,0.141,0.445,79.524,65866,21,disney
0.34,0.286,-20.692,0.0547,0.968,0.851,0.136,0.329,183.762,89184,21,disney
0.641,0.289,-19.692,0.0484,0.985,0.954,0.104,0.63,116.011,87931,20,disney
0.396,0.176,-17.66,0.0315,0.975,0.968,0.136,0.496,65.354,44909,21,disney
0.402,0.467,-16.433,0.0467,0.957,0.907,0.11,0.284,150.587,85526,20,disney
0.45,0.239,-16.886,0.0517,0.99,0.656,0.058,0.32,78.185,88910,20,disney
0.225,0.257,-16.993,0.0443,0.992,0.901,0.165,0.295,220.084,108777,20,disney
0.446,0.225,-15.818,0.042,0.901,0.000545,0.1,0.168,178.146,189200,21,disney
0.277,0.0906,-19.71,0.0361,0.966,0.00627,0.305,0.277,89.329,124333,20,disney
0.523,0.325,-16.034,0.0478,0.994,0.904,0.0973,0.399,67.528,52388,20,disney
0.787,0.703,-9.612,0.328,0.246,0.0,0.0351,0.564,135.193,163880,20,disney
0.472,0.231,-11.708,0.0396,0.838,0.0,0.351,0.442,70.495,138653,21,disney
0.481,0.0685,-18.818,0.0759,0.987,0.667,0.108,0.433,133.483,125666,22,disney
0.341,0.274,-9.228,0.0457,0.79,0.0,0.0845,0.326,76.51,182613,20,disney
0.838,0.685,-9.163,0.106,0.148,0.0,0.1,0.972,122.538,138720,20,disney
0.834,0.688,-9.127,0.111,0.161,0.0,0.196,0.973,122.512,137426,20,disney
0.198,0.483,-14.552,0.0506,0.831,0.927,0.0979,0.234,76.592,82746,20,disney
0.207,0.2,-16.7,0.0388,0.848,0.632,0.127,0.0689,117.305,347280,22,disney
0.585,0.0413,-19.447,0.0953,0.973,0.0,0.111,0.354,77.968,73650,55,disney
0.322,0.0347,-18.39,0.0375,0.978,0.00132,0.116,0.0993,77.233,175133,37,disney
0.409,0.224,-9.095,0.0405,0.927,0.0,0.106,0.227,100.916,190830,46,disney
0.618,0.896,-3.265,0.0765,0.435,0.0,0.239,0.666,93.197,117706,40,disney
0.554,0.412,-7.956,0.0321,0.83,0.0,0.138,0.336,137.168,224026,59,disney
0.517,0.0493,-17.642,0.16,0.991,0.969,0.0926,0.316,123.396,146226,20,disney
0.489,0.00993,-30.952,0.0944,0.992,0.896,0.11,0.287,100.207,267874,21,disney
0.185,0.18,-16.276,0.0376,0.837,0.743,0.0891,0.0403,79.236,127343,44,disney
0.322,0.00207,-35.061,0.0523,0.996,0.889,0.0822,0.149,75.769,141940,21,disney
0.172,0.0563,-27.965,0.0361,0.953,0.952,0.0706,0.0339,74.611,147520,52,disney
0.312,0.0435,-24.635,0.044,0.953,0.942,0.108,0.197,74.396,132334,20,disney
0.443,0.057,-27.938,0.0575,0.992,0.963,0.0892,0.452,176.023,130136,20,disney
0.661,0.73,-9.332,0.0765,0.175,7.91e-05,0.106,0.853,98.817,171280,43,disney
0.122,0.0153,-23.673,0.0436,0.982,0.909,0.127,0.386,91.938,287151,20,disney
0.328,0.519,-11.657,0.17,0.823,0.0554,0.244,0.154,145.985,171360,44,disney
0.808,0.316,-14.883,0.0847,0.434,0.746,0.0797,0.315,96.393,128345,53,disney
0.348,0.0371,-23.335,0.0399,0.968,0.866,0.0936,0.0396,68.266,106953,20,disney
0.605,0.389,-11.815,0.0292,0.662,0.934,0.142,0.11,136.994,226200,40,disney
0.585,0.462,-9.054,0.0274,0.227,0.936,0.185,0.189,89.914,207588,20,disney
0.385,0.432,-8.397,0.0581,0.574,0.0,0.193,0.19,94.843,223853,20,disney
0.449,0.099,-14.272,0.0349,0.922,0.000242,0.115,0.465,174.043,133586,20,disney
0.507,0.0785,-20.268,0.0509,0.994,0.931,0.0842,0.432,87.792,320080,20,disney
0.599,0.28,-14.787,0.0843,0.796,0.00751,0.0634,0.564,119.539,30080,22,disney
0.441,0.0377,-27.04,0.0767,0.995,0.935,0.121,0.117,70.784,197519,59,disney
0.685,0.161,-20.81,0.0508,0.877,0.904,0.0953,0.118,120.068,145002,20,disney
0.734,0.0312,-14.944,0.207,0.994,0.923,0.126,0.306,60.404,70000,20,disney
0.65,0.124,-19.205,0.0645,0.985,0.801,0.162,0.953,183.932,111349,20,disney
0.789,0.355,-17.323,0.611,0.983,0.00118,0.102,0.831,90.402,155146,20,disney
0.434,0.106,-20.119,0.0463,0.921,9.97e-05,0.327,0.261,110.736,235533,21,disney
0.221,0.325,-14.88,0.0553,0.912,0.000919,0.318,0.195,66.599,135000,20,disney
0.555,0.594,-7.189,0.242,0.624,0.0,0.126,0.504,69.963,154466,21,disney
0.244,0.323,-18.836,0.0464,0.968,0.947,0.143,0.359,220.525,88641,20,disney
0.713,0.0406,-17.008,0.232,0.993,0.912,0.0825,0.272,126.241,169950,20,disney
0.191,0.251,-14.046,0.0369,0.877,0.897,0.128,0.0375,108.149,130639,20,disney
0.743,0.398,-8.808,0.0334,0.626,9.21e-05,0.578,0.692,125.546,92853,21,disney
0.539,0.579,-9.702,0.14,0.686,0.0,0.303,0.525,117.42,422746,20,disney
0.368,0.0125,-31.201,0.0386,0.964,0.856,0.112,0.067,80.787,87200,20,disney
0.378,0.111,-20.042,0.0354,0.847,0.0027,0.0921,0.51,102.735,119506,20,disney
0.244,0.268,-12.75,0.0315,0.75,0.0,0.0994,0.226,85.732,161533,20,disney
0.285,0.471,-7.567,0.0319,0.918,0.0,0.105,0.589,157.909,91466,20,disney
0.602,0.0104,-27.128,0.0864,0.978,0.000208,0.208,0.214,111.549,82208,20,disney
0.319,0.241,-16.786,0.0343,0.794,0.431,0.267,0.362,100.202,152293,20,disney
0.181,0.197,-24.981,0.0481,0.909,0.0141,0.0866,0.2,101.809,70840,21,disney
0.0649,0.0335,-19.322,0.0409,0.967,0.921,0.127,0.0355,69.174,143133,19,disney
0.167,0.32,-13.239,0.0401,0.651,0.986,0.123,0.0349,146.584,200093,20,disney
0.511,0.615,-9.172,0.262,0.439,0.0,0.116,0.615,167.726,251520,20,disney
0.172,0.0563,-27.965,0.0361,0.953,0.952,0.0706,0.0339,74.611,147520,20,disney
0.129,0.295,-14.716,0.0493,0.608,0.896,0.0476,0.0433,76.947,176493,20,disney
0.666,0.622,-10.632,0.0323,0.442,0.954,0.131,0.593,99.977,129826,20,disney
0.661,0.525,-8.495,0.0313,0.562,0.679,0.0617,0.934,97.99,169893,19,disney
0.27,0.273,-13.335,0.0361,0.798,0.796,0.052,0.0603,119.562,148733,44,disney
0.569,0.0097,-30.445,0.162,0.972,0.374,0.0911,0.142,130.193,171050,48,disney
0.692,0.632,-9.365,0.0488,0.423,2.7e-05,0.0971,0.29,114.977,305653,43,disney
0.296,0.203,-12.019,0.0418,0.902,0.915,0.178,0.165,115.409,112386,41,disney
0.544,0.533,-11.079,0.0307,0.153,0.00444,0.29,0.685,135.516,198586,52,disney
0.309,0.198,-14.821,0.0326,0.888,0.853,0.117,0.0957,65.659,292357,44,disney
0.164,0.186,-15.29,0.0395,0.955,0.899,0.119,0.193,180.138,118421,45,disney
0.593,0.672,-6.08,0.296,0.0899,0.0,0.846,0.22,93.412,163882,46,disney
0.418,0.202,-15.725,0.0336,0.494,0.531,0.486,0.238,127.872,77108,21,disney
0.499,0.00405,-34.451,0.0618,0.996,0.974,0.122,0.58,74.277,55008,20,disney
0.66,0.358,-11.655,0.0318,0.673,2.89e-05,0.137,0.313,106.996,162213,49,disney
0.423,0.0675,-23.632,0.0412,0.986,0.874,0.0974,0.21,143.84,128194,20,disney
0.562,0.434,-7.244,0.417,0.614,0.0,0.26,0.484,137.675,397973,19,disney
0.744,0.00738,-31.114,0.0904,0.995,0.955,0.106,0.526,131.81,61989,20,disney
0.48,0.0702,-19.369,0.0607,0.914,0.949,0.126,0.184,80.348,136303,20,disney
0.418,0.0314,-26.725,0.049,0.995,0.962,0.141,0.141,171.938,192703,20,disney
0.415,0.00478,-26.51,0.0513,0.994,0.958,0.11,0.587,68.765,152838,20,disney
0.45,0.581,-7.806,0.04,0.496,0.0,0.118,0.463,61.227,193084,19,disney
0.654,0.23,-14.256,0.0317,0.556,0.0311,0.168,0.614,75.415,134440,20,disney
0.371,0.218,-16.201,0.0347,0.927,0.283,0.104,0.244,119.984,102320,19,disney
0.522,0.0919,-17.084,0.0416,0.989,0.704,0.0931,0.321,116.529,156567,20,disney
0.464,0.0505,-25.482,0.0406,0.967,0.94,0.0964,0.144,80.928,102592,19,disney
0.499,0.515,-16.027,0.251,0.75,0.0,0.0853,0.494,132.05,209400,19,disney
0.601,0.519,-9.97,0.11,0.552,1.41e-06,0.188,0.598,63.214,113213,19,disney
0.608,0.142,-10.124,0.0476,0.796,0.0485,0.101,0.422,116.88,112560,19,disney
0.436,0.0514,-22.03,0.0448,0.99,0.942,0.0918,0.226,99.985,137301,20,disney
0.309,0.127,-17.272,0.043,0.589,0.0342,0.184,0.0883,117.732,37680,21,disney
0.725,0.552,-9.03,0.027,0.321,0.0,0.101,0.975,97.624,117906,43,disney
0.468,0.232,-11.193,0.0319,0.943,0.000291,0.356,0.268,133.897,177313,19,disney
0.854,0.0132,-17.821,0.121,0.993,0.95,0.12,0.316,61.955,218951,19,disney
0.469,0.0549,-23.264,0.0286,0.932,0.00594,0.112,0.136,85.971,168293,20,disney
0.234,0.0684,-26.345,0.043,0.96,0.012,0.103,0.0392,81.038,117053,19,disney
0.332,0.246,-14.859,0.0319,0.919,0.94,0.344,0.0901,89.744,154626,21,disney
0.179,0.204,-14.463,0.0377,0.933,0.973,0.0832,0.0455,149.474,88640,19,disney
0.584,0.355,-9.782,0.0281,0.495,0.375,0.106,0.399,99.861,161333,20,disney
0.324,0.0768,-20.102,0.0396,0.946,0.288,0.323,0.242,101.722,127626,20,disney
0.18,0.336,-13.151,0.0425,0.606,0.988,0.31,0.0342,102.119,200093,19,disney
0.239,0.229,-19.128,0.0454,0.845,0.717,0.633,0.519,174.08,123533,20,disney
0.151,0.296,-17.31,0.0373,0.824,0.287,0.0767,0.176,74.793,336946,20,disney
0.546,0.448,-10.395,0.0338,0.272,0.0,0.0913,0.695,84.195,182240,20,disney
0.74,0.568,-10.676,0.0286,0.633,8.04e-05,0.0745,0.855,111.72,201600,21,disney
0.415,0.482,-7.932,0.0362,0.309,1.15e-06,0.274,0.346,83.868,241800,19,disney
0.617,0.222,-16.841,0.0432,0.989,0.965,0.112,0.3,139.192,56666,20,disney
0.831,0.178,-19.349,0.0544,0.962,0.0,0.105,0.786,120.763,199773,20,disney
0.37,0.0798,-16.654,0.0292,0.899,0.959,0.144,0.182,53.164,80813,19,disney
0.189,0.293,-14.654,0.0368,0.871,0.895,0.266,0.14,83.352,86186,21,disney
0.424,0.321,-11.358,0.0613,0.501,0.601,0.106,0.213,108.063,134786,19,disney
0.703,0.169,-18.958,0.119,0.98,0.0351,0.159,0.195,95.597,57731,19,disney
0.158,0.0296,-20.019,0.035,0.812,0.925,0.152,0.0298,76.577,95946,19,disney
0.292,0.303,-15.696,0.0589,0.969,0.617,0.168,0.193,181.034,125480,20,disney
0.387,0.44,-10.937,0.0872,0.727,0.0,0.138,0.582,96.062,212146,49,disney
0.257,0.0613,-21.991,0.0393,0.946,0.911,0.0873,0.107,80.404,34878,37,disney
0.295,0.0835,-19.57,0.036,0.988,0.925,0.11,0.103,133.09,303500,39,disney
0.285,0.571,-7.216,0.0427,0.19,0.275,0.142,0.147,163.981,34213,32,disney
0.203,0.183,-16.966,0.0348,0.812,0.873,0.27,0.182,89.598,86186,47,disney
0.645,0.0119,-29.853,0.0507,0.993,0.958,0.102,0.277,130.12,149538,19,disney
0.248,0.0106,-20.938,0.0411,0.996,0.974,0.0734,0.292,68.073,49333,19,disney
0.244,0.175,-16.93,0.0407,0.953,0.0,0.108,0.148,125.822,89786,19,disney
0.457,0.226,-11.606,0.0546,0.891,0.0,0.324,0.376,93.193,92266,19,disney
0.45,0.627,-7.352,0.182,0.355,0.0,0.056,0.611,100.286,237880,19,disney
0.364,0.108,-17.717,0.0482,0.976,0.955,0.106,0.0622,82.019,210392,19,disney
0.498,0.479,-7.251,0.0251,0.629,0.000884,0.229,0.281,109.092,216640,19,disney
0.629,0.0216,-20.836,0.0978,0.995,0.908,0.139,0.658,66.03,54782,19,disney
0.455,0.0401,-24.117,0.0937,0.995,0.9,0.0905,0.399,48.365,199493,19,disney
0.667,0.34,-14.707,0.0724,0.826,0.894,0.1,0.263,100.779,62694,19,disney
0.358,0.602,-5.059,0.0344,0.782,0.0131,0.0598,0.318,66.204,254640,20,disney
0.446,0.06,-19.25,0.0298,0.981,0.96,0.0978,0.0383,76.994,192467,19,disney
0.65,0.158,-18.728,0.0386,0.968,0.829,0.113,0.276,91.994,102912,19,disney
0.737,0.0996,-17.843,0.0428,0.989,0.948,0.105,0.52,93.876,134042,19,disney
0.277,0.14,-17.253,0.0476,0.932,0.0,0.0708,0.155,89.095,202533,20,disney
0.698,0.0858,-18.944,0.0548,0.992,0.909,0.159,0.155,100.189,184203,19,disney
0.768,0.164,-16.948,0.0445,0.982,0.892,0.102,0.406,119.993,168250,19,disney
0.686,0.196,-15.67,0.0424,0.907,0.899,0.116,0.39,106.144,87197,19,disney
0.431,0.77,-4.494,0.182,0.143,0.0,0.141,0.321,95.417,209666,19,disney
0.685,0.513,-9.72,0.035,0.687,0.00212,0.0976,0.964,91.31,135840,19,disney
0.662,0.215,-15.401,0.0607,0.66,0.93,0.0938,0.847,134.107,96967,19,disney
0.447,0.021,-25.758,0.061,0.984,0.926,0.115,0.323,71.26,84857,20,disney
0.573,0.542,-8.72,0.0291,0.379,0.136,0.254,0.592,83.009,174106,20,disney
0.306,0.205,-15.206,0.0486,0.933,6.39e-06,0.762,0.266,82.138,222146,20,disney
0.465,0.106,-18.594,0.0314,0.963,0.942,0.098,0.0392,79.036,263924,19,disney
0.375,0.336,-14.114,0.0669,0.756,3.75e-06,0.229,0.585,182.242,35680,19,disney
0.225,0.305,-13.505,0.0448,0.778,0.906,0.182,0.35,169.897,87186,19,disney
0.746,0.83,-8.609,0.0426,0.247,3.18e-05,0.0762,0.661,120.18,260053,19,disney
0.618,0.138,-18.0,0.0668,0.993,0.921,0.132,0.0774,121.458,196172,19,disney
0.458,0.095,-25.634,0.0366,0.934,0.798,0.323,0.401,141.995,118306,20,disney
0.276,0.179,-16.543,0.0326,0.859,0.0139,0.172,0.181,60.55,122333,19,disney
0.588,0.617,-6.342,0.156,0.395,0.0,0.203,0.621,74.946,173746,20,disney
0.182,0.261,-10.86,0.0317,0.944,0.232,0.305,0.279,74.709,188133,19,disney
0.34,0.0596,-17.785,0.0302,0.978,0.488,0.0961,0.0375,94.25,164306,19,disney
0.797,0.259,-15.188,0.0624,0.921,0.904,0.113,0.476,126.353,43000,19,disney
0.32,0.516,-11.792,0.17,0.84,0.0474,0.226,0.141,146.921,171160,20,disney
0.495,0.137,-17.15,0.0468,0.968,0.946,0.109,0.271,139.73,58826,19,disney
0.362,0.222,-18.202,0.0622,0.842,6.91e-06,0.643,0.266,72.805,382666,19,disney
0.244,0.0239,-27.871,0.0407,0.963,0.402,0.123,0.0503,133.998,175720,19,disney
0.236,0.108,-16.376,0.0369,0.861,0.934,0.127,0.0631,119.983,196213,18,disney
0.423,0.187,-12.164,0.0385,0.598,0.571,0.26,0.519,96.039,162440,19,disney
0.722,0.22,-18.145,0.0706,0.965,0.011,0.106,0.887,107.138,120765,19,disney
0.162,0.0614,-28.258,0.0464,0.776,0.865,0.151,0.0329,147.868,52466,19,disney
0.187,0.111,-15.168,0.0388,0.9,0.507,0.2,0.036,77.616,305200,19,disney
0.889,0.0907,-22.56,0.0905,0.921,0.0161,0.0989,0.413,120.023,132586,19,disney
0.307,0.152,-16.993,0.035,0.983,0.887,0.148,0.167,127.512,180931,38,disney
0.4,0.371,-6.675,0.0643,0.831,0.0,0.203,0.444,173.733,121670,46,disney
0.36,0.682,-6.473,0.101,0.286,0.0,0.0825,0.446,98.001,209666,18,disney
0.243,0.204,-22.951,0.0534,0.988,0.937,0.127,0.305,169.065,164500,38,disney
0.656,0.633,-7.093,0.0375,0.367,1.57e-06,0.179,0.473,139.899,189428,19,disney
0.335,0.487,-10.481,0.0461,0.864,0.882,0.0949,0.118,109.383,196495,43,disney
0.332,0.319,-17.02,0.0466,0.968,0.854,0.103,0.0685,116.558,139673,18,disney
0.342,0.0534,-21.118,0.0312,0.994,0.954,0.218,0.363,86.006,96632,19,disney
0.457,0.436,-20.289,0.872,0.833,0.0,0.357,0.724,67.54,82120,19,disney
0.378,0.234,-13.503,0.0381,0.981,0.907,0.16,0.206,140.763,231029,19,disney
0.251,0.00901,-28.152,0.0482,0.986,0.942,0.105,0.259,66.852,116621,19,disney
0.68,0.0721,-25.957,0.0511,0.986,0.944,0.145,0.366,171.948,86209,19,disney
0.406,0.0336,-24.086,0.0384,0.989,0.911,0.0999,0.151,89.976,114839,21,disney
0.728,0.0111,-34.184,0.129,0.995,0.97,0.085,0.0,68.291,47946,19,disney
0.431,0.222,-15.299,0.109,0.94,0.922,0.108,0.467,70.001,187560,18,disney
0.0995,0.22,-17.168,0.0396,0.952,0.845,0.0919,0.0771,70.005,96906,20,disney
0.734,0.0643,-23.702,0.0894,0.991,0.912,0.0965,0.28,141.941,195633,19,disney
0.443,0.125,-18.656,0.0321,0.986,0.969,0.114,0.119,74.994,230198,18,disney
0.419,0.442,-11.646,0.0386,0.747,0.0,0.173,0.216,119.839,181877,18,disney
0.572,0.383,-13.111,0.0792,0.618,0.0,0.693,0.647,123.35,142733,19,disney
0.662,0.0683,-18.923,0.0351,0.994,0.901,0.108,0.319,116.119,142549,19,disney
0.378,0.0126,-31.024,0.0396,0.966,0.85,0.109,0.068,80.452,87200,19,disney
0.652,0.323,-13.64,0.0721,0.812,0.941,0.0809,0.378,154.854,78133,18,disney
0.627,0.599,-5.839,0.0975,0.695,1.57e-05,0.0831,0.751,105.102,99200,19,disney
0.376,0.0364,-21.334,0.044,0.934,0.945,0.115,0.423,68.837,142108,19,disney
0.671,0.0934,-18.007,0.0365,0.978,0.941,0.0843,0.508,99.907,155395,19,disney
0.759,0.349,-8.561,0.0307,0.512,2.21e-06,0.451,0.59,119.947,136853,19,disney
0.355,0.252,-13.554,0.0356,0.924,0.895,0.116,0.609,162.05,70453,19,disney
0.551,0.249,-12.054,0.0282,0.373,0.0,0.137,0.109,112.031,200551,18,disney
0.414,0.109,-12.547,0.0413,0.798,3.05e-06,0.607,0.141,83.746,216773,19,disney
0.807,0.594,-10.441,0.0292,0.0687,0.0,0.114,0.853,123.783,176733,19,disney
0.581,0.507,-8.021,0.0326,0.0496,0.0,0.093,0.458,137.985,180318,19,disney
0.429,0.0971,-23.984,0.0474,0.99,0.933,0.14,0.316,79.621,148544,18,disney
0.171,0.152,-16.515,0.031,0.935,0.228,0.226,0.11,95.093,122493,18,disney
0.65,0.234,-12.867,0.0533,0.908,0.856,0.116,0.508,138.143,93284,19,disney
0.387,0.103,-18.815,0.034,0.988,0.792,0.332,0.141,129.381,207866,18,disney
0.383,0.299,-9.42,0.0345,0.817,0.0,0.118,0.318,99.82,149773,19,disney
0.829,0.274,-15.798,0.137,0.897,0.877,0.109,0.642,114.309,34240,19,disney
0.615,0.436,-10.303,0.0382,0.504,0.402,0.0864,0.964,169.505,122840,19,disney
0.432,0.241,-19.258,0.197,0.984,0.809,0.129,0.238,183.381,42906,19,disney
0.649,0.338,-13.893,0.0766,0.713,0.862,0.101,0.58,101.446,44786,18,disney
0.467,0.185,-17.553,0.0551,0.963,0.924,0.103,0.51,148.721,53640,19,disney
0.317,0.816,-7.44,0.114,0.000454,0.0,0.304,0.411,153.828,244565,19,disney
0.708,0.424,-7.048,0.0353,0.724,0.0,0.0722,0.637,101.703,176865,18,disney
0.668,0.378,-14.998,0.215,0.808,0.0,0.299,0.855,138.335,84720,19,disney
0.502,0.202,-19.155,0.0578,0.835,0.853,0.077,0.305,186.654,81466,19,disney
0.357,0.254,-15.776,0.0398,0.698,0.0991,0.0734,0.325,125.453,246546,19,disney
0.234,0.14,-14.465,0.0377,0.926,1.27e-05,0.1,0.0772,83.464,66417,19,disney
0.497,0.102,-23.235,0.0536,0.891,0.75,0.0947,0.12,127.724,85866,19,disney
0.455,0.405,-13.489,0.209,0.927,0.000855,0.202,0.654,50.435,105720,19,disney
0.203,0.478,-13.208,0.0423,0.148,0.889,0.101,0.178,142.105,106643,36,disney
0.359,0.727,-8.003,0.0557,0.0347,0.93,0.0694,0.173,120.817,71699,34,disney
0.441,0.597,-7.958,0.123,0.573,4.07e-06,0.113,0.657,80.538,212346,31,disney
0.782,0.259,-15.865,0.127,0.987,0.862,0.0765,0.852,124.74,69120,18,disney
0.623,0.277,-13.038,0.0413,0.969,0.0166,0.134,0.484,117.294,141360,19,disney
0.226,0.0652,-26.82,0.0409,0.886,0.793,0.0705,0.0957,99.008,110933,19,disney
0.166,0.18,-16.531,0.0331,0.874,0.0254,0.242,0.17,81.468,122573,42,disney
0.681,0.833,-6.248,0.0847,0.382,5.59e-06,0.391,0.725,117.54,124200,56,disney
0.538,0.512,-8.697,0.0638,0.947,1.42e-05,0.273,0.855,52.751,78240,19,disney
0.656,0.391,-13.432,0.134,0.755,0.0,0.515,0.625,135.856,139493,20,disney
0.621,0.0871,-17.046,0.0364,0.991,0.946,0.0974,0.15,88.007,169770,18,disney
0.685,0.0218,-31.351,0.0379,0.637,0.441,0.101,0.251,84.225,185373,19,disney
0.635,0.722,-10.662,0.0925,0.891,0.968,0.308,0.815,96.025,109000,19,disney
0.572,0.168,-14.255,0.107,0.956,0.00104,0.127,0.302,100.101,271226,53,disney
0.165,0.073,-19.512,0.0378,0.814,0.271,0.472,0.0399,106.626,216653,18,disney
0.679,0.523,-12.638,0.503,0.668,0.000336,0.27,0.52,110.647,141240,20,disney
0.224,0.0651,-22.713,0.0469,0.521,0.599,0.188,0.0936,117.235,38040,20,disney
0.792,0.309,-10.573,0.0423,0.698,1.72e-05,0.489,0.758,125.367,94573,19,disney
0.185,0.18,-16.276,0.0376,0.837,0.743,0.0891,0.0403,79.236,127343,18,disney
0.861,0.0708,-19.919,0.419,0.991,0.54,0.0914,0.27,113.963,213157,18,disney
0.186,0.204,-17.746,0.0375,0.668,0.947,0.145,0.125,105.427,183853,19,disney
0.599,0.749,-8.597,0.035,0.769,0.111,0.029,0.985,123.785,136000,19,disney
0.0649,0.0335,-19.322,0.0409,0.967,0.921,0.127,0.0355,69.174,143133,18,disney
0.241,0.62,-9.857,0.086,0.092,0.346,0.161,0.457,156.021,140413,20,disney
0.647,0.319,-11.965,0.112,0.645,2.16e-06,0.146,0.959,131.31,102934,18,disney
0.217,0.0754,-16.629,0.0327,0.901,0.914,0.135,0.201,142.026,80813,18,disney
0.436,0.00737,-29.825,0.0544,0.993,0.955,0.117,0.335,78.513,88881,18,disney
0.19,0.0924,-21.136,0.0333,0.918,0.917,0.087,0.0551,84.999,250120,20,disney
0.337,0.338,-21.972,0.274,0.927,0.00463,0.335,0.4,87.554,146666,19,disney
0.745,0.121,-18.689,0.0816,0.885,0.101,0.402,0.325,119.869,204920,19,disney
0.71,0.815,-6.687,0.0341,0.326,0.0,0.38,0.838,122.039,191550,18,disney
0.576,0.361,-16.341,0.396,0.835,0.0,0.314,0.584,78.163,124093,19,disney
0.447,0.551,-16.527,0.231,0.761,0.0,0.277,0.607,72.551,210466,19,disney
0.0828,0.194,-17.49,0.0349,0.898,0.932,0.0672,0.0489,171.933,197213,20,disney
0.629,0.47,-9.923,0.107,0.693,0.0,0.173,0.92,93.699,141760,19,disney
0.658,0.634,-10.671,0.0328,0.445,0.957,0.148,0.61,99.949,129826,18,disney
0.466,0.715,-9.569,0.0574,0.00193,0.869,0.0835,0.185,116.875,188466,18,disney
0.692,0.632,-9.365,0.0488,0.423,2.7e-05,0.0971,0.29,114.977,305653,18,disney
0.46,0.148,-21.912,0.035,0.918,0.747,0.324,0.336,142.046,116120,20,disney
0.711,0.0466,-19.865,0.0657,0.984,0.751,0.107,0.264,96.19,149160,18,disney
0.185,0.118,-18.528,0.0354,0.976,0.236,0.165,0.0681,87.523,337853,18,disney
0.662,0.522,-8.485,0.0296,0.556,0.611,0.0596,0.933,97.988,168013,18,disney
0.655,0.489,-11.246,0.108,0.918,0.0019,0.153,0.778,75.816,147266,19,disney
0.61,0.377,-10.53,0.0373,0.815,0.00188,0.11,0.47,88.269,128853,19,disney
0.183,0.251,-14.319,0.04,0.663,0.876,0.105,0.0369,71.857,116920,20,disney
0.621,0.414,-11.657,0.0327,0.605,0.0,0.152,0.546,123.923,192640,19,disney
0.256,0.481,-10.635,0.0989,0.392,0.845,0.296,0.0642,114.732,146400,18,disney
0.631,0.327,-15.094,0.0333,0.572,0.0,0.0844,0.583,127.918,175733,18,disney
0.108,0.29,-14.76,0.0504,0.611,0.911,0.049,0.0394,166.161,176493,18,disney
0.17,0.0722,-22.991,0.0416,0.905,0.705,0.104,0.0608,115.062,115136,38,disney
0.193,0.134,-17.84,0.0486,0.973,0.88,0.116,0.0959,171.485,173406,35,disney
0.399,0.0367,-27.498,0.0383,0.936,0.922,0.111,0.14,116.455,176293,18,disney
0.782,0.58,-6.872,0.077,0.114,0.0,0.0605,0.709,148.05,204926,19,disney
0.755,0.514,-11.15,0.354,0.571,0.0,0.118,0.388,93.484,128854,18,disney
0.801,0.0959,-20.209,0.0422,0.99,0.962,0.111,0.485,106.115,87541,18,disney
0.717,0.522,-7.295,0.156,0.572,0.0,0.368,0.45,106.51,118026,18,disney
0.406,0.00559,-27.262,0.0382,0.986,0.629,0.189,0.15,90.109,116186,18,disney
0.482,0.0409,-24.309,0.0445,0.991,0.919,0.149,0.175,87.518,265973,18,disney
0.499,0.0306,-21.302,0.0896,0.99,0.924,0.0884,0.142,71.16,206000,18,disney
0.329,0.0607,-28.31,0.0507,0.994,0.88,0.0858,0.421,93.948,203705,18,disney
0.704,0.175,-14.059,0.032,0.966,0.54,0.0744,0.398,102.94,213089,18,disney
0.517,0.0726,-27.516,0.0523,0.993,0.958,0.104,0.538,129.886,46271,18,disney
0.286,0.202,-18.859,0.0454,0.909,0.85,0.0894,0.338,145.683,95586,20,disney
0.612,0.628,-11.127,0.361,0.652,0.0,0.591,0.836,149.345,176773,19,disney
0.35,0.272,-19.903,0.0756,0.888,0.0487,0.21,0.476,142.47,146906,43,disney
0.473,0.137,-15.388,0.0309,0.989,0.903,0.107,0.19,74.578,221226,18,disney
0.646,0.722,-7.693,0.139,0.604,0.0,0.121,0.96,99.871,193040,18,disney
0.68,0.359,-9.707,0.0315,0.796,0.0,0.121,0.421,125.936,234688,18,disney
0.683,0.217,-11.833,0.0532,0.979,0.00404,0.132,0.339,117.58,124520,18,disney
0.523,0.296,-19.339,0.346,0.155,1.18e-06,0.135,0.445,147.055,416520,18,disney
0.64,0.417,-7.55,0.0265,0.842,0.0,0.188,0.522,141.903,138306,18,disney
0.308,0.227,-14.644,0.0352,0.973,0.00192,0.256,0.0664,103.336,171688,19,disney
0.157,0.144,-17.011,0.0447,0.912,0.0497,0.15,0.0372,76.305,201880,18,disney
0.319,0.39,-8.422,0.0559,0.695,0.0,0.0941,0.455,84.553,182613,18,disney
0.456,0.262,-12.953,0.0303,0.977,0.418,0.169,0.052,93.609,87985,18,disney
0.163,0.107,-18.477,0.0413,0.921,0.899,0.129,0.038,93.676,201304,18,disney
0.27,0.308,-14.577,0.0365,0.928,0.899,0.135,0.171,137.634,123913,18,disney
0.494,0.197,-16.779,0.04,0.971,0.943,0.121,0.106,119.433,161799,18,disney
0.523,0.402,-8.749,0.0495,0.559,0.0,0.175,0.497,137.076,108000,20,disney
0.696,0.0349,-22.63,0.069,0.979,0.927,0.102,0.275,119.979,115499,18,disney
0.438,0.0134,-28.896,0.0562,0.994,0.957,0.11,0.119,66.769,149894,18,disney
0.531,0.293,-15.36,0.043,0.994,0.87,0.129,0.101,76.005,440596,18,disney
0.337,0.323,-12.477,0.0318,0.909,0.765,0.166,0.157,80.917,198440,20,disney
0.18,0.0938,-20.759,0.0354,0.93,0.89,0.122,0.0342,111.236,278600,18,disney
0.414,0.0153,-26.892,0.0428,0.981,0.933,0.0857,0.066,77.399,175000,18,disney
0.528,0.376,-10.669,0.066,0.852,9.57e-06,0.219,0.618,81.321,120346,18,disney
0.358,0.416,-6.937,0.0355,0.39,0.0,0.172,0.115,121.376,175000,18,disney
0.306,0.148,-14.233,0.0379,0.901,6.35e-06,0.09,0.151,75.52,216200,18,disney
0.55,0.171,-16.478,0.0481,0.987,0.891,0.1,0.0642,119.49,237046,18,disney
0.45,0.109,-19.227,0.0697,0.984,0.107,0.0974,0.355,124.981,107782,18,disney
0.513,0.471,-14.291,0.318,0.442,0.0,0.268,0.613,167.361,251520,18,disney
0.329,0.0133,-26.18,0.0427,0.953,0.933,0.121,0.0559,77.199,178229,18,disney
0.315,0.174,-11.207,0.0599,0.859,2.04e-06,0.364,0.338,169.903,125856,18,disney
0.715,0.13,-17.072,0.114,0.917,0.893,0.0993,0.345,53.862,49906,18,disney
0.737,0.0292,-31.514,0.0617,0.995,0.971,0.0863,0.185,95.036,127759,18,disney
0.474,0.0267,-28.273,0.0525,0.992,0.969,0.092,0.164,82.087,202644,18,disney
0.135,0.202,-14.366,0.0329,0.632,0.543,0.396,0.0878,94.196,200066,18,disney
0.411,0.1,-18.398,0.041,0.913,0.0,0.118,0.192,123.298,214440,19,disney
0.411,0.2,-16.037,0.0262,0.3,0.00926,0.0887,0.184,79.011,173440,19,disney
0.324,0.631,-8.046,0.0433,0.0667,0.575,0.0391,0.225,131.207,36707,35,disney
0.105,0.101,-20.854,0.0404,0.762,0.888,0.111,0.0385,87.408,58614,37,disney
0.263,0.402,-7.661,0.0323,0.88,0.0,0.162,0.219,84.644,154573,35,disney
0.585,0.722,-3.557,0.0423,0.00808,0.0,0.301,0.411,132.005,65903,45,disney
0.464,0.902,-4.347,0.549,0.0395,0.0,0.0549,0.641,203.133,177544,46,disney
0.386,0.284,-13.496,0.0625,0.712,0.0,0.252,0.378,142.539,58986,18,disney
0.532,0.0378,-19.545,0.0667,0.964,0.936,0.127,0.16,135.808,112893,17,disney
0.285,0.499,-7.417,0.0707,0.418,0.0,0.639,0.174,53.922,277866,17,disney
0.428,0.00924,-30.288,0.0564,0.993,0.956,0.0923,0.0833,65.867,125865,17,disney
0.361,0.343,-12.585,0.0582,0.552,1.2e-06,0.207,0.371,81.712,101720,18,disney
0.375,0.0457,-22.466,0.0453,0.991,0.943,0.107,0.192,168.241,172375,18,disney
0.526,0.198,-14.417,0.0387,0.991,0.884,0.113,0.0906,87.416,151716,18,disney
0.715,0.033,-27.927,0.059,0.996,0.964,0.102,0.631,110.008,154909,18,disney
0.279,0.16,-16.142,0.0408,0.968,0.858,0.133,0.0705,101.168,138516,17,disney
0.662,0.522,-8.485,0.0296,0.556,0.611,0.0596,0.933,97.988,168013,46,disney
0.503,0.225,-16.996,0.0452,0.978,0.924,0.114,0.334,103.367,254335,52,disney
0.485,0.244,-11.248,0.0266,0.552,0.00309,0.086,0.147,89.003,212000,18,disney
0.123,0.271,-14.575,0.0364,0.788,0.878,0.202,0.147,96.843,86333,19,disney
0.375,0.403,-6.73,0.0362,0.561,0.0,0.17,0.179,122.452,175593,18,disney
0.676,0.0179,-18.253,0.12,0.993,0.967,0.131,0.437,86.957,57391,18,disney
0.405,0.292,-8.178,0.091,0.742,0.0,0.082,0.535,161.191,47013,19,disney
0.782,0.0712,-23.379,0.0855,0.988,0.882,0.102,0.574,89.966,137666,17,disney
0.442,0.0628,-18.887,0.0659,0.94,0.96,0.108,0.505,108.255,124921,18,disney
0.217,0.271,-16.137,0.0404,0.93,0.89,0.114,0.0452,125.542,145652,17,disney
0.257,0.0613,-21.991,0.0393,0.946,0.911,0.0873,0.107,80.404,34878,18,disney
0.472,0.202,-19.992,0.0546,0.954,0.951,0.12,0.148,153.692,181840,18,disney
0.233,0.139,-26.294,0.052,0.905,0.0304,0.0621,0.104,129.947,37026,18,disney
0.576,0.0501,-19.799,0.0513,0.976,0.0362,0.131,0.381,120.052,82733,19,disney
0.246,0.24,-16.301,0.0441,0.993,0.893,0.0958,0.0827,154.749,119021,17,disney
0.392,0.311,-7.853,0.0375,0.864,0.0,0.279,0.314,166.79,129893,18,disney
0.464,0.349,-10.988,0.0276,0.562,0.864,0.106,0.243,74.982,181818,18,disney
0.446,0.692,-5.636,0.122,0.834,0.0,0.298,0.78,170.271,177960,17,disney
0.711,0.0466,-19.865,0.0657,0.984,0.751,0.107,0.264,96.19,149160,17,disney
0.159,0.363,-11.802,0.0366,0.649,7.87e-05,0.476,0.0679,84.084,145266,18,disney
0.65,0.535,-8.792,0.0293,0.259,0.372,0.232,0.901,102.757,163480,18,disney
0.211,0.154,-18.504,0.0356,0.827,0.117,0.0968,0.111,106.762,253400,17,disney
0.502,0.202,-19.155,0.0578,0.835,0.853,0.077,0.305,186.654,81466,17,disney
0.292,0.181,-13.796,0.0461,0.925,5.6e-06,0.217,0.116,138.526,120066,18,disney
0.67,0.174,-14.266,0.0383,0.913,0.897,0.106,0.483,87.959,96001,17,disney
0.174,0.111,-19.309,0.0357,0.9,0.649,0.173,0.0381,142.609,382186,18,disney
0.358,0.908,-4.067,0.188,0.0943,3.52e-06,0.771,0.217,118.942,320386,19,disney
0.836,0.0935,-18.08,0.0873,0.898,0.864,0.0996,0.455,121.085,70253,18,disney
0.285,0.00512,-31.151,0.0476,0.992,0.937,0.0977,0.113,73.963,232870,18,disney
0.711,0.466,-13.933,0.0323,0.298,1.77e-06,0.0975,0.952,128.162,184533,18,disney
0.508,0.632,-7.726,0.0273,0.0314,1.04e-05,0.179,0.426,134.929,279800,18,disney
0.48,0.301,-10.96,0.0357,0.339,0.0,0.155,0.165,127.573,213680,18,disney
0.156,0.0788,-18.245,0.0361,0.969,0.951,0.367,0.0398,87.453,114240,19,disney
0.629,0.619,-17.621,0.0606,0.835,0.0327,0.179,0.4,118.186,57906,18,disney
0.708,0.424,-7.048,0.0353,0.724,0.0,0.0722,0.637,101.703,176865,18,disney
0.21,0.196,-16.557,0.0381,0.854,0.619,0.0721,0.0687,114.714,347906,19,disney
0.677,0.455,-11.963,0.141,0.616,0.0,0.249,0.782,127.651,179748,50,forro
0.612,0.654,-3.79,0.0299,0.613,0.0,0.446,0.386,124.881,258968,51,forro
0.788,0.775,-1.776,0.0331,0.577,0.0194,0.0506,0.942,130.012,180796,54,forro
0.558,0.78,-3.082,0.0549,0.466,0.0,0.187,0.692,156.002,162019,57,forro
0.754,0.464,-10.928,0.0572,0.744,0.0,0.331,0.731,131.842,150937,53,forro
0.642,0.678,-5.299,0.0346,0.547,0.000136,0.168,0.887,156.022,205961,56,forro
0.675,0.848,-4.297,0.0328,0.363,0.0,0.273,0.972,153.987,188571,49,forro
0.683,0.887,-5.147,0.0321,0.707,0.0,0.281,0.891,148.799,175716,50,forro
0.671,0.886,-4.21,0.0463,0.275,0.0,0.132,0.914,165.944,138750,49,forro
0.67,0.836,-3.932,0.0441,0.302,7.7e-06,0.733,0.694,149.962,167400,54,forro
0.599,0.664,-5.747,0.0408,0.827,0.0,0.293,0.452,139.902,219130,57,forro
0.599,0.914,-2.415,0.0629,0.5,0.0,0.694,0.831,168.008,182976,52,forro
0.589,0.937,-2.332,0.0383,0.652,0.0,0.179,0.809,171.033,168426,54,forro
0.602,0.962,-2.375,0.0621,0.293,0.0,0.156,0.835,172.201,180615,50,forro
0.736,0.978,-2.674,0.0409,0.345,0.0,0.616,0.971,140.071,138857,51,forro
0.673,0.891,-3.301,0.0478,0.698,2.92e-06,0.184,0.845,151.952,164416,52,forro
0.5,0.833,-6.44,0.106,0.23,0.0,0.145,0.697,166.087,187742,51,forro
0.725,0.788,-5.558,0.0278,0.576,0.0,0.0645,0.858,135.012,264947,50,forro
0.517,0.933,-3.988,0.0678,0.222,2.51e-06,0.48,0.63,180.11,188800,52,forro
0.67,0.933,-2.427,0.0345,0.429,0.0,0.306,0.852,128.019,164924,50,forro
0.657,0.875,-3.621,0.0583,0.497,0.0,0.386,0.954,82.512,166791,52,forro
0.533,0.931,-3.817,0.146,0.591,2.81e-05,0.725,0.711,170.392,237813,51,forro
0.702,0.52,-6.219,0.0324,0.28,0.0,0.433,0.664,132.003,218160,51,forro
0.672,0.787,-5.78,0.0331,0.215,0.0,0.114,0.963,155.991,200986,50,forro
0.648,0.804,-5.623,0.0379,0.325,0.0,0.365,0.907,156.135,182465,49,forro
0.632,0.963,-5.524,0.0519,0.00656,0.000327,0.314,0.735,121.267,205706,53,forro
0.508,0.932,-4.366,0.0444,0.234,0.0042,0.13,0.923,133.065,135676,55,forro
0.541,0.947,-3.659,0.0836,0.248,0.0,0.366,0.492,89.989,241633,51,forro
0.495,0.754,-5.168,0.0514,0.581,0.0,0.771,0.599,155.612,222271,59,forro
0.596,0.66,-5.333,0.0391,0.0533,0.00562,0.134,0.578,174.09,182844,54,forro
0.666,0.968,-2.076,0.059,0.446,0.0,0.0625,0.96,164.007,149202,51,forro
0.624,0.938,-1.145,0.0644,0.129,0.0,0.327,0.836,149.887,177531,61,forro
0.326,0.914,-3.895,0.0474,0.122,0.0,0.397,0.672,133.047,235781,56,forro
0.718,0.719,-4.208,0.0339,0.421,0.0,0.107,0.902,152.02,198893,55,forro
0.654,0.808,-4.297,0.0347,0.511,0.0,0.129,0.898,152.078,147039,52,forro
0.633,0.814,-3.398,0.0336,0.47,0.0,0.399,0.74,133.045,180334,56,forro
0.374,0.724,-7.862,0.0424,0.494,0.0,0.166,0.518,175.971,212715,52,forro
0.648,0.743,-9.028,0.0337,0.52,1.23e-06,0.581,0.88,97.482,209493,54,forro
0.691,0.669,-6.131,0.0325,0.339,0.0,0.663,0.752,131.892,216386,51,forro
0.649,0.666,-4.871,0.0706,0.404,0.0,0.302,0.783,131.812,190162,51,forro
0.644,0.754,-5.874,0.0681,0.712,0.0,0.409,0.655,154.973,139088,62,forro
0.603,0.849,-5.771,0.033,0.653,0.0,0.465,0.847,143.811,225266,49,forro
0.466,0.91,-3.892,0.0467,0.348,1.97e-06,0.613,0.548,133.02,166875,53,forro
0.507,0.832,-7.707,0.0467,0.0149,7e-06,0.429,0.553,105.923,181306,51,forro
0.524,0.84,-4.46,0.0367,0.382,4.46e-06,0.209,0.788,75.034,222812,52,forro
0.699,0.786,-5.8,0.042,0.562,5.21e-06,0.444,0.69,105.994,153412,50,forro
0.413,0.622,-6.479,0.0311,0.362,0.0,0.133,0.661,91.645,178533,50,forro
0.609,0.904,-6.029,0.0515,0.566,0.0,0.499,0.915,165.96,200646,52,forro
0.633,0.877,-5.182,0.0526,0.335,0.0,0.128,0.913,162.032,160682,57,forro
0.649,0.866,-3.687,0.0486,0.622,0.0,0.408,0.737,92.037,224493,51,forro
0.49,0.756,-3.498,0.0305,0.55,0.0,0.975,0.386,82.261,232924,50,forro
0.751,0.444,-13.842,0.0377,0.434,0.0,0.303,0.956,116.401,197226,47,forro
0.625,0.956,-1.966,0.0547,0.303,0.0,0.103,0.762,159.966,163587,49,forro
0.718,0.823,-4.66,0.0691,0.353,3.8e-05,0.184,0.962,156.035,137829,49,forro
0.731,0.477,-10.684,0.0469,0.703,0.0,0.387,0.911,132.99,168281,49,forro
0.616,0.618,-6.934,0.0448,0.0903,0.0,0.125,0.649,135.097,153977,47,forro
0.55,0.665,-2.608,0.0662,0.301,0.0,0.126,0.643,143.441,178415,49,forro
0.582,0.789,-1.97,0.135,0.632,0.0,0.0733,0.728,154.157,207272,49,forro
0.712,0.918,-1.957,0.0722,0.35,0.0,0.109,0.83,149.897,169049,49,forro
0.377,0.608,-4.446,0.0313,0.226,0.0,0.119,0.703,100.006,193424,49,forro
0.684,0.922,-2.383,0.0401,0.492,0.00318,0.349,0.947,158.066,149210,48,forro
0.638,0.961,-2.228,0.0475,0.386,0.0,0.697,0.962,164.985,139634,49,forro
0.624,0.871,-3.498,0.0352,0.386,0.0,0.335,0.886,161.666,174052,48,forro
0.701,0.745,-5.132,0.0355,0.334,0.0,0.0454,0.87,156.128,169978,48,forro
0.582,0.937,-2.118,0.0858,0.449,0.0,0.684,0.939,168.096,166837,48,forro
0.67,0.896,-5.628,0.0312,0.815,0.000181,0.124,0.843,148.767,172356,47,forro
0.628,0.663,-6.267,0.0298,0.437,0.0,0.527,0.606,132.009,207493,49,forro
0.684,0.832,-4.44,0.0351,0.275,0.0,0.0278,0.96,163.98,138750,48,forro
0.499,0.803,-4.153,0.0437,0.49,2.03e-05,0.118,0.688,150.084,157750,48,forro
0.618,0.79,-3.923,0.13,0.615,0.0,0.241,0.537,158.122,174170,49,forro
0.732,0.908,-6.998,0.0547,0.578,0.0,0.442,0.823,112.385,208535,50,forro
0.75,0.872,-5.67,0.0576,0.59,0.0,0.0434,0.942,172.139,169586,48,forro
0.705,0.399,-9.365,0.0498,0.112,0.0,0.0759,0.641,127.125,262973,48,forro
0.759,0.664,-7.543,0.047,0.642,0.0,0.122,0.761,135.021,184888,49,forro
0.738,0.894,-4.36,0.046,0.377,1.6e-05,0.273,0.802,170.048,190746,49,forro
0.758,0.924,-3.724,0.0346,0.176,2.23e-05,0.0719,0.912,148.033,212432,49,forro
0.715,0.623,-8.858,0.0378,0.15,0.0,0.296,0.619,134.016,158753,49,forro
0.648,0.872,-3.062,0.0384,0.349,1.26e-06,0.142,0.933,155.97,205180,49,forro
0.947,0.714,-4.843,0.0561,0.709,0.0,0.172,0.724,129.943,155951,48,forro
0.5,0.823,-4.794,0.0998,0.657,0.0,0.506,0.534,186.096,209639,49,forro
0.704,0.821,-9.442,0.0332,0.0404,0.0,0.157,0.967,126.073,182068,48,forro
0.565,0.827,-4.911,0.0764,0.212,0.0,0.3,0.69,159.816,239516,51,forro
0.616,0.901,-2.357,0.0283,0.107,4.53e-06,0.273,0.812,153.975,201038,49,forro
0.683,0.899,-4.181,0.0323,0.0143,3.59e-05,0.0371,0.87,112.042,246133,50,forro
0.654,0.774,-4.809,0.0342,0.848,0.0,0.171,0.682,138.873,240187,49,forro
0.822,0.8,-4.798,0.0284,0.25,8.9e-06,0.0558,0.696,128.856,240979,49,forro
0.556,0.842,-9.091,0.0478,0.222,0.0,0.751,0.771,131.854,109253,48,forro
0.76,0.816,-7.082,0.0343,0.0395,0.0,0.176,0.933,90.989,162066,48,forro
0.655,0.844,-3.818,0.0447,0.363,0.0,0.41,0.605,135.76,174215,48,forro
0.548,0.728,-5.234,0.0373,0.263,0.00788,0.101,0.831,162.058,218098,49,forro
0.595,0.962,-6.977,0.0432,0.332,0.000247,0.45,0.95,104.791,202373,49,forro
0.435,0.784,-6.886,0.096,0.464,0.0,0.216,0.64,62.005,148327,48,forro
0.728,0.684,-3.447,0.0273,0.225,0.0,0.698,0.56,132.123,216613,49,forro
0.601,0.804,-4.405,0.0392,0.69,0.0002,0.252,0.78,160.087,210906,48,forro
0.727,0.905,-7.65,0.0417,0.223,0.0,0.327,0.853,112.961,211071,48,forro
0.645,0.906,-3.91,0.0323,0.205,0.0,0.107,0.808,133.024,118312,48,forro
0.61,0.792,-4.745,0.0318,0.38,0.0,0.151,0.866,151.996,183000,49,forro
0.612,0.928,-2.862,0.0408,0.304,0.0,0.423,0.736,81.008,249679,48,forro
0.601,0.858,-5.574,0.0427,0.577,0.000862,0.0813,0.968,166.067,156462,48,forro
0.757,0.803,-10.886,0.0802,0.254,2.11e-05,0.188,0.925,174.009,147424,49,forro
0.539,0.95,-3.281,0.149,0.306,0.0,0.353,0.882,162.821,173572,47,forro
0.639,0.915,-2.367,0.0844,0.459,0.0,0.107,0.78,157.932,149934,48,forro
0.792,0.851,-6.243,0.0581,0.559,0.0,0.0425,0.974,171.852,136097,46,forro
0.588,0.843,-4.048,0.0359,0.262,0.0,0.0646,0.729,82.023,210000,45,forro
0.796,0.888,-2.813,0.0346,0.0335,0.0,0.329,0.828,126.017,162624,46,forro
0.694,0.899,-2.24,0.03,0.421,7.21e-06,0.178,0.836,152.014,159205,47,forro
0.697,0.836,-2.534,0.0429,0.516,0.0,0.11,0.97,160.047,149194,47,forro
0.718,0.852,-3.562,0.0452,0.662,0.0,0.0802,0.968,160.008,156816,46,forro
0.68,0.878,-3.746,0.03,0.206,0.0,0.973,0.704,139.988,178699,48,forro
0.904,0.735,-4.217,0.0484,0.855,0.0,0.11,0.873,134.966,129947,46,forro
0.755,0.702,-4.028,0.0812,0.31,0.0,0.101,0.718,129.941,179112,47,forro
0.646,0.525,-8.372,0.0301,0.428,0.0,0.516,0.832,131.723,234573,47,forro
0.75,0.667,-3.219,0.0595,0.616,0.0,0.263,0.695,134.891,195735,46,forro
0.565,0.627,-6.151,0.0361,0.511,0.0,0.662,0.42,135.904,202092,47,forro
0.496,0.727,-4.378,0.0427,0.237,0.0,0.422,0.501,166.068,223007,48,forro
0.731,0.78,-3.35,0.0544,0.135,0.0,0.0863,0.972,159.941,129473,45,forro
0.634,0.714,-5.89,0.0413,0.22,1.07e-05,0.075,0.891,173.526,203813,47,forro
0.504,0.709,-3.162,0.0574,0.346,0.0,0.17,0.786,75.071,133486,46,forro
0.745,0.589,-7.388,0.0507,0.7,0.0,0.0639,0.613,135.099,168000,47,forro
0.499,0.92,-4.095,0.0678,0.274,0.0,0.42,0.401,170.011,251061,47,forro
0.734,0.929,-2.348,0.0433,0.534,0.0141,0.0881,0.969,154.046,184736,46,forro
0.761,0.758,-5.95,0.0462,0.585,0.0,0.0536,0.907,171.964,141688,46,forro
0.674,0.836,-7.072,0.0328,0.0816,3.19e-05,0.109,0.901,114.943,246400,47,forro
0.715,0.893,-1.99,0.0426,0.596,0.0,0.444,0.668,138.91,268800,47,forro
0.624,0.879,-4.98,0.1,0.382,0.0,0.347,0.761,132.007,162925,47,forro
0.761,0.326,-16.4,0.0483,0.315,0.0,0.116,0.696,131.919,239318,47,forro
0.652,0.88,-3.962,0.0519,0.489,0.0,0.231,0.787,74.976,160007,46,forro
0.737,0.623,-4.67,0.0504,0.193,0.0,0.117,0.739,131.993,177954,48,forro
0.52,0.909,-3.88,0.0741,0.726,0.0,0.717,0.889,186.233,219960,46,forro
0.788,0.619,-7.313,0.0431,0.419,0.0,0.651,0.874,130.063,226561,48,forro
0.771,0.869,-3.52,0.0336,0.664,0.0,0.147,0.933,139.144,157466,47,forro
0.705,0.811,-2.966,0.0377,0.639,0.0,0.367,0.795,138.993,193410,47,forro
0.633,0.802,-2.882,0.0606,0.603,0.0,0.618,0.64,123.985,153942,47,forro
0.649,0.567,-5.726,0.0314,0.316,0.0,0.397,0.635,131.91,229053,46,forro
0.613,0.557,-6.374,0.0291,0.765,0.0,0.878,0.56,144.939,226979,46,forro
0.4,0.813,-4.845,0.0344,0.573,0.0,0.356,0.5,165.923,401862,48,forro
0.595,0.526,-6.173,0.0255,0.487,0.0,0.373,0.489,101.98,251053,47,forro
0.557,0.719,-5.102,0.0451,0.288,1.2e-06,0.23,0.387,80.0,260266,45,forro
0.605,0.678,-3.257,0.0311,0.642,0.0,0.157,0.439,125.059,260510,47,forro
0.561,0.892,-4.615,0.053,0.528,0.0,0.553,0.867,182.186,205714,48,forro
0.738,0.743,-2.12,0.0377,0.255,0.0,0.449,0.68,131.78,316613,47,forro
0.554,0.809,-3.767,0.0378,0.524,0.0,0.25,0.588,87.994,209606,46,forro
0.546,0.916,-5.174,0.0798,0.0768,3.32e-06,0.185,0.579,108.473,180600,47,forro
0.685,0.634,-9.897,0.0354,0.567,0.0,0.302,0.697,142.173,204706,46,forro
0.567,0.807,-5.261,0.0485,0.0703,4.94e-05,0.661,0.656,107.965,255664,47,forro
0.676,0.575,-10.542,0.038,0.701,0.0,0.133,0.591,135.003,177200,46,forro
0.61,0.79,-4.373,0.0359,0.283,0.0,0.164,0.918,152.092,210531,47,forro
0.701,0.82,-4.499,0.0246,0.333,0.0,0.25,0.664,107.958,227293,47,forro
0.576,0.82,-3.987,0.0346,0.432,0.0,0.278,0.837,159.983,247437,48,forro
0.513,0.779,-6.644,0.0362,0.163,1.21e-05,0.698,0.618,163.98,200773,48,forro
0.724,0.844,-6.39,0.0402,0.646,0.0,0.0744,0.967,172.096,150047,46,forro
0.732,0.925,-5.232,0.0367,0.355,0.000146,0.26,0.934,143.81,131533,45,forro
0.81,0.701,-4.531,0.033,0.544,0.0,0.152,0.695,127.994,139113,44,forro
0.728,0.827,-3.509,0.0485,0.1,0.0,0.735,0.723,114.887,170786,46,forro
0.577,0.662,-6.283,0.0397,0.584,0.0,0.243,0.903,167.965,226160,44,forro
0.613,0.851,-2.41,0.0337,0.0309,1.06e-06,0.109,0.862,152.043,210000,46,forro
0.817,0.871,-2.072,0.0798,0.581,0.0,0.275,0.967,155.038,151817,45,forro
0.736,0.73,-4.556,0.0533,0.0417,4.79e-06,0.0637,0.96,160.084,141721,45,forro
0.724,0.825,-5.154,0.0379,0.593,0.0,0.608,0.398,123.132,178107,45,forro
0.688,0.97,-2.87,0.0507,0.412,0.000109,0.343,0.877,112.956,248015,45,forro
0.788,0.564,-5.767,0.117,0.328,0.0,0.104,0.458,113.98,157666,45,forro
0.39,0.913,-4.052,0.158,0.707,2.53e-05,0.639,0.545,177.771,214000,45,forro
0.699,0.709,-6.868,0.0362,0.219,0.0,0.236,0.724,137.035,186137,45,forro
0.644,0.95,-2.13,0.0792,0.225,0.0,0.0604,0.975,170.02,134151,46,forro
0.672,0.806,-2.986,0.0323,0.265,0.0,0.135,0.798,144.005,204791,46,forro
0.622,0.743,-7.058,0.0904,0.526,0.0,0.36,0.835,139.917,173319,46,forro
0.815,0.887,-6.386,0.0459,0.592,0.000141,0.0978,0.952,172.032,155637,46,forro
0.74,0.953,-2.747,0.0515,0.408,0.015,0.209,0.949,156.009,151578,46,forro
0.721,0.889,-4.862,0.0624,0.225,2.66e-06,0.141,0.843,150.079,152000,46,forro
0.652,0.938,-3.256,0.0592,0.072,0.000695,0.0447,0.951,169.924,187237,45,forro
0.852,0.762,-2.738,0.0311,0.548,0.0,0.151,0.682,110.011,308266,46,forro
0.707,0.789,-6.634,0.0441,0.466,0.000432,0.247,0.916,160.053,173255,45,forro
0.715,0.915,-4.058,0.0448,0.0761,2.29e-05,0.42,0.909,150.053,198400,45,forro
0.615,0.845,-7.974,0.0461,0.0849,0.0,0.307,0.843,103.14,192866,44,forro
0.585,0.863,-4.459,0.0613,0.289,0.0,0.0536,0.927,168.088,253440,45,forro
0.411,0.564,-7.516,0.0339,0.654,0.0,0.314,0.639,141.662,222813,44,forro
0.668,0.822,-7.291,0.105,0.156,1.06e-05,0.366,0.767,152.09,243600,44,forro
0.458,0.828,-4.239,0.0409,0.354,1.12e-05,0.149,0.833,75.859,156990,46,forro
0.675,0.873,-5.732,0.0338,0.393,6.77e-06,0.393,0.818,171.981,183767,45,forro
0.681,0.762,-4.682,0.0506,0.571,0.000117,0.0583,0.862,152.038,226493,46,forro
0.436,0.826,-5.61,0.0489,0.673,3.14e-05,0.101,0.854,83.764,217720,45,forro
0.421,0.653,-6.98,0.0487,0.318,0.0,0.377,0.409,133.596,232973,47,forro
0.807,0.644,-4.743,0.0368,0.31,1.37e-06,0.371,0.758,140.022,155454,45,forro
0.695,0.474,-12.613,0.0398,0.51,4.56e-06,0.054,0.825,153.026,241093,46,forro
0.729,0.831,-3.255,0.0358,0.735,0.0,0.141,0.716,139.051,231314,45,forro
0.716,0.726,-5.663,0.0384,0.356,0.0,0.182,0.536,131.894,247040,46,forro
0.761,0.92,-8.431,0.0324,0.343,1.09e-06,0.0394,0.963,105.008,186618,45,forro
0.621,0.915,-3.959,0.15,0.126,0.000638,0.0714,0.561,114.873,141270,45,forro
0.785,0.843,-6.831,0.0381,0.117,0.0,0.277,0.749,126.924,160992,45,forro
0.631,0.935,-3.442,0.0782,0.161,6.89e-05,0.254,0.825,92.507,168751,44,forro
0.597,0.902,-4.224,0.033,0.0497,1.67e-05,0.511,0.662,150.004,203540,47,forro
0.439,0.73,-2.324,0.0279,0.276,0.0,0.688,0.314,134.858,234440,47,forro
0.694,0.904,-4.65,0.045,0.092,0.0256,0.0445,0.67,90.003,221973,46,forro
0.406,0.886,-4.586,0.0852,0.272,8.78e-05,0.173,0.482,88.971,127947,45,forro
0.494,0.955,-1.912,0.0823,0.152,0.0,0.906,0.489,170.128,215520,46,forro
0.657,0.89,-4.731,0.0489,0.238,0.0,0.151,0.841,162.062,160682,46,forro
0.654,0.894,-4.248,0.0811,0.518,0.0,0.216,0.88,181.929,169404,47,forro
0.661,0.89,-3.592,0.0396,0.263,0.0,0.15,0.809,133.085,214750,46,forro
0.649,0.898,-7.04,0.047,0.517,1.48e-06,0.384,0.961,182.054,190223,46,forro
0.662,0.911,-6.054,0.106,0.467,0.0,0.319,0.872,180.038,200489,46,forro
0.792,0.867,-6.158,0.0783,0.415,1.19e-05,0.0493,0.975,171.956,158432,45,forro
0.707,0.957,-1.702,0.0518,0.517,4.57e-05,0.076,0.868,156.044,185433,45,forro
0.566,0.655,-5.972,0.0378,0.484,0.0,0.139,0.36,91.973,203493,44,forro
0.583,0.513,-8.619,0.047,0.637,0.0,0.352,0.955,152.326,138640,44,forro
0.703,0.909,-2.152,0.0422,0.393,0.0,0.154,0.824,150.175,156800,45,forro
0.608,0.889,-3.479,0.0331,0.254,0.0,0.151,0.838,149.964,212235,44,forro
0.689,0.946,-1.592,0.0461,0.173,0.000135,0.0809,0.961,152.068,156315,44,forro
0.683,0.765,-9.362,0.0412,0.0124,0.000454,0.21,0.666,172.049,185585,45,forro
0.681,0.979,-3.474,0.0467,0.271,0.0,0.381,0.961,159.979,133001,45,forro
0.648,0.871,-4.578,0.0482,0.328,0.426,0.0454,0.891,91.995,127325,45,forro
0.715,0.908,-3.468,0.052,0.316,0.0,0.0769,0.859,159.978,150869,45,forro
0.897,0.733,-3.305,0.0384,0.605,5.74e-06,0.123,0.967,130.017,184685,44,forro
0.615,0.711,-7.054,0.0273,0.575,0.0471,0.168,0.876,82.003,238915,43,forro
0.55,0.905,-4.096,0.0819,0.21,0.0,0.491,0.644,159.933,164995,45,forro
0.826,0.815,-4.725,0.0421,0.469,0.0,0.0514,0.902,156.058,182277,44,forro
0.519,0.889,-3.866,0.0323,0.175,6.62e-06,0.228,0.758,152.037,185887,44,forro
0.417,0.729,-6.144,0.0621,0.52,0.0,0.0927,0.462,177.721,186158,44,forro
0.828,0.633,-5.331,0.0374,0.754,1.45e-06,0.157,0.882,141.996,172695,45,forro
0.753,0.82,-2.665,0.0821,0.424,0.0,0.131,0.852,179.982,177234,44,forro
0.912,0.708,-4.743,0.042,0.0558,4.36e-05,0.0869,0.961,127.921,127346,45,forro
0.523,0.916,-2.347,0.0419,0.518,0.0,0.989,0.861,167.943,150933,44,forro
0.498,0.74,-3.931,0.0359,0.231,0.0,0.51,0.461,166.07,223146,45,forro
0.691,0.688,-6.261,0.031,0.364,0.0,0.783,0.77,131.93,174546,44,forro
0.681,0.92,-4.867,0.0437,0.717,0.000101,0.613,0.96,117.838,206066,44,forro
0.705,0.782,-6.692,0.0379,0.017,0.0,0.0741,0.96,179.873,227413,44,forro
0.689,0.533,-7.293,0.0326,0.354,0.0,0.581,0.567,131.935,207253,45,forro
0.508,0.932,-4.366,0.0444,0.234,0.0042,0.13,0.923,133.065,135676,44,forro
0.655,0.646,-8.37,0.0903,0.284,0.0,0.615,0.385,131.854,221520,45,forro
0.592,0.707,-4.592,0.0305,0.575,0.0,0.146,0.704,148.082,214266,46,forro
0.609,0.938,-6.594,0.0921,0.753,0.0,0.53,0.923,175.997,215457,45,forro
0.589,0.865,-5.704,0.0305,0.358,0.0,0.119,0.543,146.046,241946,44,forro
0.435,0.662,-3.979,0.0584,0.377,0.0,0.251,0.413,101.811,220928,45,forro
0.696,0.829,-8.432,0.0454,0.0361,2.27e-06,0.125,0.899,91.077,147893,44,forro
0.696,0.826,-4.552,0.0549,0.616,1.18e-06,0.0795,0.458,145.949,190995,45,forro
0.469,0.842,-4.243,0.107,0.146,0.0,0.713,0.722,178.039,196948,44,forro
0.711,0.797,-4.321,0.0487,0.308,0.000148,0.0993,0.968,164.05,151912,44,forro
0.572,0.846,-3.835,0.143,0.188,1.77e-06,0.273,0.684,87.411,168463,44,forro
0.639,0.941,-4.304,0.0462,0.562,0.0776,0.03,0.962,112.061,170422,44,forro
0.771,0.856,-2.34,0.0265,0.533,0.0,0.105,0.713,111.064,144906,45,forro
0.726,0.641,-4.811,0.0276,0.343,3.14e-06,0.593,0.508,131.849,234586,45,forro
0.594,0.714,-5.181,0.0354,0.565,0.0,0.203,0.485,137.218,187715,44,forro
0.379,0.897,-1.312,0.0761,0.138,0.0,0.363,0.426,188.858,211973,44,forro
0.832,0.709,-4.002,0.0381,0.646,0.0,0.108,0.817,136.897,181185,44,forro
0.431,0.87,-4.008,0.0552,0.0391,1.59e-05,0.56,0.355,157.798,205920,46,forro
0.798,0.813,-5.284,0.0324,0.106,0.0,0.158,0.814,129.981,180090,45,forro
0.654,0.808,-4.297,0.0347,0.511,0.0,0.129,0.898,152.078,147039,44,forro
0.7,0.891,-2.904,0.0397,0.513,0.0,0.0994,0.964,160.035,197701,44,forro
0.546,0.864,-1.314,0.0293,0.142,0.0,0.825,0.535,149.785,198426,46,forro
0.625,0.829,-5.54,0.0619,0.167,0.0,0.391,0.572,132.035,191413,44,forro
0.578,0.802,-5.521,0.0926,0.455,3.15e-05,0.0591,0.611,94.931,180526,44,forro
0.852,0.703,-3.035,0.0338,0.405,3.78e-05,0.061,0.823,137.118,159264,43,forro
0.677,0.765,-4.895,0.0523,0.102,0.0,0.242,0.899,168.012,219337,43,forro
0.738,0.815,-4.228,0.0467,0.546,0.0,0.366,0.814,156.895,216729,44,forro
0.602,0.952,-2.649,0.0661,0.125,0.0,0.109,0.823,192.286,214026,43,forro
0.707,0.741,-2.989,0.148,0.387,0.0,0.287,0.82,159.924,155713,44,forro
0.713,0.873,-2.979,0.0489,0.568,0.0,0.0652,0.962,167.95,143535,43,forro
0.665,0.832,-4.159,0.324,0.37,0.0,0.411,0.656,122.17,170672,44,forro
0.784,0.919,-5.147,0.057,0.124,2.29e-05,0.0755,0.947,162.072,150370,43,forro
0.557,0.914,-3.129,0.0525,0.526,0.0,0.221,0.7,180.121,144153,44,forro
0.672,0.772,-2.921,0.0623,0.289,0.0,0.0743,0.883,80.021,165521,44,forro
0.783,0.657,-8.967,0.0442,0.793,6.55e-06,0.116,0.929,148.047,222357,44,forro
0.609,0.823,-4.601,0.0305,0.523,5.9e-05,0.827,0.541,127.943,176576,43,forro
0.606,0.816,-3.945,0.0543,0.45,0.0,0.457,0.533,152.006,170000,44,forro
0.806,0.638,-8.227,0.0681,0.412,0.0,0.0835,0.968,164.049,134139,44,forro
0.666,0.952,-2.847,0.0622,0.475,0.0,0.0502,0.814,172.142,144540,44,forro
0.561,0.872,-4.043,0.0543,0.379,0.0,0.225,0.847,180.041,137336,43,forro
0.721,0.662,-6.006,0.0506,0.618,0.0,0.304,0.883,171.978,138893,44,forro
0.771,0.551,-6.809,0.0309,0.569,6.93e-06,0.195,0.519,115.012,179739,44,forro
0.84,0.733,-4.788,0.031,0.625,0.0,0.271,0.473,113.965,174445,43,forro
0.606,0.855,-2.713,0.0584,0.269,0.0,0.413,0.764,159.954,152228,44,forro
0.554,0.781,-6.932,0.105,0.0484,0.0,0.127,0.481,169.346,199133,43,forro
0.653,0.794,-3.901,0.0333,0.646,2.9e-06,0.147,0.745,155.991,266251,44,forro
0.726,0.85,-3.365,0.045,0.309,0.0,0.568,0.813,152.04,183355,43,forro
0.765,0.955,-1.516,0.0506,0.555,5e-06,0.281,0.973,160.021,148398,44,forro
0.861,0.691,-4.767,0.0411,0.566,0.0,0.248,0.895,120.042,194867,44,forro
0.563,0.84,-6.968,0.103,0.362,0.0,0.213,0.956,178.227,83764,43,forro
0.713,0.905,-3.076,0.0392,0.469,2.74e-06,0.129,0.917,146.969,162533,44,forro
0.769,0.797,-6.07,0.0641,0.604,0.0,0.0543,0.944,171.985,158432,44,forro
0.614,0.921,-5.697,0.0321,0.15,0.019,0.596,0.649,130.022,259722,43,forro
0.788,0.625,-7.299,0.04,0.424,0.0,0.69,0.891,130.045,225756,45,forro
0.717,0.906,-3.879,0.0396,0.209,0.0,0.0466,0.971,174.077,226224,43,forro
0.524,0.873,-5.104,0.038,0.636,0.0,0.317,0.93,172.949,199920,43,forro
0.59,0.713,-4.197,0.0643,0.266,0.0,0.339,0.693,155.725,146591,43,forro
0.606,0.766,-3.792,0.048,0.394,1.74e-06,0.181,0.834,121.397,237796,45,forro
0.693,0.76,-4.833,0.046,0.576,4.56e-06,0.326,0.755,158.006,226493,44,forro
0.817,0.818,-4.482,0.0295,0.559,2.88e-06,0.338,0.63,111.024,156893,44,forro
0.724,0.812,-3.502,0.0426,0.62,0.0,0.128,0.866,139.096,210573,43,forro
0.604,0.778,-4.439,0.0483,0.503,0.0,0.358,0.794,76.056,155281,44,forro
0.6,0.898,-4.509,0.0433,0.334,2.49e-06,0.224,0.95,182.082,192000,44,forro
0.565,0.847,-4.714,0.0316,0.411,2.83e-05,0.3,0.716,152.076,231781,44,forro
0.542,0.804,-6.669,0.0677,0.102,0.0,0.459,0.463,97.973,193560,43,forro
0.662,0.923,-2.661,0.0443,0.385,0.0,0.336,0.964,169.844,171467,44,forro
0.547,0.919,-3.661,0.0713,0.203,0.000305,0.208,0.739,92.183,138553,43,forro
0.707,0.706,-3.507,0.0964,0.536,0.0,0.129,0.566,134.973,167375,43,forro
0.755,0.905,-5.674,0.117,0.51,3.72e-05,0.47,0.964,171.956,184064,44,forro
0.727,0.748,-5.909,0.0579,0.393,0.0,0.475,0.558,135.041,196085,43,forro
0.415,0.501,-7.232,0.0361,0.83,0.0,0.242,0.306,114.579,225360,45,forro
0.468,0.842,-5.326,0.0405,0.269,0.0,0.411,0.779,120.093,495182,44,forro
0.636,0.906,-4.39,0.0402,0.202,3.99e-05,0.063,0.805,191.967,243106,43,forro
0.768,0.895,-3.455,0.0459,0.312,4.81e-05,0.292,0.961,154.985,167826,44,forro
0.739,0.685,-5.579,0.0453,0.618,0.00035,0.55,0.945,155.975,228310,43,forro
0.435,0.916,-3.489,0.117,0.293,0.0,0.767,0.554,167.948,162146,43,forro
0.701,0.901,-3.577,0.0711,0.296,0.0,0.86,0.635,138.06,179000,43,forro
0.808,0.658,-3.706,0.0341,0.819,0.0,0.184,0.859,128.067,167804,43,forro
0.925,0.786,-4.835,0.0396,0.0612,4.26e-06,0.0925,0.96,128.033,109453,42,forro
0.759,0.882,-6.331,0.0503,0.559,1.35e-06,0.0589,0.966,172.065,147252,43,forro
0.712,0.617,-4.812,0.0476,0.45,0.0,0.131,0.81,136.982,173047,43,forro
0.767,0.903,-5.328,0.0575,0.07,0.0,0.098,0.852,112.06,511293,43,forro
0.718,0.875,-6.558,0.0419,0.572,0.0,0.0622,0.94,171.983,152842,43,forro
0.744,0.967,-3.498,0.0425,0.0898,0.000887,0.304,0.769,119.995,206078,42,forro
0.504,0.822,-4.201,0.0576,0.172,0.0,0.129,0.882,174.01,199773,42,forro
0.463,0.802,-3.253,0.0821,0.439,0.0,0.377,0.498,170.262,248080,44,forro
0.575,0.949,-2.542,0.0521,0.412,0.0,0.245,0.901,172.027,190396,43,forro
0.562,0.898,-3.543,0.0497,0.0164,0.0,0.255,0.505,90.17,214893,43,forro
0.748,0.839,-3.243,0.0397,0.0514,0.000935,0.13,0.955,160.049,186316,42,forro
0.758,0.81,-7.882,0.0463,0.448,3.15e-05,0.1,0.877,173.917,170390,43,forro
0.674,0.907,-5.472,0.0448,0.618,0.0,0.0787,0.947,167.941,154203,42,forro
0.677,0.645,-3.615,0.0347,0.707,0.0,0.356,0.846,107.895,204997,44,forro
0.734,0.783,-6.228,0.0436,0.578,4.4e-05,0.0722,0.961,171.986,122148,43,forro
0.436,0.945,-4.072,0.0683,0.389,0.0169,0.79,0.745,174.796,189960,43,forro
0.684,0.715,-5.194,0.03,0.31,0.0,0.86,0.435,111.936,206530,44,forro
0.676,0.765,-6.175,0.0717,0.458,0.0,0.342,0.93,170.194,159773,42,forro
0.589,0.734,-6.156,0.0329,0.553,0.0,0.147,0.717,151.852,188613,44,forro
0.778,0.852,-2.346,0.0265,0.567,0.0,0.0968,0.702,111.064,144914,43,forro
0.538,0.609,-5.291,0.17,0.385,0.0,0.0968,0.716,199.36,155820,44,forro
0.624,0.843,-3.956,0.0274,0.157,0.0,0.338,0.808,142.097,207125,44,forro
0.622,0.954,-5.324,0.0558,0.256,0.0,0.371,0.854,97.504,196522,43,forro
0.725,0.821,-3.128,0.0417,0.51,0.0,0.256,0.76,134.987,199616,42,forro
0.641,0.858,-6.034,0.0356,0.0447,2.12e-05,0.814,0.601,124.988,239093,43,forro
0.758,0.798,-3.363,0.0306,0.786,0.0,0.343,0.902,139.022,176065,43,forro
0.675,0.476,-8.806,0.0312,0.778,0.0,0.682,0.485,119.887,238080,42,forro
0.662,0.766,-5.643,0.0506,0.637,0.0,0.243,0.914,97.453,135209,42,forro
0.729,0.769,-3.245,0.0277,0.395,0.0,0.253,0.852,135.953,192600,44,forro
0.746,0.94,-3.273,0.0413,0.381,1.96e-05,0.0962,0.968,147.071,144475,43,forro
0.51,0.952,-4.486,0.198,0.348,8.02e-06,0.399,0.623,99.901,226320,42,forro
0.752,0.787,-4.504,0.0428,0.187,0.0,0.0893,0.889,140.018,177341,43,forro
0.574,0.689,-4.824,0.0746,0.189,0.0,0.301,0.617,130.9,165413,44,forro
0.606,0.932,-2.028,0.0548,0.353,0.0,0.116,0.615,141.919,158987,43,forro
0.602,0.855,-3.607,0.187,0.729,0.0,0.302,0.42,75.866,177084,43,forro
0.419,0.607,-7.126,0.0435,0.647,1.69e-05,0.146,0.422,157.675,184816,42,forro
0.721,0.806,-3.281,0.0349,0.739,0.0,0.143,0.743,139.049,182987,43,forro
0.537,0.923,-3.39,0.136,0.0513,0.0,0.128,0.576,92.28,217991,43,forro
0.564,0.622,-5.039,0.0281,0.664,0.0,0.0967,0.452,141.925,219742,44,forro
0.881,0.726,-3.696,0.0288,0.641,5.68e-06,0.0701,0.71,116.006,248266,44,forro
0.502,0.714,-6.359,0.0523,0.378,0.0,0.566,0.336,81.934,79462,42,forro
0.618,0.869,-6.875,0.0358,0.376,0.0,0.307,0.964,91.381,214491,43,forro
0.642,0.823,-4.57,0.0323,0.429,1.07e-06,0.281,0.961,152.016,167718,43,forro
0.453,0.724,-5.173,0.0454,0.407,0.0,0.176,0.739,81.479,273666,42,forro
0.66,0.47,-5.217,0.0302,0.291,0.0,0.223,0.636,131.953,230909,43,forro
0.549,0.891,-5.807,0.0656,0.332,0.0,0.624,0.928,173.877,206994,43,forro
0.819,0.734,-6.24,0.0991,0.496,0.0,0.0842,0.962,172.021,138837,43,forro
0.426,0.898,-5.517,0.0459,0.543,0.00051,0.318,0.762,168.001,327584,42,forro
0.602,0.913,-2.721,0.0394,0.183,1.14e-06,0.195,0.963,165.071,146632,42,forro
0.517,0.863,-3.64,0.144,0.742,0.0,0.154,0.804,164.594,189300,42,forro
0.649,0.794,-3.341,0.0516,0.515,0.0,0.253,0.649,127.718,206658,42,forro
0.628,0.943,-2.357,0.0616,0.53,0.0,0.942,0.961,168.028,171283,42,forro
0.758,0.745,-7.488,0.0448,0.0261,0.0,0.108,0.681,172.036,132562,42,forro
0.842,0.695,-3.391,0.0349,0.118,0.000161,0.0913,0.885,137.896,218280,42,forro
0.815,0.457,-7.915,0.0367,0.172,0.000483,0.0849,0.76,124.978,177413,42,forro
0.588,0.951,-2.77,0.0405,0.39,2.08e-06,0.0773,0.938,171.963,161948,42,forro
0.711,0.873,-2.896,0.0458,0.419,0.0,0.347,0.886,156.073,152256,42,forro
0.703,0.749,-6.056,0.0396,0.517,0.0,0.0966,0.963,172.066,158436,42,forro
0.534,0.887,-3.662,0.0437,0.44,0.000123,0.356,0.662,145.942,190217,42,forro
0.655,0.676,-6.554,0.039,0.622,0.0,0.127,0.923,143.878,189360,42,forro
0.606,0.866,-2.762,0.0476,0.328,0.0,0.153,0.641,92.004,272493,41,forro
0.617,0.662,-10.158,0.0413,0.521,0.0,0.155,0.896,168.71,196501,41,forro
0.431,0.627,-11.812,0.0672,0.0188,3.94e-06,0.19,0.69,194.56,175333,42,forro
0.572,0.655,-5.176,0.0919,0.655,0.0,0.295,0.633,84.056,163252,43,forro
0.713,0.782,-5.527,0.0518,0.492,0.0,0.0761,0.944,170.101,175853,42,forro
0.765,0.929,-6.666,0.0647,0.554,1.39e-06,0.133,0.969,167.968,116480,43,forro
0.417,0.819,-9.061,0.0966,0.308,0.0,0.371,0.604,174.168,257023,44,forro
0.604,0.856,-3.487,0.0385,0.574,0.0,0.723,0.759,136.911,177840,43,forro
0.748,0.842,-4.839,0.0768,0.367,0.0,0.064,0.952,168.061,140625,42,forro
0.749,0.726,-3.001,0.047,0.492,0.0,0.0768,0.861,169.901,176470,42,forro
0.489,0.968,-5.168,0.103,0.0774,0.0,0.635,0.658,178.081,184640,42,forro
0.503,0.82,-3.087,0.0686,0.475,0.0,0.109,0.87,157.971,145315,42,forro
0.682,0.859,-2.344,0.0694,0.601,0.0,0.0688,0.972,165.882,119536,42,forro
0.556,0.941,-3.749,0.0636,0.45,3.08e-05,0.805,0.685,174.798,211973,42,forro
0.638,0.805,-3.412,0.0377,0.463,2.58e-05,0.0385,0.962,156.072,188437,42,forro
0.649,0.475,-9.857,0.0339,0.427,1.27e-05,0.225,0.872,152.113,125497,42,forro
0.588,0.699,-8.611,0.0429,0.0577,0.0,0.696,0.824,126.876,129384,41,forro
0.402,0.95,-1.823,0.0849,0.0588,0.0,0.97,0.558,166.01,252026,44,forro
0.767,0.794,-5.009,0.0367,0.389,0.0,0.173,0.865,134.732,116140,42,forro
0.546,0.798,-4.79,0.034,0.509,8.58e-06,0.506,0.568,172.055,263613,42,forro
0.899,0.523,-6.882,0.143,0.516,0.0,0.304,0.821,130.082,142515,42,forro
0.594,0.844,-4.904,0.0538,0.589,0.0,0.472,0.951,87.844,212120,42,forro
0.92,0.51,-7.594,0.0671,0.435,0.0,0.504,0.863,126.979,96888,42,forro
0.663,0.876,-2.961,0.0693,0.265,0.0,0.365,0.961,164.016,200912,42,forro
0.713,0.819,-4.238,0.0463,0.719,0.0,0.378,0.56,139.007,182961,42,forro
0.75,0.82,-2.627,0.0288,0.348,0.0,0.112,0.579,111.07,182600,43,forro
0.58,0.89,-3.528,0.0444,0.577,0.0,0.406,0.778,182.013,249260,43,forro
0.718,0.816,-2.448,0.0599,0.778,0.0,0.373,0.55,139.06,239960,42,forro
0.64,0.74,-4.863,0.0348,0.426,0.0,0.0982,0.961,151.967,170375,42,forro
0.616,0.891,-4.123,0.0486,0.18,0.0,0.0909,0.835,133.026,192500,42,forro
0.292,0.848,-4.154,0.0739,0.278,8.9e-06,0.21,0.376,80.798,165250,42,forro
0.501,0.578,-4.835,0.0289,0.802,0.0,0.216,0.727,133.949,348544,43,forro
0.586,0.563,-15.2,0.0556,0.44,7.79e-06,0.77,0.709,161.353,216320,44,forro
0.66,0.886,-3.223,0.0497,0.806,7.42e-06,0.0902,0.907,131.888,93593,42,forro
0.68,0.865,-4.17,0.134,0.123,0.0,0.608,0.689,177.785,178651,43,forro
0.558,0.88,-6.29,0.0493,0.118,0.0,0.37,0.73,107.385,166600,41,forro
0.687,0.612,-6.329,0.0322,0.472,0.0,0.0886,0.962,121.021,168266,41,forro
0.808,0.911,-2.521,0.0693,0.371,9.6e-06,0.115,0.965,169.994,128535,41,forro
0.596,0.848,-3.043,0.0491,0.596,0.0,0.402,0.465,101.947,199400,42,forro
0.744,0.708,-5.13,0.033,0.69,0.0,0.115,0.823,137.904,189398,43,forro
0.604,0.726,-8.577,0.0494,0.476,0.0,0.905,0.782,148.007,194240,43,forro
0.807,0.665,-3.977,0.0621,0.193,0.0,0.166,0.898,80.026,154125,41,forro
0.569,0.897,-3.208,0.155,0.318,0.0,0.658,0.506,150.043,182832,42,forro
0.583,0.657,-2.834,0.0479,0.751,0.0,0.101,0.929,167.844,203373,40,forro
0.79,0.608,-4.38,0.0378,0.509,0.0,0.543,0.741,136.917,255268,42,forro
0.765,0.794,-4.416,0.0308,0.693,0.0,0.135,0.859,135.993,188260,43,forro
0.79,0.798,-6.202,0.0438,0.505,0.0,0.0814,0.967,171.995,127738,42,forro
0.801,0.955,-3.037,0.0449,0.213,0.0,0.336,0.876,110.899,191425,41,forro
0.694,0.842,-2.893,0.0456,0.209,0.0,0.192,0.811,75.038,157907,41,forro
0.729,0.821,-2.986,0.0333,0.341,2.67e-05,0.0936,0.76,124.053,229354,42,forro
0.746,0.856,-6.701,0.0497,0.0169,4.68e-06,0.069,0.625,172.11,171630,41,forro
0.738,0.69,-4.588,0.045,0.342,0.000103,0.0954,0.668,139.851,258899,41,forro
0.683,0.804,-7.745,0.0368,0.00706,0.000434,0.123,0.599,171.981,149304,42,forro
0.641,0.73,-6.976,0.0862,0.185,2.27e-05,0.0683,0.622,132.079,192600,42,forro
0.717,0.859,-3.402,0.0344,0.198,0.0,0.13,0.703,118.97,176236,42,forro
0.83,0.86,-5.873,0.0522,0.461,0.0,0.0698,0.963,172.009,163996,42,forro
0.703,0.667,-4.577,0.0269,0.724,0.0,0.151,0.382,115.007,210000,40,forro
0.896,0.825,-1.914,0.234,0.662,0.0,0.152,0.805,129.875,169900,41,forro
0.685,0.415,-8.135,0.0283,0.714,0.0,0.113,0.396,135.877,321813,42,forro
0.644,0.963,-2.255,0.0451,0.379,0.0,0.693,0.964,164.995,139634,41,forro
0.618,0.789,-3.923,0.13,0.615,0.0,0.24,0.529,158.124,174170,41,forro
0.719,0.753,-8.516,0.0565,0.0198,0.00128,0.125,0.777,171.999,160467,41,forro
0.782,0.475,-11.313,0.218,0.617,0.0,0.12,0.919,153.889,142008,42,forro
0.359,0.803,-4.999,0.0428,0.45,0.0,0.163,0.44,175.876,212800,43,forro
0.49,0.782,-4.372,0.0639,0.246,1.2e-06,0.688,0.545,149.889,179092,42,forro
0.558,0.886,-3.343,0.052,0.0771,0.0,0.902,0.545,142.153,194952,43,forro
0.697,0.872,-3.953,0.0365,0.456,0.0,0.0613,0.915,160.118,138177,41,forro
0.708,0.907,-3.842,0.0386,0.549,0.000244,0.0362,0.961,167.917,168662,41,forro
0.673,0.531,-13.633,0.0429,0.8,0.0,0.145,0.726,138.998,241070,41,forro
0.386,0.801,-6.237,0.0636,0.176,0.0,0.204,0.599,165.844,204427,42,forro
0.652,0.815,-7.239,0.0735,0.345,4.4e-06,0.117,0.811,113.381,115829,42,forro
0.406,0.844,-6.09,0.0481,0.028,0.0,0.921,0.653,73.601,256836,43,forro
0.823,0.886,-2.748,0.0391,0.095,0.0,0.203,0.655,127.916,226115,41,forro
0.706,0.594,-7.678,0.0344,0.729,7.9e-06,0.178,0.9,149.98,199601,41,forro
0.665,0.861,-2.165,0.0497,0.812,0.0,0.201,0.746,139.002,228336,41,forro
0.515,0.773,-3.896,0.0758,0.406,0.0,0.231,0.533,83.821,259265,43,forro
0.703,0.529,-7.656,0.0331,0.356,0.0,0.456,0.676,132.014,215146,42,forro
0.419,0.902,-4.007,0.252,0.225,2.41e-06,0.407,0.66,91.061,187271,41,forro
0.443,0.876,-4.821,0.112,0.11,0.0,0.922,0.607,164.893,250903,41,forro
0.516,0.943,-3.545,0.21,0.135,0.000263,0.2,0.769,107.846,90671,42,forro
0.587,0.836,-3.957,0.0322,0.296,1.8e-06,0.292,0.941,151.972,183750,41,forro
0.703,0.919,-5.427,0.0552,0.723,0.181,0.045,0.963,163.99,134670,42,forro
0.502,0.863,-5.291,0.0401,0.151,1.71e-05,0.113,0.754,107.73,112410,42,forro
0.656,0.707,-6.363,0.045,0.328,0.0,0.28,0.87,168.676,254973,41,forro
0.861,0.629,-8.4,0.0329,0.492,0.0,0.0426,0.962,107.98,219226,41,forro
0.63,0.653,-7.223,0.0275,0.606,1.59e-05,0.368,0.59,140.071,240000,43,forro
0.738,0.866,-3.958,0.0435,0.075,1.56e-05,0.0539,0.875,166.047,143617,41,forro
0.786,0.747,-4.12,0.0297,0.753,0.0,0.102,0.86,135.992,178500,41,forro
0.804,0.732,-3.99,0.0537,0.568,5.16e-06,0.0882,0.962,159.962,140538,41,forro
0.647,0.954,-3.513,0.0334,0.386,0.000268,0.526,0.962,159.985,155376,42,forro
0.886,0.873,-4.121,0.0691,0.681,0.0,0.292,0.963,129.98,189333,41,forro
0.606,0.901,-2.129,0.0365,0.343,1.58e-05,0.0937,0.965,75.958,164357,41,forro
0.639,0.917,-2.769,0.0404,0.338,0.0,0.0526,0.883,159.973,192386,41,forro
0.722,0.829,-4.203,0.0472,0.125,0.0,0.0304,0.93,163.985,192468,41,forro
0.758,0.949,-3.731,0.07,0.378,0.0,0.225,0.848,174.009,164617,41,forro
0.859,0.731,-4.559,0.0402,0.102,0.0,0.173,0.873,128.045,175520,41,forro
0.766,0.816,-8.017,0.0445,0.0519,1.12e-05,0.0676,0.587,172.022,149304,41,forro
0.753,0.855,-5.939,0.0357,0.115,9.46e-05,0.0346,0.949,94.966,225693,41,forro
0.572,0.93,-1.472,0.0346,0.58,0.0,0.24,0.65,156.046,246674,40,forro
0.762,0.936,-3.736,0.0606,0.179,0.000134,0.0263,0.841,160.069,160500,41,forro
0.886,0.788,-2.678,0.0436,0.264,0.0,0.0221,0.868,130.047,146143,41,forro
0.46,0.613,-11.462,0.0553,0.715,3.65e-05,0.552,0.751,177.381,178200,41,forro
0.782,0.724,-5.521,0.0472,0.6,0.0,0.101,0.659,134.996,193777,41,forro
0.646,0.715,-4.181,0.0445,0.31,0.0,0.158,0.929,169.34,195293,40,forro
0.809,0.681,-4.46,0.0477,0.65,0.0,0.197,0.625,141.84,183144,42,forro
0.69,0.621,-6.87,0.0266,0.285,0.0,0.383,0.815,131.993,220786,41,forro
0.742,0.616,-6.52,0.0382,0.75,0.0,0.269,0.695,142.009,208039,41,forro
0.747,0.82,-6.197,0.05,0.484,0.0,0.0845,0.934,172.207,136097,41,forro
0.441,0.64,-4.626,0.049,0.469,0.0,0.323,0.491,139.059,185887,41,forro
0.758,0.609,-8.357,0.0464,0.495,0.000134,0.102,0.951,147.998,195420,41,forro
0.672,0.898,-1.645,0.066,0.314,0.0,0.112,0.972,151.857,129966,41,forro
0.763,0.742,-3.501,0.0373,0.786,0.0,0.114,0.835,139.047,210573,41,forro
0.802,0.592,-6.071,0.0336,0.795,0.0046,0.118,0.883,125.999,173215,40,forro
0.542,0.662,-7.34,0.0341,0.518,0.000892,0.127,0.66,158.1,210442,40,forro
0.641,0.628,-6.083,0.0319,0.334,0.0,0.157,0.963,163.863,214733,40,forro
0.689,0.891,-1.184,0.0393,0.32,0.0,0.204,0.768,75.99,172796,42,forro
0.596,0.908,-3.115,0.0671,0.163,0.0,0.0956,0.753,165.724,147887,42,forro
0.332,0.863,-4.324,0.0985,0.407,0.0,0.705,0.603,172.13,220720,41,forro
0.458,0.789,-5.545,0.0582,0.52,0.0,0.698,0.397,95.684,210320,41,forro
0.448,0.932,-2.615,0.0339,0.25,0.000341,0.196,0.85,185.99,269871,41,forro
0.681,0.658,-5.646,0.0363,0.473,0.0,0.459,0.627,131.802,209880,41,forro
0.591,0.919,-3.488,0.109,0.0737,0.000339,0.312,0.804,114.954,126354,41,forro
0.598,0.905,-4.321,0.103,0.608,0.0,0.489,0.736,98.665,241200,41,forro
0.529,0.935,-3.625,0.189,0.0598,6.5e-06,0.253,0.76,114.728,100754,41,forro
0.546,0.819,-5.754,0.0637,0.411,0.0,0.865,0.499,90.953,255690,41,forro
0.804,0.755,-4.388,0.0264,0.422,0.000134,0.0602,0.596,111.058,123160,42,forro
0.756,0.802,-6.485,0.0386,0.648,0.0,0.0607,0.964,91.005,206053,42,forro
0.549,0.913,-3.952,0.091,0.172,0.00011,0.0889,0.512,89.046,152215,40,forro
0.805,0.789,-6.436,0.0406,0.413,0.0,0.138,0.811,135.029,166576,41,forro
0.58,0.53,-5.048,0.0343,0.745,0.0,0.443,0.82,82.544,288810,42,forro
0.617,0.886,-6.54,0.129,0.175,0.0,0.355,0.882,137.913,233430,41,forro
0.832,0.692,-4.412,0.0523,0.731,0.0,0.0651,0.942,115.032,208274,41,forro
0.731,0.85,-5.067,0.0412,0.141,0.0,0.272,0.835,108.113,218906,41,forro
0.579,0.828,-4.209,0.0383,0.22,0.0,0.629,0.84,76.099,163031,41,forro
0.438,0.909,-3.69,0.0534,0.644,0.0,0.375,0.562,170.146,202501,41,forro
0.384,0.842,-4.847,0.107,0.208,0.000317,0.169,0.681,159.587,166661,40,forro
0.761,0.874,-3.525,0.0372,0.197,0.0,0.383,0.934,123.956,189427,41,forro
0.719,0.926,-2.471,0.0317,0.36,3.29e-06,0.0848,0.935,153.969,156370,40,forro
0.739,0.931,-3.295,0.0755,0.257,0.0325,0.297,0.752,173.939,128618,40,forro
0.56,0.817,-5.902,0.0364,0.251,0.0125,0.131,0.936,160.011,156550,41,forro
0.686,0.748,-4.855,0.0387,0.605,0.0,0.822,0.755,129.074,193047,41,forro
0.79,0.914,-3.21,0.0492,0.341,0.0,0.0947,0.978,149.971,130420,41,forro
0.703,0.645,-4.899,0.052,0.312,0.0,0.159,0.717,139.972,178303,41,forro
0.656,0.782,-8.519,0.0404,0.0229,0.00161,0.176,0.639,172.014,216282,40,forro
0.767,0.731,-3.118,0.0361,0.356,0.0,0.15,0.444,114.113,167395,41,forro
0.767,0.835,-4.212,0.0654,0.159,3.48e-05,0.0499,0.962,160.043,133733,40,forro
0.617,0.842,-3.139,0.0754,0.39,0.0,0.584,0.726,75.015,153013,40,forro
0.444,0.839,-4.082,0.0539,0.522,8.56e-05,0.752,0.391,148.007,215000,40,forro
0.71,0.778,-8.346,0.0383,0.0269,5.05e-06,0.167,0.73,171.966,154888,40,forro
0.726,0.826,-6.073,0.0495,0.581,2.65e-06,0.119,0.962,172.031,138893,41,forro
0.719,0.693,-9.25,0.0339,0.443,0.0,0.719,0.876,126.763,76434,40,forro
0.66,0.47,-5.217,0.0302,0.291,0.0,0.223,0.636,131.953,230909,41,forro
0.818,0.963,-3.303,0.055,0.125,0.0,0.0498,0.964,95.978,173270,40,forro
0.539,0.914,-2.827,0.0713,0.343,0.0,0.401,0.744,131.212,167624,41,forro
0.876,0.725,-5.749,0.0682,0.614,8.94e-06,0.0659,0.901,125.979,138335,40,forro
0.924,0.704,-4.713,0.0375,0.081,0.0,0.0829,0.964,127.94,120706,40,forro
0.71,0.79,-2.452,0.0641,0.627,0.0,0.0784,0.917,180.26,132075,40,forro
0.7,0.929,-3.671,0.0559,0.18,0.0,0.0482,0.848,169.968,163920,41,forro
0.737,0.802,-7.373,0.0364,0.251,0.000177,0.205,0.92,92.934,192280,40,forro
0.855,0.556,-6.799,0.0326,0.639,1.5e-06,0.137,0.765,133.004,201128,41,forro
0.712,0.601,-6.131,0.0319,0.633,0.0,0.367,0.68,134.969,297325,40,forro
0.625,0.658,-5.814,0.0359,0.452,0.0,0.195,0.956,162.136,260786,40,forro
0.689,0.6,-10.69,0.0416,0.526,2.43e-06,0.112,0.969,164.091,176347,40,forro
0.788,0.692,-3.889,0.0448,0.739,0.0,0.352,0.543,137.103,182517,40,forro
0.65,0.862,-6.618,0.0428,0.586,0.000208,0.0762,0.962,172.053,214230,41,forro
0.683,0.589,-4.257,0.032,0.62,0.0,0.163,0.7,135.188,180608,41,forro
0.485,0.939,-3.964,0.0887,0.483,0.0,0.867,0.666,97.531,178588,40,forro
0.686,0.802,-2.839,0.0543,0.527,7.26e-06,0.252,0.63,93.007,134373,41,forro
0.644,0.912,-3.348,0.05,0.318,0.0,0.888,0.764,153.059,248576,41,forro
0.649,0.701,-3.182,0.0373,0.6,0.0,0.26,0.934,165.977,212506,40,forro
0.767,0.789,-5.74,0.0457,0.475,0.0,0.073,0.938,171.98,141688,40,forro
0.662,0.659,-4.371,0.0285,0.427,0.0,0.713,0.538,132.0,237933,41,forro
0.438,0.53,-5.307,0.031,0.787,0.0,0.422,0.461,148.096,241045,41,forro
0.616,0.928,-7.029,0.0399,0.315,0.0,0.143,0.78,179.671,229933,40,forro
0.613,0.907,-3.852,0.0613,0.22,0.0,0.0681,0.909,174.517,247008,39,forro
0.521,0.811,-6.414,0.0387,0.581,0.0,0.759,0.68,164.082,223880,42,forro
0.684,0.615,-5.925,0.0386,0.392,0.0,0.739,0.668,132.041,195240,41,forro
0.867,0.638,-3.542,0.0462,0.429,0.0,0.0528,0.817,105.005,215093,41,forro
0.423,0.921,-3.874,0.176,0.0704,0.000157,0.453,0.549,90.16,170814,40,forro
0.557,0.949,-3.456,0.126,0.0946,0.000588,0.377,0.773,115.013,100075,41,forro
0.716,0.76,-8.436,0.0396,0.228,0.0,0.387,0.963,168.01,187376,40,forro
0.748,0.598,-4.923,0.03,0.695,0.0,0.0826,0.838,124.96,230353,40,forro
0.767,0.62,-5.536,0.0382,0.619,0.0,0.138,0.639,139.929,156532,39,forro
0.345,0.903,-4.185,0.0465,0.409,0.0,0.141,0.524,84.688,276819,40,forro
0.761,0.881,-4.1,0.0416,0.446,0.0,0.237,0.596,100.077,214466,40,forro
0.658,0.648,-7.189,0.105,0.102,0.000268,0.236,0.705,177.917,287240,41,forro
0.795,0.863,-2.211,0.0487,0.425,0.0,0.0894,0.928,154.049,161053,40,forro
0.723,0.793,-1.727,0.0305,0.609,0.0,0.0984,0.478,126.925,180610,41,forro
0.555,0.962,-2.555,0.0377,0.368,0.0,0.123,0.935,168.073,143421,40,forro
0.815,0.803,-5.73,0.0567,0.404,0.0,0.0265,0.972,167.952,162194,40,forro
0.716,0.723,-8.079,0.0475,0.0156,2.17e-06,0.119,0.634,171.947,166051,40,forro
0.759,0.734,-3.457,0.0523,0.705,5.62e-06,0.131,0.892,126.058,171480,39,forro
0.599,0.664,-5.747,0.0408,0.827,0.0,0.293,0.452,139.902,219130,41,forro
0.577,0.926,-2.215,0.0734,0.528,0.0,0.976,0.709,171.958,150777,40,forro
0.559,0.907,-4.486,0.145,0.431,0.0,0.968,0.865,184.043,166135,41,forro
0.691,0.933,-2.191,0.0462,0.26,9.53e-06,0.35,0.948,162.06,183144,40,forro
0.692,0.585,-6.976,0.0384,0.265,3.55e-06,0.175,0.558,144.074,189160,40,forro
0.75,0.76,-7.687,0.0528,0.00667,2.12e-05,0.0914,0.506,171.931,143725,40,forro
0.613,0.93,-2.511,0.0402,0.383,0.000488,0.0532,0.922,167.982,166428,40,forro
0.678,0.743,-4.311,0.0291,0.18,0.0,0.158,0.559,127.957,171076,40,forro
0.537,0.816,-3.794,0.118,0.221,1.9e-05,0.126,0.702,163.969,266906,41,forro
0.382,0.864,-6.347,0.0552,0.29,5.33e-06,0.478,0.533,157.715,146093,40,forro
0.584,0.935,-4.701,0.0489,0.0351,0.0,0.589,0.772,107.967,221354,40,forro
0.718,0.873,-5.099,0.0518,0.647,1.18e-05,0.198,0.975,123.964,189831,39,forro
0.788,0.675,-9.471,0.134,0.507,0.0,0.125,0.961,81.004,136889,40,forro
0.714,0.859,-4.379,0.037,0.532,1.73e-06,0.0806,0.963,155.936,185280,39,forro
0.774,0.528,-4.404,0.032,0.614,0.0,0.416,0.847,131.854,203807,40,forro
0.706,0.789,-5.452,0.0375,0.422,0.0,0.0926,0.928,160.034,135843,40,forro
0.754,0.882,-7.33,0.0451,0.467,5.18e-06,0.159,0.733,99.958,198922,40,forro
0.744,0.719,-6.021,0.0309,0.527,2.72e-05,0.106,0.784,124.037,208718,40,forro
0.497,0.896,-4.281,0.0677,0.268,0.0,0.439,0.708,170.096,196173,41,forro
0.681,0.627,-8.503,0.0287,0.56,8.94e-06,0.316,0.909,144.95,144981,40,forro
0.733,0.608,-9.236,0.0501,0.427,0.0,0.268,0.81,126.895,116610,39,forro
0.587,0.903,-3.688,0.0344,0.0568,1.8e-06,0.0397,0.954,171.913,214080,40,forro
0.443,0.919,-5.026,0.0734,0.475,0.00231,0.8,0.536,172.489,236733,40,forro
0.84,0.893,-2.89,0.0399,0.159,0.0,0.319,0.844,136.011,172695,40,forro
0.565,0.627,-6.151,0.0361,0.511,0.0,0.662,0.42,135.904,202092,41,forro
0.67,0.949,-5.285,0.0931,0.274,0.0,0.213,0.951,122.184,156943,39,forro
0.736,0.832,-2.575,0.0428,0.201,0.0,0.203,0.531,135.026,214674,40,forro
0.662,0.588,-10.915,0.0391,0.464,0.0,0.125,0.912,155.04,161785,40,forro
0.687,0.82,-2.689,0.0361,0.835,0.0,0.0805,0.737,139.003,231392,40,forro
0.496,0.803,-3.041,0.0398,0.496,3.27e-05,0.514,0.708,157.896,201156,40,forro
0.618,0.699,-8.206,0.046,0.201,1.25e-05,0.354,0.61,103.949,383021,40,forro
0.644,0.736,-9.779,0.026,0.277,0.0,0.906,0.733,104.374,246200,39,forro
0.633,0.949,-3.889,0.0542,0.416,0.0,0.945,0.512,138.022,210986,41,forro
0.643,0.965,-2.427,0.0822,0.557,1.44e-06,0.908,0.774,172.026,153466,40,forro
0.639,0.724,-10.875,0.0365,0.379,0.0,0.305,0.697,145.034,226746,39,forro
0.602,0.728,-5.763,0.0341,0.506,0.00132,0.594,0.688,80.005,238680,40,forro
0.488,0.893,-4.656,0.0995,0.293,0.0,0.823,0.363,169.999,260620,41,forro
0.736,0.685,-6.735,0.0473,0.144,0.0,0.292,0.876,168.066,215493,39,forro
0.582,0.869,-6.047,0.0495,0.46,1.04e-05,0.574,0.68,164.232,111090,39,forro
0.674,0.911,-8.596,0.0392,0.702,0.0,0.128,0.97,97.806,213902,41,forro
0.605,0.869,-5.103,0.0407,0.207,2.43e-06,0.709,0.909,103.107,121983,40,forro
0.687,0.768,-6.799,0.0588,0.498,0.0,0.077,0.808,112.092,192467,39,forro
0.579,0.851,-4.981,0.0392,0.1,0.00321,0.25,0.77,104.021,97494,40,forro
0.841,0.808,-2.834,0.0491,0.116,1.42e-05,0.134,0.654,135.074,110733,39,forro
0.523,0.916,-2.347,0.0419,0.518,0.0,0.989,0.861,167.943,150933,40,forro
0.617,0.556,-9.47,0.0398,0.223,0.0,0.161,0.928,163.263,214640,40,forro
0.628,0.946,-2.55,0.0699,0.533,0.0,0.971,0.853,171.977,156011,39,forro
0.747,0.793,-5.255,0.0799,0.213,0.0,0.267,0.898,157.815,131867,40,forro
0.7,0.856,-3.011,0.0308,0.624,0.0,0.22,0.966,143.958,224023,40,forro
0.715,0.607,-7.759,0.0626,0.0232,0.0,0.168,0.409,171.993,140933,40,forro
0.648,0.886,-3.089,0.115,0.455,0.0,0.0797,0.923,182.041,166944,39,forro
0.886,0.788,-2.678,0.0436,0.264,0.0,0.0221,0.868,130.047,146143,39,forro
0.483,0.739,-9.147,0.0594,0.117,0.0,0.0939,0.564,171.927,211066,39,forro
0.753,0.766,-3.039,0.0352,0.388,0.0,0.308,0.858,135.043,147745,40,forro
0.658,0.966,-4.134,0.137,0.32,0.0,0.109,0.724,170.214,197973,39,forro
0.692,0.603,-8.056,0.0308,0.335,0.0,0.6,0.66,131.856,231093,40,forro
0.568,0.909,-3.677,0.0406,0.264,0.0,0.132,0.95,160.02,186804,39,forro
0.658,0.925,-2.422,0.069,0.49,0.0,0.959,0.933,168.041,156063,40,forro
0.793,0.65,-7.546,0.072,0.286,0.0,0.141,0.924,159.985,187850,40,forro
0.454,0.835,-6.307,0.0685,0.448,0.0,0.0762,0.55,175.602,186144,40,forro
0.506,0.851,-6.573,0.0797,0.201,2.76e-05,0.961,0.535,160.012,252133,39,forro
0.495,0.883,-1.6,0.107,0.376,0.0,0.104,0.568,179.237,225253,39,forro
0.628,0.857,-5.43,0.137,0.156,0.0,0.156,0.664,82.431,225400,40,forro
0.564,0.826,-2.313,0.0363,0.424,0.0,0.96,0.646,137.97,248200,40,forro
0.565,0.719,-8.41,0.0509,0.25,0.0,0.158,0.624,160.004,165750,40,forro
0.655,0.588,-2.862,0.0387,0.716,0.0,0.859,0.439,104.417,188093,40,forro
0.49,0.985,-2.831,0.165,0.029,0.0,0.984,0.547,167.679,227772,39,forro
0.683,0.661,-6.636,0.03,0.193,0.0,0.564,0.701,131.99,237373,40,forro
0.421,0.884,-2.708,0.0934,0.239,0.0,0.14,0.613,188.863,218693,39,forro
0.705,0.963,-3.634,0.0348,0.119,0.0,0.289,0.949,95.988,214986,39,forro
0.533,0.834,-5.061,0.128,0.316,0.0,0.24,0.568,165.964,161377,40,forro
0.711,0.623,-8.451,0.0408,0.669,0.0,0.0667,0.703,148.077,173035,39,forro
0.494,0.531,-5.161,0.0438,0.821,0.0,0.329,0.68,106.266,213704,40,forro
0.654,0.824,-3.643,0.0461,0.708,0.0,0.66,0.662,136.055,217560,41,forro
0.606,0.709,-6.792,0.031,0.0828,9.39e-06,0.219,0.664,97.01,243760,39,forro
0.647,0.881,-5.647,0.0467,0.138,0.0,0.314,0.772,127.292,182493,41,forro
0.726,0.881,-3.072,0.0354,0.345,0.0,0.259,0.924,119.768,271879,40,forro
0.707,0.596,-6.468,0.0352,0.175,0.0,0.236,0.67,131.951,182160,40,forro
0.805,0.609,-5.761,0.0298,0.521,0.0,0.957,0.438,110.049,297533,39,forro
0.727,0.821,-8.491,0.04,0.305,0.0,0.798,0.963,168.047,111595,39,forro
0.708,0.521,-6.35,0.0333,0.516,0.0,0.712,0.617,115.236,245493,39,forro
0.592,0.938,-3.578,0.116,0.165,1.22e-06,0.238,0.783,91.358,194429,40,forro
0.678,0.875,-3.633,0.0389,0.304,0.0,0.177,0.865,133.017,237468,40,forro
0.661,0.8,-2.847,0.0356,0.822,0.0,0.346,0.653,139.018,186435,40,forro
0.478,0.946,-3.488,0.172,0.0394,4.02e-06,0.343,0.577,86.92,154775,40,forro
0.657,0.77,-3.581,0.0331,0.797,0.0,0.483,0.686,138.956,252055,40,forro
0.69,0.63,-5.429,0.0502,0.327,0.0,0.129,0.745,127.854,138006,40,forro
0.699,0.826,-5.782,0.0311,0.613,0.0,0.732,0.863,138.136,186306,41,forro
0.429,0.727,-8.438,0.0564,0.355,0.0,0.239,0.537,129.886,219386,39,forro
0.545,0.845,-6.318,0.0482,0.31,0.000686,0.566,0.625,164.15,127576,39,forro
0.552,0.833,-2.796,0.0308,0.496,0.0,0.496,0.609,99.633,243043,39,forro
0.61,0.944,-3.112,0.154,0.171,0.0,0.132,0.77,97.578,102243,40,forro
0.733,0.664,-6.49,0.0285,0.56,1.5e-06,0.121,0.67,126.934,252995,40,forro
0.713,0.396,-9.448,0.0458,0.107,0.0,0.069,0.634,127.194,262973,39,forro
0.728,0.802,-7.717,0.043,0.256,0.00262,0.314,0.809,139.992,154240,38,forro
0.737,0.921,-2.714,0.0407,0.3,0.0,0.0664,0.967,156.004,146968,39,forro
0.823,0.579,-6.503,0.0282,0.727,1.21e-06,0.197,0.83,122.963,208901,39,forro
0.743,0.611,-5.661,0.0289,0.437,0.0,0.15,0.61,127.986,170390,40,forro
0.61,0.819,-3.909,0.0758,0.0644,0.0,0.096,0.8,125.771,155560,39,forro
0.649,0.863,-6.624,0.0428,0.588,0.000241,0.0754,0.962,172.053,214230,39,forro
0.359,0.723,-7.248,0.0623,0.318,5.27e-06,0.669,0.47,160.46,144259,40,forro
0.786,0.935,-7.409,0.0465,0.686,0.000143,0.0475,0.974,172.128,119353,39,forro
0.71,0.822,-2.324,0.0426,0.348,0.0,0.132,0.729,158.012,172588,39,forro
0.601,0.926,-2.413,0.0382,0.0255,1.97e-06,0.129,0.881,157.937,203544,39,forro
0.688,0.937,-4.438,0.0464,0.507,0.00113,0.138,0.805,170.011,194507,40,forro
0.663,0.891,-5.163,0.0518,0.19,1.63e-06,0.115,0.943,187.804,216800,39,forro
0.588,0.8,-4.827,0.0332,0.759,4.99e-06,0.268,0.766,150.007,177329,38,forro
0.398,0.801,-3.754,0.0541,0.33,0.0,0.467,0.431,159.941,258013,40,forro
0.875,0.72,-3.865,0.0396,0.407,0.0354,0.133,0.862,130.055,121913,39,forro
0.709,0.979,-3.506,0.042,0.0512,1e-05,0.303,0.769,112.049,127481,39,forro
0.814,0.819,-4.552,0.0304,0.553,4.33e-06,0.337,0.617,111.025,156895,40,forro
0.74,0.632,-5.637,0.0334,0.421,0.0,0.657,0.697,137.011,206680,39,forro
0.821,0.45,-10.843,0.0445,0.779,0.0,0.345,0.797,131.996,160595,38,forro
0.642,0.876,-4.159,0.0444,0.176,0.0019,0.0662,0.891,176.047,162047,39,forro
0.681,0.607,-9.127,0.03,0.259,0.0,0.722,0.799,126.943,181864,39,forro
0.743,0.781,-3.174,0.12,0.673,0.0,0.0649,0.877,170.007,192882,40,forro
0.652,0.915,-6.105,0.0392,0.0809,5.8e-06,0.374,0.914,90.995,256704,39,forro
0.829,0.628,-4.154,0.0257,0.0386,0.000133,0.465,0.873,113.952,125800,40,forro
0.599,0.9,-2.693,0.071,0.284,0.0,0.283,0.819,147.791,139732,40,forro
0.67,0.561,-8.803,0.0467,0.391,0.0,0.276,0.488,131.957,206093,40,forro
0.595,0.513,-8.434,0.0357,0.869,1.65e-06,0.517,0.626,79.945,280240,38,forro
0.492,0.892,-4.767,0.0906,0.0118,0.0,0.367,0.736,169.401,223920,39,forro
0.328,0.874,-4.104,0.0466,0.549,0.0,0.223,0.899,169.696,208941,39,forro
0.763,0.784,-2.451,0.0387,0.705,0.0,0.408,0.828,138.977,252107,39,forro
0.627,0.946,-5.006,0.0409,0.00825,0.0013,0.319,0.657,101.055,207946,39,forro
0.62,0.38,-19.12,0.0441,0.535,0.0,0.406,0.804,115.06,171409,39,forro
0.567,0.834,-7.196,0.0341,0.342,0.000169,0.116,0.893,176.003,171781,39,forro
0.585,0.789,-6.807,0.0379,0.478,0.0,0.466,0.954,168.057,225026,39,forro
0.785,0.546,-6.954,0.0323,0.533,0.0,0.117,0.574,110.0,228800,39,forro
0.654,0.61,-3.468,0.0322,0.217,0.0,0.783,0.596,131.644,193413,40,forro
0.583,0.675,-4.957,0.0337,0.222,0.0,0.637,0.76,102.912,182135,39,forro
0.747,0.703,-5.581,0.0338,0.499,0.0,0.124,0.768,116.988,267160,40,forro
0.847,0.718,-2.515,0.0707,0.505,0.0,0.114,0.766,109.976,267560,40,forro
0.576,0.788,-4.596,0.0662,0.158,0.0,0.117,0.293,179.831,141676,40,forro
0.692,0.71,-3.78,0.0267,0.366,0.0,0.144,0.774,91.935,181408,39,forro
0.488,0.788,-4.311,0.0381,0.482,0.0,0.0506,0.8,176.116,184736,39,forro
0.774,0.595,-5.202,0.048,0.615,0.0,0.391,0.546,76.022,293706,40,forro
0.575,0.947,-3.656,0.117,0.0665,4.2e-05,0.122,0.599,109.875,136333,39,forro
0.72,0.569,-5.676,0.0569,0.608,0.0,0.0874,0.264,75.864,225053,40,forro
0.702,0.605,-10.267,0.0523,0.526,0.0,0.178,0.592,140.003,186106,38,forro
0.575,0.949,-8.242,0.0484,0.635,0.0,0.361,0.967,185.639,183762,40,forro
0.566,0.618,-13.073,0.0788,0.683,3.69e-06,0.208,0.763,184.257,200760,39,forro
0.597,0.902,-5.983,0.06,0.614,0.0,0.235,0.865,172.095,204538,40,forro
0.645,0.698,-6.177,0.0433,0.238,0.0,0.0545,0.967,168.05,231133,39,forro
0.545,0.537,-5.023,0.0308,0.735,0.0,0.186,0.668,125.447,161133,38,forro
0.669,0.559,-10.347,0.046,0.489,0.0,0.225,0.845,158.003,266533,38,forro
0.743,0.764,-9.575,0.0575,0.292,0.0,0.0919,0.916,157.95,120000,39,forro
0.491,0.611,-10.38,0.0391,0.45,0.000114,0.252,0.931,101.238,168666,39,forro
0.541,0.727,-8.008,0.0461,0.346,0.0,0.303,0.769,150.056,239095,39,forro
0.767,0.733,-5.102,0.0432,0.186,2.34e-06,0.0638,0.933,160.1,123957,39,forro
0.53,0.779,-3.241,0.0265,0.229,3.58e-06,0.486,0.665,143.984,231627,39,forro
0.506,0.897,-3.523,0.043,0.477,0.0,0.36,0.891,168.112,176537,39,forro
0.534,0.883,-3.955,0.0326,0.548,0.0,0.152,0.667,153.884,202532,39,forro
0.441,0.93,-3.952,0.185,0.162,0.0,0.67,0.556,161.554,220706,39,forro
0.647,0.686,-3.822,0.066,0.493,0.0,0.293,0.745,139.89,206688,39,forro
0.544,0.881,-2.302,0.0598,0.314,0.0,0.0916,0.894,155.989,175786,39,forro
0.702,0.846,-6.031,0.0396,0.535,0.0,0.111,0.964,171.936,136097,39,forro
0.761,0.882,-3.176,0.052,0.516,0.0,0.138,0.978,159.932,94678,39,forro
0.636,0.951,-3.044,0.0774,0.431,0.0,0.365,0.548,166.096,267925,39,forro
0.776,0.482,-10.175,0.238,0.145,0.0,0.0876,0.728,132.056,131953,39,forro
0.639,0.639,-4.861,0.0382,0.834,0.0,0.598,0.762,87.02,227786,39,forro
0.635,0.645,-6.129,0.0724,0.205,0.0,0.0795,0.874,168.195,166506,39,forro
0.694,0.872,-3.224,0.0448,0.162,0.0,0.32,0.967,185.869,139626,39,forro
0.767,0.929,-3.275,0.0656,0.133,1.7e-06,0.0963,0.887,172.977,141672,39,forro
0.409,0.935,-4.413,0.0786,0.155,0.0,0.331,0.477,173.877,213354,39,forro
0.711,0.946,-4.871,0.0339,0.0997,0.000565,0.455,0.782,111.966,184021,39,forro
0.638,0.961,-2.228,0.0475,0.386,0.0,0.697,0.962,164.985,139634,39,forro
0.615,0.59,-6.82,0.0267,0.773,1.71e-06,0.375,0.477,109.857,154778,40,forro
0.752,0.669,-4.856,0.0492,0.58,0.0,0.0949,0.627,137.145,161619,39,forro
0.53,0.908,-4.595,0.0377,0.468,7.69e-05,0.886,0.912,79.97,203493,39,forro
0.721,0.895,-3.917,0.0432,0.485,0.005,0.0265,0.962,168.205,160235,39,forro
0.671,0.919,-4.076,0.037,0.337,1.47e-06,0.035,0.968,169.944,144000,38,forro
0.543,0.939,-5.299,0.0611,0.0958,0.000287,0.396,0.659,150.992,259050,39,forro
0.773,0.8,-3.929,0.0389,0.75,0.0,0.122,0.792,131.948,178678,39,forro
0.728,0.937,-4.794,0.0354,0.118,0.00841,0.351,0.584,112.014,289776,39,forro
0.513,0.914,-3.631,0.0459,0.0965,0.0,0.767,0.412,93.958,308706,39,forro
0.572,0.724,-8.354,0.0515,0.47,0.000117,0.247,0.792,159.954,159880,38,forro
0.496,0.876,-3.775,0.067,0.106,0.0,0.206,0.686,179.857,217913,40,forro
0.572,0.793,-3.998,0.0316,0.391,5.03e-06,0.302,0.756,159.849,227506,39,forro
0.78,0.541,-7.75,0.0282,0.0877,1.58e-05,0.573,0.83,128.901,213916,39,forro
0.785,0.774,-4.631,0.0973,0.304,0.0,0.0591,0.933,88.057,174893,39,forro
0.528,0.678,-4.462,0.0294,0.605,0.0,0.462,0.424,141.935,209880,40,forro
0.739,0.562,-8.33,0.0315,0.175,6.9e-05,0.172,0.575,130.023,189283,39,forro
0.669,0.894,-3.775,0.0304,0.013,0.0,0.0998,0.602,139.991,148689,39,forro
0.704,0.859,-4.775,0.0337,0.471,1.45e-05,0.526,0.599,127.991,183192,40,forro
0.576,0.934,-3.865,0.0975,0.314,0.0,0.369,0.639,101.553,208680,39,forro
0.431,0.874,-3.789,0.193,0.132,0.0,0.412,0.39,80.137,153887,39,forro
0.506,0.734,-5.987,0.0394,0.438,0.0,0.607,0.144,152.093,90561,38,forro
0.778,0.871,-2.304,0.111,0.245,0.0,0.0387,0.962,76.497,168712,39,forro
0.774,0.667,-5.859,0.0315,0.57,4.19e-05,0.108,0.823,134.985,340915,39,forro
0.703,0.711,-8.208,0.0601,0.141,0.0,0.322,0.963,168.066,223190,39,forro
0.841,0.832,-2.134,0.0322,0.681,0.0,0.0834,0.733,110.097,178706,39,forro
0.631,0.892,-6.387,0.0493,0.713,0.0,0.63,0.872,177.832,240927,40,forro
0.501,0.859,-5.981,0.314,0.574,0.0,0.799,0.648,90.68,200733,39,forro
0.596,0.93,-3.745,0.068,0.722,0.0,0.165,0.875,160.193,134453,38,forro
0.792,0.871,-6.157,0.0781,0.411,1.31e-05,0.0494,0.975,171.949,158432,38,forro
0.729,0.609,-5.049,0.0336,0.685,0.0,0.556,0.612,124.971,204086,37,forro
0.548,0.901,-2.84,0.0406,0.48,2.21e-05,0.336,0.882,157.235,167866,40,forro
0.568,0.677,-4.713,0.0451,0.556,0.0,0.547,0.57,106.098,179215,38,forro
0.56,0.643,-5.542,0.221,0.377,0.0,0.615,0.666,134.381,180984,39,forro
0.649,0.82,-2.811,0.0671,0.439,0.0,0.14,0.806,129.947,148607,39,forro
0.692,0.661,-3.124,0.11,0.357,0.0,0.296,0.673,138.108,143278,39,forro
0.619,0.897,-3.493,0.0365,0.311,1.42e-05,0.0984,0.96,156.946,191858,39,forro
0.419,0.814,-7.923,0.0386,0.381,0.00742,0.134,0.798,111.982,233546,38,forro
0.602,0.962,-2.375,0.0621,0.293,0.0,0.156,0.835,172.201,180615,39,forro
0.83,0.707,-8.122,0.109,0.578,2.19e-06,0.46,0.883,118.993,213781,38,forro
0.732,0.816,-2.381,0.0651,0.611,0.0,0.0763,0.924,160.166,220235,38,forro
0.65,0.702,-9.951,0.0434,0.0549,0.0,0.287,0.473,102.354,255294,38,forro
0.871,0.715,-4.619,0.0651,0.592,0.0,0.0583,0.867,125.055,142199,38,forro
0.64,0.623,-11.317,0.0388,0.285,1.77e-06,0.129,0.908,164.031,153951,38,forro
0.768,0.801,-5.994,0.0436,0.665,2.51e-05,0.0701,0.905,172.046,137482,39,forro
0.727,0.804,-2.495,0.044,0.0811,0.0,0.134,0.96,185.928,210133,38,forro
0.668,0.701,-4.45,0.0451,0.152,0.0,0.108,0.894,159.658,142162,38,forro
0.586,0.894,-5.578,0.0789,0.684,1.08e-05,0.154,0.7,190.007,239253,39,forro
0.725,0.874,-6.357,0.0554,0.443,9.06e-05,0.304,0.799,170.05,109876,39,forro
0.773,0.871,-6.049,0.041,0.378,0.0,0.219,0.973,156.028,184293,39,forro
0.373,0.782,-6.134,0.192,0.803,2.3e-06,0.717,0.408,170.661,239146,39,forro
0.39,0.82,-6.941,0.0493,0.201,0.0,0.0555,0.561,166.054,218853,38,forro
0.643,0.67,-7.474,0.0379,0.611,6.71e-05,0.103,0.931,156.151,164284,38,forro
0.548,0.877,-5.736,0.0382,0.452,2.5e-06,0.65,0.936,99.271,192804,39,forro
0.607,0.654,-8.715,0.0302,0.0387,0.0,0.652,0.609,131.885,247000,39,forro
0.321,0.852,-3.402,0.0605,0.606,0.0,0.97,0.532,169.103,264200,39,forro
0.595,0.887,-2.817,0.0409,0.47,0.199,0.0756,0.966,165.824,169691,38,forro
0.528,0.617,-7.592,0.0387,0.833,0.0,0.388,0.856,160.228,245533,38,forro
0.663,0.846,-3.212,0.0347,0.476,0.0,0.245,0.892,144.941,193386,40,forro
0.723,0.856,-3.394,0.0427,0.451,0.0,0.0583,0.95,108.884,509986,38,forro
0.735,0.68,-5.004,0.058,0.717,0.0,0.0648,0.433,152.066,207960,39,forro
0.521,0.78,-7.173,0.0383,0.00511,0.0,0.187,0.86,165.735,214226,38,forro
0.53,0.894,-6.235,0.156,0.733,2.16e-06,0.621,0.722,189.974,205791,38,forro
0.498,0.927,-5.228,0.0559,0.461,0.0,0.3,0.962,179.887,183906,38,forro
0.504,0.847,-4.487,0.084,0.089,0.0,0.699,0.859,88.069,248250,39,forro
0.591,0.868,-4.901,0.059,0.465,0.0,0.65,0.833,91.055,165537,40,forro
0.658,0.631,-10.12,0.0294,0.11,7.33e-05,0.568,0.727,131.763,150946,39,forro
0.613,0.828,-3.536,0.042,0.633,0.0,0.149,0.806,145.837,207280,40,forro
0.618,0.664,-4.594,0.0332,0.593,0.0,0.408,0.921,144.803,171040,40,forro
0.43,0.91,-2.55,0.154,0.508,0.0,0.413,0.604,168.44,174080,39,forro
0.589,0.753,-6.475,0.164,0.531,0.0,0.203,0.745,101.039,154357,38,forro
0.737,0.721,-4.541,0.054,0.0464,0.0,0.109,0.843,96.998,156133,38,forro
0.717,0.822,-4.765,0.0334,0.0874,0.0,0.116,0.901,92.998,276240,38,forro
0.657,0.829,-5.596,0.0673,0.276,0.0,0.207,0.569,117.029,206767,38,forro
0.584,0.973,-6.006,0.0527,0.776,0.0,0.399,0.948,183.913,204669,39,forro
0.579,0.889,-4.395,0.0392,0.158,0.0,0.668,0.736,100.079,136546,38,forro
0.604,0.5,-8.427,0.0745,0.674,0.00136,0.172,0.707,82.739,80300,39,forro
0.844,0.538,-10.926,0.0956,0.263,0.00352,0.0626,0.639,110.025,204852,39,forro
0.784,0.646,-5.744,0.0329,0.605,0.0,0.0831,0.737,136.997,177214,39,forro
0.682,0.851,-2.973,0.054,0.477,0.0,0.964,0.765,116.974,174946,38,forro
0.8,0.919,-4.176,0.0848,0.55,1.28e-06,0.172,0.964,137.923,176217,39,forro
0.65,0.914,-2.92,0.201,0.161,0.0,0.547,0.932,150.146,161600,39,forro
0.593,0.921,-3.745,0.0423,0.315,1.59e-06,0.37,0.779,154.79,170423,39,forro
0.82,0.672,-4.357,0.389,0.251,4.54e-05,0.0343,0.457,169.859,135144,38,forro
0.723,0.826,-2.083,0.0392,0.0769,0.00322,0.0449,0.971,155.905,107115,38,forro
0.714,0.431,-10.246,0.103,0.199,0.0,0.0869,0.844,142.107,213313,39,forro
0.809,0.87,-6.618,0.0566,0.44,3.22e-06,0.0404,0.972,172.049,161227,38,forro
0.765,0.501,-6.049,0.156,0.82,0.0,0.246,0.746,84.604,150565,39,forro
0.774,0.819,-5.308,0.25,0.33,1.79e-05,0.0455,0.962,171.969,152607,38,forro
0.688,0.843,-4.285,0.0346,0.468,0.0,0.206,0.713,138.978,252212,38,forro
0.88,0.605,-5.348,0.0365,0.538,1.35e-05,0.143,0.861,140.072,127604,38,forro
0.584,0.89,-4.946,0.0574,0.623,5.39e-06,0.321,0.314,103.739,197760,38,forro
0.655,0.976,-3.378,0.0399,0.0822,9.7e-06,0.284,0.739,174.099,167587,38,forro
0.733,0.69,-5.449,0.0694,0.707,0.0,0.106,0.887,136.985,163683,38,forro
0.606,0.862,-3.934,0.0456,0.182,5.85e-06,0.896,0.805,155.995,148076,38,forro
0.674,0.875,-4.513,0.0502,0.0868,0.0,0.103,0.445,95.022,229693,38,forro
0.667,0.858,-6.425,0.0459,0.392,1.96e-05,0.0568,0.912,171.888,138893,38,forro
0.421,0.933,-3.809,0.0789,0.412,2.05e-05,0.76,0.541,171.548,173173,38,forro
0.445,0.884,-2.238,0.0614,0.351,0.0,0.105,0.605,179.008,196466,38,forro
0.64,0.82,-5.232,0.0646,0.396,0.0,0.136,0.73,163.928,179591,38,forro
0.742,0.514,-10.919,0.0504,0.411,0.0,0.385,0.79,133.145,150831,38,forro
0.626,0.675,-7.629,0.0379,0.506,0.0,0.217,0.539,100.031,246413,38,forro
0.842,0.693,-4.895,0.0381,0.307,0.00241,0.159,0.929,139.95,184032,38,forro
0.488,0.634,-4.311,0.0287,0.205,0.0,0.314,0.439,91.989,238553,38,forro
0.65,0.684,-4.016,0.0459,0.28,0.0,0.0517,0.929,186.082,162351,37,forro
0.815,0.773,-3.157,0.0824,0.685,0.0,0.0828,0.758,134.947,145310,38,forro
0.483,0.954,-3.578,0.149,0.104,0.0,0.475,0.309,93.827,235240,38,forro
0.463,0.838,-4.681,0.0509,0.479,0.0,0.206,0.525,181.964,230034,39,forro
0.752,0.93,-3.202,0.0325,0.296,3.93e-06,0.0523,0.969,132.0,648292,38,forro
0.4,0.95,-1.945,0.128,0.276,0.0,0.971,0.452,165.883,260333,39,forro
0.562,0.919,-5.047,0.0816,0.6,0.0,0.157,0.744,185.989,198765,39,forro
0.654,0.613,-7.329,0.0343,0.44,0.0,0.685,0.605,131.806,207226,39,forro
0.577,0.849,-4.483,0.0389,0.0709,0.0,0.133,0.932,185.957,259480,38,forro
0.797,0.844,-3.855,0.0655,0.725,0.0,0.0698,0.854,139.014,182961,38,forro
0.814,0.475,-9.347,0.0882,0.0214,0.000161,0.354,0.959,136.927,133250,38,forro
0.666,0.868,-6.707,0.0571,0.591,1.2e-06,0.0706,0.967,181.932,224391,39,forro
0.45,0.858,-2.962,0.0421,0.417,0.0,0.0816,0.688,158.058,158484,38,forro
0.831,0.931,-5.165,0.0484,0.481,0.0,0.0261,0.948,98.018,212688,38,forro
0.794,0.849,-4.677,0.093,0.662,0.0,0.26,0.876,147.971,200675,39,forro
0.626,0.949,-6.927,0.0527,0.643,2.5e-05,0.361,0.97,184.074,182555,39,forro
0.605,0.624,-7.57,0.0364,0.552,0.00348,0.852,0.353,120.037,157560,39,forro
0.384,0.796,-5.256,0.0499,0.336,1.12e-06,0.15,0.536,105.863,204007,38,forro
0.65,0.736,-6.287,0.0673,0.383,0.0,0.184,0.664,91.954,215280,37,forro
0.661,0.784,-5.383,0.0692,0.298,1.35e-05,0.343,0.724,117.956,214218,37,forro
0.477,0.437,-12.441,0.0406,0.46,0.0,0.0962,0.248,103.162,355760,39,forro
0.549,0.768,-6.056,0.0652,0.368,0.0,0.266,0.82,164.043,206342,38,forro
0.593,0.498,-8.631,0.0463,0.651,0.0,0.352,0.936,151.974,138672,37,forro
0.604,0.944,-3.205,0.109,0.244,0.0,0.913,0.489,155.991,138813,38,forro
0.718,0.81,-4.458,0.0687,0.0729,0.0,0.053,0.886,154.788,128903,38,forro
0.632,0.801,-3.4,0.261,0.232,0.0,0.435,0.663,130.26,162768,38,forro
0.742,0.805,-3.476,0.034,0.333,0.0,0.0484,0.974,155.95,137090,37,forro
0.504,0.801,-7.06,0.0359,0.656,0.000107,0.163,0.91,169.955,168913,37,forro
0.682,0.852,-4.585,0.0629,0.249,0.0,0.892,0.571,125.772,168193,38,forro
0.707,0.921,-1.735,0.0516,0.149,0.000624,0.12,0.962,139.982,154285,37,forro
0.722,0.741,-4.758,0.0424,0.517,0.0,0.163,0.734,134.072,154104,38,forro
0.644,0.916,-1.766,0.0899,0.651,0.0,0.723,0.932,172.053,151262,38,forro
0.648,0.857,-6.518,0.0541,0.763,4.16e-06,0.508,0.735,95.171,119853,37,forro
0.545,0.813,-4.155,0.0445,0.44,0.0,0.26,0.772,149.977,168747,38,forro
0.68,0.791,-2.861,0.0723,0.22,0.0,0.557,0.48,143.952,182440,37,forro
0.762,0.81,-6.008,0.0507,0.624,0.0,0.0667,0.954,171.93,116558,38,forro
0.565,0.719,-8.41,0.0509,0.25,0.0,0.158,0.624,160.004,165750,38,forro
0.821,0.85,-6.096,0.0554,0.547,2.56e-06,0.0355,0.966,172.032,127738,38,forro
0.385,0.648,-9.355,0.0307,0.747,0.0,0.162,0.665,151.785,204448,37,forro
0.658,0.833,-6.493,0.044,0.385,1.17e-05,0.121,0.963,172.024,183536,38,forro
0.543,0.933,-1.373,0.0741,0.556,4.21e-05,0.137,0.762,160.013,148119,38,forro
0.814,0.673,-6.114,0.0456,0.686,0.000141,0.0784,0.807,123.993,179025,37,forro
0.802,0.921,-3.163,0.0442,0.235,0.0,0.703,0.844,129.018,167266,38,forro
0.467,0.568,-8.454,0.0303,0.239,8.51e-05,0.28,0.488,108.023,187313,37,forro
0.766,0.561,-7.221,0.029,0.708,1.23e-05,0.168,0.703,134.875,165120,37,forro
0.599,0.929,-3.532,0.0756,0.528,0.0,0.329,0.695,180.103,169687,38,forro
0.768,0.893,-3.979,0.0426,0.358,0.0,0.254,0.927,133.058,162132,38,forro
0.689,0.786,-6.716,0.0446,0.672,0.0,0.0675,0.913,156.873,150011,37,forro
0.666,0.952,-2.847,0.0622,0.475,0.0,0.0502,0.814,172.142,144540,38,forro
0.67,0.574,-9.024,0.0329,0.329,0.0,0.798,0.743,131.843,272253,38,forro
0.754,0.946,-4.215,0.0588,0.145,0.0,0.0701,0.951,172.995,119376,38,forro
0.813,0.793,-1.85,0.132,0.478,0.0,0.107,0.953,168.01,187067,38,forro
0.764,0.533,-9.202,0.0333,0.0277,0.000136,0.232,0.703,126.455,159973,37,forro
0.592,0.938,-4.941,0.0431,0.171,2.6e-06,0.781,0.525,99.948,237548,38,forro
0.764,0.821,-7.634,0.0448,0.451,4.15e-05,0.174,0.824,172.998,142341,38,forro
0.624,0.682,-7.479,0.029,0.46,1.12e-05,0.473,0.96,156.072,199497,37,forro
0.651,0.725,-8.148,0.0407,0.477,0.0,0.295,0.956,102.398,196666,37,forro
0.63,0.975,-4.305,0.0526,0.093,0.000418,0.365,0.631,111.205,219773,38,forro
0.518,0.863,-4.747,0.0461,0.526,0.0,0.106,0.822,175.01,243813,37,forro
0.898,0.742,-3.898,0.0958,0.366,0.0,0.327,0.886,142.92,146323,38,forro
0.589,0.932,-5.447,0.0414,0.0864,0.00244,0.525,0.818,99.006,265728,38,forro
0.477,0.534,-7.349,0.0552,0.846,0.0,0.822,0.373,150.21,307960,38,forro
0.699,0.722,-5.647,0.0464,0.546,0.0,0.628,0.6,131.844,194426,38,forro
0.542,0.865,-2.654,0.0495,0.0394,0.0,0.206,0.917,183.895,186600,37,forro
0.742,0.806,-8.974,0.051,0.134,0.0,0.0945,0.883,119.697,188400,37,forro
0.417,0.909,-3.757,0.0646,0.0435,0.000985,0.197,0.765,86.884,118622,37,forro
0.581,0.835,-6.026,0.0449,0.254,1.57e-06,0.627,0.492,80.028,113235,37,forro
0.393,0.95,-4.671,0.212,0.366,0.0,0.817,0.553,175.276,481535,38,forro
0.585,0.863,-5.347,0.098,0.0582,0.0,0.816,0.617,83.982,80176,37,forro
0.619,0.756,-9.764,0.118,0.318,0.0,0.141,0.702,112.366,200386,37,forro
0.653,0.545,-8.155,0.0487,0.591,0.000309,0.543,0.747,83.564,77348,38,forro
0.653,0.876,-6.747,0.053,0.581,0.0,0.181,0.964,184.051,226664,39,forro
0.576,0.686,-6.712,0.0405,0.636,0.0,0.0971,0.478,145.827,213629,38,forro
0.788,0.845,-3.233,0.0301,0.39,0.0,0.116,0.892,130.157,169141,38,forro
0.832,0.94,-7.625,0.076,0.368,1.13e-06,0.079,0.965,97.029,141479,37,forro
0.456,0.812,-2.699,0.0296,0.465,0.0,0.826,0.488,138.028,206840,38,forro
0.638,0.748,-4.849,0.292,0.212,0.0,0.401,0.688,134.937,165575,38,forro
0.706,0.731,-4.575,0.0405,0.13,5.86e-06,0.0898,0.845,160.007,185058,37,forro
0.714,0.722,-3.528,0.0283,0.623,0.0,0.0915,0.905,134.943,152601,38,forro
0.659,0.944,-3.055,0.0574,0.433,1.73e-06,0.106,0.917,172.052,126199,37,forro
0.769,0.643,-4.862,0.0296,0.518,0.0,0.247,0.847,134.014,193959,37,forro
0.677,0.833,-3.52,0.0408,0.368,0.0,0.0715,0.816,174.027,194525,37,forro
0.592,0.723,-7.806,0.0386,0.561,0.0,0.251,0.924,155.894,189040,37,forro
0.599,0.914,-2.415,0.0629,0.5,0.0,0.694,0.831,168.008,182976,38,forro
0.436,0.89,-5.079,0.0764,0.536,1.06e-05,0.555,0.792,164.029,261248,37,forro
0.628,0.599,-7.902,0.129,0.0955,0.0,0.0471,0.82,76.068,266866,38,forro
0.766,0.651,-5.785,0.0291,0.528,0.0,0.148,0.847,136.965,178782,37,forro
0.743,0.79,-5.052,0.0293,0.484,0.0,0.211,0.376,123.983,174733,38,forro
0.753,0.728,-5.135,0.0393,0.205,0.0,0.109,0.7,126.008,148720,37,forro
0.753,0.672,-4.397,0.0436,0.679,1.01e-06,0.14,0.494,142.04,188264,37,forro
0.812,0.699,-5.322,0.0288,0.465,0.0,0.107,0.692,124.036,166731,37,forro
0.514,0.897,-2.599,0.0403,0.911,0.0,0.214,0.68,159.911,144745,37,forro
0.697,0.93,-4.515,0.036,0.32,1.77e-06,0.125,0.886,94.006,188943,37,forro
0.547,0.95,-2.625,0.046,0.184,0.0,0.17,0.964,172.073,146562,37,forro
0.448,0.645,-9.443,0.0503,0.443,0.0,0.432,0.465,170.022,225725,38,forro
0.636,0.972,-2.692,0.0984,0.614,0.000142,0.335,0.646,120.472,208106,37,forro
0.58,0.667,-10.352,0.0465,0.408,0.0,0.502,0.785,88.047,209108,39,forro
0.612,0.985,-1.226,0.0399,0.582,0.0,0.173,0.956,167.925,187520,37,forro
0.578,0.841,-6.214,0.0533,0.298,0.0,0.224,0.67,179.896,204360,37,forro
0.662,0.735,-5.078,0.0368,0.601,1.31e-05,0.0908,0.715,156.008,151821,38,forro
0.784,0.722,-3.86,0.0319,0.69,1.33e-06,0.0991,0.892,124.005,163944,37,forro
0.717,0.847,-3.864,0.0388,0.767,0.000282,0.214,0.764,152.005,145953,37,forro
0.735,0.89,-4.089,0.152,0.183,0.0,0.444,0.487,136.04,163608,38,forro
0.507,0.834,-6.347,0.0309,0.19,2.29e-05,0.159,0.82,170.04,259970,39,forro
0.648,0.776,-3.106,0.0348,0.786,0.0,0.444,0.703,139.006,227395,37,forro
0.592,0.811,-5.55,0.175,0.431,0.0,0.437,0.707,169.849,175226,36,forro
0.678,0.659,-4.049,0.0508,0.155,0.0,0.103,0.913,185.993,210333,37,forro
0.662,0.717,-4.476,0.0553,0.732,0.0,0.821,0.572,123.204,165312,37,forro
0.607,0.387,-8.824,0.0301,0.822,0.0,0.535,0.536,109.931,265773,37,forro
0.815,0.571,-5.032,0.0302,0.308,0.0,0.913,0.615,120.093,232266,37,forro
0.594,0.766,-9.994,0.0792,0.486,0.0,0.781,0.737,99.927,171676,37,forro
0.621,0.719,-7.509,0.031,0.554,0.0,0.259,0.78,140.228,231893,39,forro
0.695,0.867,-3.784,0.0472,0.359,0.000874,0.0806,0.97,159.995,153138,38,forro
0.455,0.794,-6.638,0.0464,0.181,0.000185,0.702,0.0874,184.288,106761,37,forro
0.646,0.767,-7.185,0.0388,0.216,4.26e-06,0.464,0.732,102.938,429532,37,forro
0.593,0.889,-4.162,0.105,0.434,0.0,0.376,0.727,91.25,282592,37,forro
0.736,0.896,-6.997,0.0425,0.126,0.00269,0.0874,0.963,173.048,129186,38,forro
0.463,0.901,-5.929,0.152,0.475,0.0,0.95,0.875,175.596,257927,38,forro
0.437,0.811,-4.173,0.0449,0.179,4.23e-06,0.477,0.448,175.855,218266,39,forro
0.603,0.731,-5.611,0.0898,0.486,0.0,0.0977,0.839,159.949,204026,37,forro
0.57,0.888,-5.617,0.0496,0.243,2.8e-05,0.0731,0.776,179.923,184895,38,forro
0.712,0.897,-7.861,0.0424,0.728,0.0,0.05,0.971,97.717,182741,38,forro
0.698,0.743,-9.61,0.0771,0.34,0.0,0.34,0.963,152.251,197293,37,forro
0.714,0.901,-5.433,0.0409,0.171,0.000164,0.112,0.823,170.016,145411,37,forro
0.492,0.914,-2.196,0.058,0.382,0.0,0.41,0.701,156.993,227560,38,forro
0.837,0.789,-4.802,0.235,0.421,0.0,0.0667,0.827,128.149,135312,37,forro
0.699,0.911,-4.889,0.0365,0.561,0.0,0.482,0.801,116.985,146520,38,forro
0.667,0.67,-4.641,0.0377,0.809,0.0,0.823,0.548,146.043,187789,37,forro
0.711,0.719,-3.391,0.102,0.435,0.0,0.209,0.748,136.906,211425,37,forro
0.543,0.896,-1.453,0.0445,0.478,6.37e-06,0.29,0.958,153.949,148449,37,forro
0.66,0.722,-5.698,0.0241,0.309,0.0,0.196,0.684,136.011,192733,37,forro
0.788,0.479,-8.424,0.0293,0.453,0.0,0.143,0.555,125.046,175073,36,forro
0.762,0.597,-5.653,0.0421,0.474,0.000292,0.107,0.906,144.016,150413,37,forro
0.749,0.822,-5.387,0.041,0.286,0.0,0.449,0.715,129.982,169074,38,forro
0.922,0.671,-4.844,0.043,0.0873,0.0,0.255,0.96,127.988,415205,37,forro
0.64,0.839,-3.889,0.0378,0.412,0.000792,0.0962,0.757,150.015,183250,37,forro
0.638,0.903,-2.785,0.0556,0.364,0.0,0.0476,0.963,167.974,152351,37,forro
0.639,0.936,-6.193,0.0608,0.539,0.00124,0.159,0.906,175.07,206288,37,forro
0.657,0.867,-5.726,0.0457,0.127,0.0,0.129,0.866,80.017,228680,38,forro
0.754,0.606,-4.361,0.0293,0.687,0.000189,0.291,0.581,104.985,224266,38,forro
0.874,0.818,-2.749,0.0434,0.438,0.013,0.209,0.867,130.002,160237,38,forro
0.826,0.526,-12.858,0.0479,0.575,0.0,0.0693,0.572,130.051,167920,37,forro
0.666,0.635,-4.048,0.0356,0.704,0.0,0.255,0.8,135.046,169344,36,forro
0.729,0.765,-5.392,0.0334,0.508,0.0,0.373,0.887,135.078,208892,37,forro
0.833,0.916,-2.763,0.0436,0.159,0.0,0.244,0.963,96.013,203102,36,forro
0.845,0.836,-2.678,0.0847,0.221,0.0,0.0582,0.669,135.036,256390,37,forro
0.709,0.714,-9.004,0.0969,0.302,0.0,0.518,0.856,112.815,230760,38,forro
0.455,0.808,-5.203,0.0411,0.242,0.0,0.739,0.37,79.946,256333,37,forro
0.386,0.756,-4.861,0.095,0.679,0.0,0.529,0.585,172.804,297240,37,forro
0.594,0.912,-3.302,0.0371,0.367,0.0,0.0853,0.762,159.787,191021,36,forro
0.754,0.561,-5.921,0.0502,0.245,2.84e-05,0.138,0.915,136.884,125231,37,forro
0.743,0.709,-6.74,0.0531,0.597,4.38e-05,0.3,0.912,162.116,196728,36,forro
0.653,0.764,-5.163,0.0303,0.514,0.0,0.137,0.663,143.914,208293,39,forro
0.659,0.869,-5.092,0.043,0.161,1.62e-06,0.347,0.978,103.92,194360,36,forro
0.513,0.432,-10.741,0.107,0.899,1.89e-05,0.868,0.373,79.406,238373,37,forro
0.595,0.629,-8.89,0.0324,0.292,0.0,0.308,0.932,156.077,280533,36,forro
0.468,0.952,-3.992,0.0788,0.333,0.0,0.936,0.931,104.649,191728,37,forro
0.73,0.929,-2.992,0.072,0.116,0.0,0.579,0.68,135.039,185300,38,forro
0.611,0.831,-5.07,0.0581,0.287,0.0,0.212,0.51,102.035,278495,37,forro
0.583,0.884,-5.002,0.0437,0.119,0.0,0.739,0.806,172.117,187613,37,forro
0.674,0.886,-5.717,0.0403,0.126,0.00126,0.314,0.925,191.7,202413,36,forro
0.578,0.691,-4.849,0.0327,0.632,0.0,0.135,0.581,160.291,212558,36,forro
0.722,0.934,-2.741,0.0407,0.532,0.0,0.949,0.711,96.919,216974,37,forro
0.808,0.826,-4.892,0.0501,0.167,1.73e-06,0.0794,0.791,96.985,173479,36,forro
0.508,0.68,-6.107,0.0525,0.3,0.0,0.244,0.535,79.521,210520,36,forro
0.594,0.82,-5.121,0.0415,0.0638,3.7e-06,0.0767,0.782,186.033,231080,37,forro
0.625,0.945,-3.436,0.0519,0.225,0.000226,0.131,0.937,93.87,72986,36,forro
0.583,0.738,-8.193,0.047,0.0866,0.0,0.326,0.788,109.43,173208,37,forro
0.73,0.88,-3.098,0.0357,0.378,0.0,0.264,0.929,119.77,271943,37,forro
0.565,0.769,-7.895,0.0631,0.201,0.0,0.158,0.606,163.945,250019,37,forro
0.788,0.569,-9.329,0.0284,0.674,0.0,0.0656,0.925,107.994,239000,37,forro
0.731,0.723,-5.291,0.0314,0.0848,1.26e-05,0.262,0.746,138.075,189109,37,forro
0.525,0.412,-13.79,0.06,0.996,0.00826,0.404,0.672,82.111,123626,32,tango
0.435,0.349,-12.048,0.0598,0.875,0.0104,0.367,0.488,90.889,156223,28,tango
0.423,0.301,-11.091,0.263,0.928,4.89e-06,0.212,0.389,72.184,266373,37,tango
0.479,0.218,-13.826,0.0406,0.981,0.939,0.229,0.55,120.416,158533,31,tango
0.383,0.251,-13.056,0.0442,0.826,0.0,0.115,0.14,78.434,221934,28,tango
0.678,0.173,-12.587,0.05,0.992,0.00358,0.809,0.647,117.976,114056,30,tango
0.431,0.458,-11.941,0.0592,0.961,4.42e-06,0.4,0.453,115.706,228208,33,tango
0.375,0.655,-8.603,0.0608,0.924,0.0,0.2,0.469,116.841,167773,31,tango
0.434,0.628,-8.91,0.36,0.815,0.0,0.862,0.51,87.765,179400,29,tango
0.713,0.415,-6.073,0.0459,0.913,0.966,0.0786,0.793,119.533,152215,32,tango
0.441,0.537,-10.492,0.0759,0.945,0.0,0.607,0.673,124.381,192815,36,tango
0.587,0.5,-7.876,0.142,0.868,0.0,0.793,0.562,107.359,224893,31,tango
0.681,0.209,-13.501,0.139,0.99,0.00186,0.113,0.518,117.996,139099,31,tango
0.506,0.536,-9.75,0.0607,0.895,0.146,0.357,0.661,110.483,186306,28,tango
0.534,0.456,-6.494,0.0595,0.928,4.73e-05,0.155,0.772,89.14,156920,31,tango
0.577,0.451,-8.773,0.211,0.949,6.36e-06,0.415,0.258,105.712,211533,29,tango
0.485,0.513,-8.798,0.0638,0.619,0.0,0.196,0.259,112.602,196162,28,tango
0.467,0.659,-8.57,0.0354,0.204,0.0,0.171,0.696,177.846,199000,33,tango
0.518,0.554,-7.104,0.0253,0.358,0.0,0.485,0.483,94.991,187386,30,tango
0.416,0.466,-7.215,0.0826,0.979,0.379,0.119,0.447,86.817,203160,31,tango
0.541,0.37,-9.873,0.0712,0.819,0.0,0.676,0.525,114.372,116796,34,tango
0.485,0.608,-7.177,0.0275,0.464,0.0,0.278,0.823,181.547,177120,32,tango
0.614,0.353,-9.248,0.0877,0.878,0.0,0.247,0.725,112.92,184586,31,tango
0.485,0.22,-12.198,0.0412,0.858,1.98e-06,0.089,0.449,161.291,223793,28,tango
0.546,0.252,-10.296,0.0756,0.928,0.37,0.18,0.519,122.49,193443,29,tango
0.348,0.708,-6.973,0.0665,0.929,0.0,0.26,0.45,114.747,167760,30,tango
0.395,0.375,-10.501,0.0408,0.791,0.00173,0.181,0.557,118.46,151266,33,tango
0.62,0.268,-10.129,0.137,0.82,0.0,0.13,0.684,127.205,136213,30,tango
0.369,0.638,-7.023,0.0511,0.858,2.04e-05,0.131,0.315,112.203,170106,28,tango
0.526,0.435,-6.816,0.0449,0.856,0.0,0.423,0.653,116.78,200306,31,tango
0.446,0.42,-14.791,0.0994,0.818,2.34e-06,0.104,0.642,187.58,171034,33,tango
0.754,0.34,-10.569,0.505,0.834,0.0,0.119,0.922,82.768,113213,28,tango
0.453,0.365,-11.557,0.0373,0.938,0.00599,0.343,0.601,139.686,181506,0,tango
0.581,0.371,-10.221,0.0609,0.628,3.26e-06,0.685,0.747,117.799,166812,38,tango
0.449,0.36,-11.251,0.0516,0.929,0.0224,0.165,0.392,69.604,172245,31,tango
0.416,0.455,-8.966,0.0485,0.88,0.000763,0.354,0.635,111.37,168293,31,tango
0.385,0.221,-20.058,0.0814,0.847,0.51,0.75,0.271,130.312,370773,1,tango
0.495,0.505,-9.355,0.188,0.962,0.0,0.294,0.595,119.01,188433,28,tango
0.753,0.236,-15.007,0.0864,0.993,0.922,0.103,0.665,130.125,153333,0,tango
0.453,0.616,-9.085,0.0974,0.853,3.86e-05,0.678,0.435,116.468,155466,30,tango
0.377,0.604,-8.259,0.0528,0.872,4.16e-05,0.126,0.325,117.329,172933,33,tango
0.523,0.467,-7.421,0.0462,0.928,4.27e-06,0.0721,0.707,103.285,138693,31,tango
0.352,0.616,-8.305,0.106,0.945,0.0,0.602,0.687,170.003,192826,31,tango
0.585,0.454,-2.97,0.0356,0.866,0.00034,0.313,0.818,115.593,206226,29,tango
0.48,0.674,-8.692,0.193,0.866,3.43e-05,0.834,0.635,106.056,132586,36,tango
0.645,0.285,-12.609,0.225,0.93,1.5e-05,0.147,0.727,127.952,175386,28,tango
0.528,0.487,-8.485,0.0452,0.729,0.0,0.0521,0.587,109.094,144226,32,tango
0.661,0.293,-7.916,0.0462,0.857,0.0,0.246,0.681,120.568,179653,29,tango
0.48,0.598,-8.329,0.0725,0.82,0.000149,0.168,0.683,114.317,183426,37,tango
0.484,0.53,-8.858,0.0492,0.943,8.31e-06,0.0794,0.778,96.869,138666,29,tango
0.541,0.264,-7.638,0.04,0.979,6.03e-06,0.319,0.403,108.31,191346,27,tango
0.423,0.401,-11.219,0.0449,0.726,0.0,0.269,0.507,111.213,237573,28,tango
0.639,0.275,-10.768,0.158,0.988,2.06e-05,0.276,0.585,82.616,189946,27,tango
0.731,0.385,-16.444,0.103,0.886,0.26,0.187,0.644,136.674,134360,26,tango
0.587,0.443,-7.584,0.0581,0.901,8.2e-06,0.198,0.636,99.006,103880,27,tango
0.574,0.481,-10.298,0.0846,0.479,0.0,0.319,0.446,122.61,154951,28,tango
0.469,0.554,-5.471,0.067,0.848,0.0,0.7,0.509,111.342,224746,28,tango
0.728,0.264,-8.7,0.142,0.98,0.000664,0.111,0.815,122.856,148093,26,tango
0.505,0.436,-5.975,0.0453,0.866,0.0,0.966,0.46,113.526,174693,25,tango
0.558,0.65,-4.119,0.0626,0.853,1.18e-05,0.124,0.755,156.41,205527,27,tango
0.608,0.389,-7.756,0.0445,0.933,4.28e-06,0.0879,0.541,119.763,205186,27,tango
0.674,0.175,-16.325,0.238,0.99,0.00354,0.162,0.78,93.964,178333,28,tango
0.64,0.75,-3.56,0.13,0.902,3.91e-05,0.205,0.79,130.398,169306,25,tango
0.333,0.254,-8.883,0.0544,0.994,0.0234,0.329,0.468,65.259,174066,27,tango
0.674,0.461,-5.73,0.0491,0.714,0.0,0.241,0.844,125.636,199640,27,tango
0.313,0.242,-12.028,0.0383,0.964,0.00788,0.107,0.406,87.07,201932,28,tango
0.452,0.253,-8.107,0.0733,0.947,0.000202,0.252,0.553,169.419,182320,28,tango
0.528,0.377,-6.583,0.0385,0.992,0.000272,0.209,0.585,57.883,174266,26,tango
0.722,0.403,-9.57,0.166,0.985,2.95e-06,0.0902,0.818,118.492,132453,28,tango
0.508,0.396,-8.54,0.054,0.98,0.068,0.381,0.436,85.798,159960,26,tango
0.508,0.34,-11.555,0.0453,0.834,1.18e-06,0.0921,0.482,111.695,179666,26,tango
0.716,0.482,-6.741,0.0429,0.626,0.0,0.347,0.673,122.028,197973,28,tango
0.387,0.475,-7.96,0.041,0.89,0.00485,0.168,0.642,120.686,164266,28,tango
0.562,0.185,-10.899,0.0633,0.943,7.27e-06,0.0972,0.522,141.219,173533,26,tango
0.45,0.66,-8.784,0.146,0.881,1.22e-05,0.231,0.734,131.67,178013,26,tango
0.289,0.399,-9.832,0.0481,0.839,3.06e-05,0.145,0.367,80.969,220640,26,tango
0.522,0.352,-12.088,0.059,0.984,0.43,0.198,0.65,115.717,173133,25,tango
0.401,0.653,-9.165,0.1,0.863,2.39e-06,0.611,0.471,110.226,167826,26,tango
0.675,0.435,-9.021,0.286,0.863,0.0,0.235,0.778,86.441,110346,26,tango
0.532,0.386,-10.92,0.0595,0.817,0.0,0.144,0.729,114.119,178706,26,tango
0.527,0.667,-4.879,0.0717,0.88,0.0,0.0985,0.673,118.524,180160,25,tango
0.487,0.398,-10.25,0.0547,0.716,6.94e-05,0.128,0.58,109.389,137133,27,tango
0.5,0.406,-8.67,0.0541,0.913,0.0651,0.365,0.512,104.886,198680,27,tango
0.429,0.548,-8.882,0.0587,0.962,3.36e-06,0.406,0.491,112.748,228213,26,tango
0.486,0.331,-10.295,0.125,0.863,0.0,0.922,0.392,50.96,198235,29,tango
0.444,0.367,-9.573,0.0308,0.976,0.00351,0.0951,0.442,99.853,201466,29,tango
0.561,0.271,-9.892,0.117,0.995,0.034,0.133,0.73,97.22,151426,27,tango
0.656,0.222,-15.369,0.0527,0.927,0.0374,0.0801,0.424,122.106,139773,0,tango
0.505,0.419,-11.863,0.0536,0.962,0.000113,0.189,0.61,112.451,166973,29,tango
0.473,0.447,-10.007,0.0883,0.717,0.0,0.414,0.425,92.381,185506,27,tango
0.511,0.45,-10.764,0.0843,0.917,0.00104,0.109,0.57,117.169,187660,26,tango
0.56,0.252,-12.637,0.0571,0.763,4.27e-06,0.245,0.594,108.824,187760,27,tango
0.53,0.31,-12.716,0.0841,0.963,0.00429,0.0976,0.486,130.389,180213,0,tango
0.751,0.406,-12.835,0.43,0.85,0.0,0.0762,0.809,138.906,127600,25,tango
0.436,0.262,-13.454,0.0521,0.936,1.21e-05,0.118,0.221,97.529,214923,26,tango
0.35,0.28,-10.395,0.055,0.94,0.00206,0.159,0.44,83.299,185600,27,tango
0.598,0.329,-11.432,0.573,0.858,0.0,0.372,0.936,167.38,110002,27,tango
0.637,0.511,-6.386,0.0284,0.835,0.676,0.0601,0.785,132.868,146373,26,tango
0.442,0.39,-9.777,0.0545,0.955,0.00341,0.162,0.566,124.507,213484,27,tango
0.479,0.405,-7.423,0.0327,0.875,4.67e-05,0.0792,0.623,125.074,176253,26,tango
0.387,0.258,-12.544,0.0395,0.939,0.0231,0.553,0.294,62.432,325640,46,tango
0.352,0.225,-12.42,0.0308,0.744,0.00136,0.0996,0.193,107.931,291664,24,tango
0.506,0.318,-11.851,0.0656,0.909,0.0,0.181,0.457,111.499,211493,24,tango
0.767,0.458,-11.055,0.263,0.914,0.691,0.0845,0.881,131.86,138933,23,tango
0.67,0.367,-4.978,0.0484,0.716,0.164,0.103,0.743,124.916,176413,24,tango
0.403,0.383,-11.309,0.0425,0.826,8.42e-05,0.335,0.713,77.213,169041,24,tango
0.68,0.223,-13.047,0.0856,0.991,6.09e-06,0.096,0.602,121.467,157373,26,tango
0.504,0.308,-8.062,0.0739,0.978,3.73e-05,0.264,0.582,60.048,170533,26,tango
0.308,0.832,-3.386,0.0511,0.469,3.37e-05,0.356,0.808,182.05,178666,25,tango
0.705,0.258,-12.017,0.4,0.976,0.0,0.0771,0.663,81.614,165520,26,tango
0.819,0.223,-10.131,0.383,0.961,0.00935,0.0568,0.678,138.764,143626,25,tango
0.624,0.671,-5.717,0.0382,0.923,4.36e-05,0.0697,0.776,132.528,178253,25,tango
0.712,0.279,-11.974,0.208,0.973,0.000722,0.634,0.686,129.381,141426,25,tango
0.555,0.396,-5.075,0.0298,0.886,0.554,0.0631,0.51,116.52,209720,25,tango
0.374,0.576,-10.691,0.0631,0.898,0.0417,0.356,0.354,118.97,208222,25,tango
0.398,0.365,-9.174,0.0378,0.574,0.388,0.184,0.188,120.973,367613,25,tango
0.434,0.411,-5.036,0.0312,0.778,0.0,0.185,0.302,106.648,255091,24,tango
0.571,0.156,-9.633,0.1,0.987,0.000172,0.306,0.556,66.772,153106,25,tango
0.532,0.355,-8.173,0.0682,0.854,0.0,0.903,0.549,122.302,167200,23,tango
0.358,0.51,-5.281,0.063,0.915,0.0,0.135,0.478,84.289,159120,26,tango
0.443,0.562,-11.043,0.051,0.933,3.78e-05,0.359,0.673,117.564,214480,24,tango
0.651,0.332,-9.912,0.268,0.921,4.73e-06,0.633,0.671,127.427,170893,25,tango
0.411,0.262,-9.754,0.0343,0.662,0.0866,0.0754,0.435,124.734,234906,25,tango
0.662,0.629,-5.891,0.0613,0.848,1.17e-05,0.141,0.792,132.718,174813,24,tango
0.669,0.445,-8.659,0.173,0.925,0.00388,0.165,0.709,124.468,163560,24,tango
0.478,0.693,-4.335,0.0276,0.685,0.0,0.285,0.38,89.782,221253,25,tango
0.531,0.311,-13.318,0.083,0.981,0.000999,0.124,0.625,116.734,146826,24,tango
0.723,0.258,-9.173,0.109,0.979,6.87e-05,0.37,0.8,117.861,189637,25,tango
0.58,0.292,-10.666,0.12,0.817,0.0,0.0905,0.328,108.499,242826,24,tango
0.569,0.438,-5.594,0.0389,0.877,5.4e-06,0.247,0.716,129.678,182293,24,tango
0.531,0.23,-12.747,0.0435,0.891,3.51e-06,0.271,0.735,115.151,196216,25,tango
0.567,0.271,-8.995,0.0615,0.969,0.0,0.0858,0.579,117.656,231666,0,tango
0.648,0.366,-8.342,0.262,0.855,0.0,0.0773,0.727,130.754,152093,25,tango
0.698,0.159,-11.612,0.209,0.986,0.0,0.202,0.499,108.016,185866,0,tango
0.541,0.22,-11.114,0.108,0.993,0.152,0.262,0.439,70.21,162600,0,tango
0.584,0.212,-12.613,0.0445,0.953,0.714,0.0871,0.665,140.083,185826,0,tango
0.269,0.372,-9.583,0.037,0.975,0.00152,0.147,0.408,75.004,198664,27,tango
0.523,0.281,-11.37,0.104,0.755,0.0,0.0932,0.289,106.891,161826,24,tango
0.456,0.559,-9.025,0.0565,0.816,3.47e-06,0.886,0.866,116.195,181760,26,tango
0.497,0.635,-9.219,0.0958,0.804,0.0,0.641,0.698,112.833,212106,25,tango
0.607,0.489,-11.225,0.0664,0.884,0.0,0.228,0.632,121.489,170466,25,tango
0.532,0.473,-9.726,0.0855,0.985,0.000376,0.156,0.854,114.348,168200,25,tango
0.465,0.437,-15.77,0.303,0.855,0.0,0.363,0.423,89.241,208533,24,tango
0.454,0.466,-7.924,0.0453,0.883,6.75e-06,0.351,0.469,112.332,170493,26,tango
0.568,0.52,-5.808,0.0891,0.788,1.81e-06,0.112,0.733,112.673,168080,26,tango
0.78,0.277,-11.989,0.0456,0.676,0.349,0.118,0.776,135.662,172773,24,tango
0.463,0.386,-9.065,0.0609,0.696,2.08e-06,0.0704,0.348,106.93,160560,25,tango
0.565,0.262,-9.991,0.0452,0.835,0.0,0.252,0.591,119.614,176653,24,tango
0.672,0.201,-10.615,0.0356,0.647,0.0148,0.0413,0.68,119.534,174306,25,tango
0.628,0.38,-5.826,0.0367,0.849,0.000337,0.311,0.813,115.454,207533,24,tango
0.421,0.285,-15.417,0.118,0.817,5.43e-05,0.0684,0.325,134.576,517573,24,tango
0.267,0.186,-18.682,0.0375,0.889,0.0508,0.11,0.0669,76.726,482397,23,tango
0.626,0.289,-9.041,0.295,0.894,0.0,0.076,0.515,118.172,224080,24,tango
0.748,0.238,-12.565,0.156,0.99,0.000404,0.399,0.587,120.277,163537,24,tango
0.586,0.249,-14.297,0.241,0.996,0.913,0.198,0.624,119.379,166160,24,tango
0.213,0.334,-11.623,0.0354,0.76,0.0,0.27,0.211,86.492,286093,24,tango
0.55,0.55,-7.54,0.0522,0.784,4.51e-06,0.0849,0.896,103.605,177480,23,tango
0.463,0.635,-8.537,0.127,0.659,0.375,0.659,0.378,154.586,180333,24,tango
0.596,0.349,-10.732,0.036,0.86,0.0217,0.0817,0.724,120.579,174106,23,tango
0.431,0.306,-10.8,0.0413,0.86,0.0,0.447,0.241,105.017,272520,23,tango
0.448,0.546,-8.184,0.0697,0.888,6.15e-05,0.0804,0.641,95.578,154013,23,tango
0.414,0.265,-11.718,0.0552,0.987,0.0161,0.296,0.77,168.411,150177,25,tango
0.648,0.237,-8.837,0.0511,0.978,0.0,0.123,0.435,119.956,195936,23,tango
0.545,0.265,-7.7,0.0412,0.978,4.05e-06,0.269,0.406,112.737,191320,23,tango
0.246,0.0547,-27.628,0.0454,0.993,0.9,0.0759,0.0396,64.554,403586,24,tango
0.509,0.511,-10.719,0.0293,0.626,8.46e-06,0.365,0.799,109.959,231466,25,tango
0.451,0.152,-14.084,0.0338,0.874,1.55e-05,0.168,0.531,82.425,168266,27,tango
0.673,0.313,-10.965,0.0729,0.586,0.0,0.0885,0.578,119.588,134931,23,tango
0.548,0.165,-9.504,0.0555,0.979,8.91e-05,0.17,0.306,101.827,210213,23,tango
0.702,0.315,-18.87,0.222,0.966,0.0,0.605,0.961,100.332,117957,24,tango
0.697,0.439,-10.475,0.307,0.936,0.00393,0.307,0.747,122.363,131893,24,tango
0.58,0.65,-5.896,0.0971,0.926,8.85e-05,0.061,0.704,135.201,167080,23,tango
0.478,0.19,-10.48,0.0539,0.943,0.0,0.147,0.251,94.044,238852,23,tango
0.631,0.391,-6.109,0.307,0.975,0.0,0.709,0.496,84.774,143453,24,tango
0.632,0.702,-4.496,0.0228,0.356,0.0,0.247,0.789,99.955,220640,25,tango
0.59,0.518,-5.056,0.0631,0.838,0.0,0.116,0.671,116.166,162040,24,tango
0.549,0.28,-9.283,0.0406,0.929,0.00209,0.507,0.729,124.995,182973,23,tango
0.454,0.384,-7.865,0.0519,0.643,2.31e-06,0.107,0.524,108.795,128346,24,tango
0.51,0.543,-9.601,0.061,0.71,0.00159,0.065,0.621,111.868,171840,24,tango
0.499,0.267,-9.541,0.0791,0.992,0.00452,0.349,0.466,85.816,167786,24,tango
0.371,0.426,-12.712,0.286,0.604,0.0,0.975,0.398,84.646,171450,24,tango
0.316,0.465,-7.731,0.0292,0.569,1.81e-05,0.409,0.632,77.309,185360,25,tango
0.491,0.285,-11.166,0.041,0.627,0.375,0.0774,0.455,113.278,191634,23,tango
0.5,0.582,-9.89,0.113,0.758,1.03e-06,0.158,0.805,118.628,172106,23,tango
0.54,0.409,-12.594,0.172,0.816,0.000838,0.201,0.706,96.114,127760,23,tango
0.504,0.387,-11.257,0.0643,0.825,0.0,0.096,0.558,109.427,176880,24,tango
0.517,0.102,-14.201,0.0757,0.874,0.0,0.0899,0.188,105.465,179106,23,tango
0.307,0.308,-9.312,0.0407,0.774,0.0,0.117,0.325,51.793,279706,23,tango
0.717,0.353,-6.821,0.1,0.861,0.0146,0.141,0.789,114.961,197520,23,tango
0.417,0.36,-10.411,0.0434,0.875,0.000167,0.791,0.531,121.146,174200,24,tango
0.456,0.744,-4.026,0.0943,0.9,2.23e-05,0.196,0.569,124.163,191440,23,tango
0.655,0.4,-9.135,0.0313,0.8,0.0577,0.303,0.852,121.06,171066,23,tango
0.533,0.35,-12.085,0.0393,0.597,0.0,0.16,0.601,89.943,178813,23,tango
0.501,0.663,-7.604,0.142,0.81,7.25e-06,0.473,0.691,117.466,187400,23,tango
0.711,0.41,-5.661,0.0496,0.932,0.0,0.343,0.704,126.647,178186,23,tango
0.555,0.0805,-16.968,0.0576,0.817,0.0,0.212,0.573,105.578,220148,23,tango
0.686,0.437,-10.764,0.0475,0.909,0.262,0.0733,0.895,110.78,165373,23,tango
0.706,0.194,-8.802,0.0745,0.941,0.000116,0.0627,0.538,119.442,165213,23,tango
0.814,0.5,-8.265,0.308,0.927,0.825,0.091,0.968,104.732,153146,23,tango
0.395,0.358,-13.317,0.0482,0.685,0.00392,0.97,0.242,124.34,209792,23,tango
0.424,0.379,-12.204,0.0835,0.909,0.000756,0.124,0.458,156.018,186106,22,tango
0.423,0.547,-4.51,0.0344,0.928,2.51e-05,0.147,0.602,126.962,204973,22,tango
0.637,0.299,-10.587,0.14,0.988,0.684,0.2,0.847,101.159,187585,22,tango
0.428,0.34,-10.973,0.0489,0.718,0.0,0.195,0.381,85.368,181120,22,tango
0.668,0.477,-6.341,0.0367,0.913,0.0154,0.101,0.809,129.513,164853,23,tango
0.568,0.292,-9.039,0.0426,0.967,0.019,0.147,0.713,123.659,189573,22,tango
0.396,0.3,-6.183,0.0343,0.891,1.16e-06,0.081,0.179,80.699,262706,21,tango
0.43,0.25,-11.557,0.0344,0.94,0.724,0.206,0.501,109.9,208840,22,tango
0.59,0.299,-8.699,0.0476,0.827,0.000182,0.846,0.598,121.543,161373,22,tango
0.679,0.466,-9.988,0.0495,0.544,0.683,0.06,0.7,128.306,161000,23,tango
0.502,0.152,-16.771,0.0391,0.982,0.829,0.201,0.497,122.324,176840,22,tango
0.558,0.39,-9.739,0.214,0.669,0.0,0.0839,0.351,114.267,209866,22,tango
0.551,0.285,-9.798,0.0863,0.884,4.15e-06,0.352,0.444,63.169,178893,22,tango
0.694,0.197,-13.727,0.369,0.995,0.231,0.188,0.409,67.689,165733,24,tango
0.609,0.326,-13.586,0.15,0.6,0.0674,0.198,0.805,114.519,129285,23,tango
0.659,0.712,-4.02,0.0705,0.908,2.76e-06,0.393,0.928,131.306,137080,22,tango
0.72,0.175,-18.967,0.114,0.971,7.54e-06,0.0582,0.929,123.847,106068,23,tango
0.746,0.486,-7.878,0.101,0.736,7.28e-05,0.0623,0.733,129.23,150920,22,tango
0.671,0.192,-11.036,0.0627,0.976,0.000537,0.0944,0.67,121.908,184495,22,tango
0.313,0.481,-13.756,0.108,0.951,0.0,0.135,0.588,78.33,176933,23,tango
0.466,0.425,-6.772,0.0316,0.975,6.15e-06,0.171,0.729,125.354,174792,22,tango
0.48,0.554,-6.363,0.0877,0.526,0.0,0.933,0.58,111.607,161061,23,tango
0.319,0.66,-5.336,0.0585,0.441,0.00555,0.0699,0.32,79.254,238520,23,tango
0.498,0.55,-8.219,0.0296,0.536,0.0,0.167,0.576,106.896,218466,24,tango
0.491,0.188,-10.781,0.0412,0.866,0.0,0.0639,0.176,105.844,237226,22,tango
0.529,0.363,-13.256,0.133,0.963,2.71e-06,0.498,0.892,122.275,195649,22,tango
0.352,0.157,-15.319,0.0371,0.908,0.00112,0.11,0.0981,98.85,233506,22,tango
0.35,0.472,-7.842,0.0304,0.489,0.00516,0.0866,0.369,171.839,228266,22,tango
0.35,0.262,-14.021,0.0394,0.927,0.313,0.361,0.707,117.096,185226,22,tango
0.559,0.401,-12.521,0.15,0.942,1.38e-06,0.173,0.8,124.756,199934,22,tango
0.428,0.338,-13.731,0.0516,0.666,0.00233,0.238,0.479,114.379,251240,23,tango
0.442,0.346,-11.321,0.0595,0.889,7.03e-06,0.141,0.265,116.838,310012,22,tango
0.462,0.567,-8.152,0.0733,0.739,0.0,0.635,0.664,118.305,200506,23,tango
0.656,0.252,-6.912,0.0534,0.979,0.0502,0.0807,0.624,127.084,167866,22,tango
0.609,0.298,-8.971,0.083,0.819,0.0,0.329,0.77,123.796,152746,21,tango
0.429,0.71,-10.036,0.173,0.932,0.000146,0.689,0.517,121.804,161173,23,tango
0.453,0.285,-9.107,0.0522,0.982,9.21e-06,0.304,0.507,73.757,171133,23,tango
0.329,0.126,-14.32,0.0352,0.954,1.11e-05,0.108,0.176,65.454,178653,25,tango
0.48,0.525,-6.943,0.0383,0.719,0.0535,0.302,0.602,120.061,178173,23,tango
0.551,0.36,-9.791,0.0316,0.864,0.000259,0.38,0.589,116.279,189933,24,tango
0.492,0.535,-9.419,0.207,0.935,0.0,0.531,0.629,111.776,188053,22,tango
0.627,0.374,-13.446,0.0738,0.99,0.906,0.135,0.688,129.503,139920,22,tango
0.455,0.626,-7.092,0.0884,0.879,0.0,0.401,0.723,117.282,175440,22,tango
0.366,0.245,-16.74,0.147,0.852,0.0,0.955,0.48,167.613,234858,22,tango
0.58,0.354,-7.218,0.0353,0.835,0.0,0.32,0.765,120.173,168013,22,tango
0.379,0.438,-12.207,0.115,0.957,8.36e-06,0.287,0.408,90.027,206800,22,tango
0.594,0.444,-8.539,0.0579,0.687,0.0,0.278,0.638,113.67,164400,22,tango
0.677,0.168,-11.705,0.055,0.833,0.413,0.0805,0.444,120.216,178066,0,tango
0.747,0.597,-6.68,0.0606,0.929,0.367,0.211,0.892,114.836,145026,22,tango
0.587,0.499,-7.891,0.106,0.992,0.866,0.119,0.667,67.387,164628,22,tango
0.526,0.347,-9.273,0.0326,0.762,0.0167,0.229,0.521,119.238,152773,22,tango
0.565,0.302,-8.691,0.0471,0.819,0.000116,0.561,0.591,121.27,161373,22,tango
0.467,0.327,-13.247,0.0647,0.831,0.0,0.169,0.355,106.897,144200,21,tango
0.429,0.202,-11.807,0.0595,0.896,0.000377,0.705,0.185,53.024,320922,22,tango
0.7,0.22,-11.682,0.163,0.988,0.0,0.13,0.703,84.449,183013,22,tango
0.379,0.355,-12.255,0.0303,0.803,0.92,0.0988,0.265,128.55,175093,22,tango
0.699,0.441,-6.243,0.0516,0.506,0.0,0.0865,0.581,134.098,128907,22,tango
0.532,0.212,-10.062,0.0408,0.763,0.0,0.295,0.637,126.921,192826,21,tango
0.512,0.442,-7.112,0.0588,0.714,0.13,0.0857,0.636,123.878,200474,22,tango
0.676,0.384,-9.767,0.343,0.991,0.000409,0.0905,0.845,143.235,144986,22,tango
0.537,0.269,-15.866,0.0512,0.981,0.0385,0.363,0.658,123.617,184060,21,tango
0.501,0.694,-9.289,0.148,0.977,0.00304,0.946,0.811,115.983,150047,21,tango
0.473,0.615,-7.862,0.0378,0.505,0.0,0.073,0.781,117.587,187400,22,tango
0.811,0.357,-4.873,0.067,0.975,0.305,0.145,0.771,129.109,150866,21,tango
0.74,0.46,-6.339,0.0508,0.683,2.55e-05,0.102,0.694,120.674,149586,21,tango
0.442,0.382,-10.375,0.044,0.926,0.000206,0.287,0.445,113.576,236173,21,tango
0.366,0.31,-10.222,0.0373,0.905,3.83e-06,0.089,0.638,176.714,177080,24,tango
0.443,0.388,-8.173,0.0372,0.86,8.11e-06,0.219,0.297,103.999,157320,22,tango
0.593,0.131,-16.269,0.0342,0.982,0.883,0.112,0.488,132.002,209746,21,tango
0.665,0.557,-6.746,0.0406,0.944,0.554,0.363,0.684,113.675,130373,21,tango
0.437,0.301,-11.153,0.0397,0.865,0.000249,0.217,0.559,110.409,226600,21,tango
0.787,0.36,-9.374,0.0649,0.831,0.31,0.101,0.894,140.268,157960,21,tango
0.381,0.15,-18.925,0.0427,0.876,0.512,0.118,0.271,145.754,362466,22,tango
0.694,0.292,-9.428,0.0755,0.849,0.000105,0.0942,0.408,102.92,164226,21,tango
0.482,0.506,-7.728,0.0692,0.831,0.00217,0.0823,0.619,177.22,182760,21,tango
0.601,0.394,-6.419,0.0619,0.917,5.42e-06,0.114,0.261,124.002,253769,22,tango
0.564,0.258,-13.027,0.0753,0.914,4.16e-05,0.2,0.41,109.349,133560,22,tango
0.383,0.533,-12.034,0.0481,0.912,0.0,0.664,0.846,58.928,168539,22,tango
0.533,0.372,-6.421,0.0588,0.573,0.177,0.311,0.679,135.578,153200,21,tango
0.621,0.439,-6.849,0.0635,0.987,0.31,0.187,0.851,127.637,171986,21,tango
0.38,0.0695,-14.309,0.0648,0.973,1.46e-06,0.112,0.0709,168.362,225800,22,tango
0.343,0.414,-9.392,0.0481,0.607,0.00132,0.111,0.58,182.141,151954,21,tango
0.37,0.467,-12.189,0.0853,0.446,0.00054,0.324,0.339,133.254,242028,21,tango
0.664,0.38,-9.716,0.0458,0.841,4.52e-05,0.531,0.791,121.065,171106,22,tango
0.556,0.333,-9.345,0.0454,0.634,2.34e-06,0.163,0.504,122.495,190733,21,tango
0.454,0.454,-9.517,0.063,0.796,6.75e-06,0.183,0.528,109.326,206506,22,tango
0.46,0.346,-8.35,0.0464,0.808,0.0,0.168,0.36,101.055,183253,22,tango
0.67,0.504,-7.958,0.0674,0.948,0.495,0.552,0.859,103.68,184733,21,tango
0.663,0.316,-10.296,0.203,0.881,0.0,0.0899,0.487,95.526,213266,21,tango
0.629,0.314,-13.743,0.101,0.97,0.000387,0.106,0.578,116.145,123133,21,tango
0.627,0.483,-9.448,0.078,0.94,0.0353,0.109,0.794,118.16,155560,21,tango
0.564,0.269,-9.983,0.0489,0.846,0.0,0.273,0.566,119.882,176653,21,tango
0.554,0.487,-8.078,0.062,0.908,0.0,0.0633,0.773,120.667,159373,21,tango
0.376,0.474,-7.546,0.0326,0.873,0.000764,0.278,0.514,122.266,210706,21,tango
0.395,0.522,-9.455,0.089,0.965,2.62e-06,0.679,0.797,79.23,141333,21,tango
0.596,0.334,-10.353,0.0438,0.802,0.0,0.0442,0.631,123.24,219880,22,tango
0.589,0.402,-7.754,0.0576,0.966,0.0,0.323,0.667,123.202,157306,21,tango
0.63,0.398,-8.036,0.106,0.842,0.0432,0.0907,0.643,125.664,152800,21,tango
0.639,0.321,-10.795,0.0544,0.981,0.712,0.376,0.787,129.339,201826,22,tango
0.471,0.414,-15.288,0.0425,0.811,0.535,0.671,0.42,91.456,339266,21,tango
0.669,0.414,-4.771,0.099,0.987,0.0,0.153,0.677,95.806,97626,21,tango
0.502,0.382,-13.776,0.0394,0.812,0.262,0.177,0.652,126.989,215506,21,tango
0.371,0.377,-9.774,0.0417,0.707,0.021,0.115,0.16,94.774,429640,21,tango
0.709,0.407,-10.265,0.0387,0.974,0.901,0.267,0.743,110.086,154866,21,tango
0.574,0.15,-11.617,0.0929,0.834,0.329,0.143,0.604,123.493,93199,21,tango
0.442,0.278,-11.168,0.0405,0.982,0.00129,0.214,0.427,115.992,181306,21,tango
0.689,0.442,-6.409,0.048,0.85,0.632,0.107,0.821,136.49,149693,21,tango
0.414,0.225,-12.665,0.0566,0.995,0.374,0.361,0.344,68.359,153386,22,tango
0.462,0.274,-14.356,0.109,0.467,0.00163,0.117,0.569,175.117,187026,21,tango
0.578,0.271,-7.098,0.0382,0.993,0.000237,0.138,0.458,121.773,195226,21,tango
0.601,0.541,-10.176,0.0469,0.9,0.688,0.175,0.832,104.951,184424,21,tango
0.601,0.21,-14.639,0.0551,0.751,0.06,0.162,0.562,113.812,175360,21,tango
0.634,0.194,-19.068,0.12,0.98,2.4e-05,0.632,0.873,113.827,120000,22,tango
0.532,0.475,-8.383,0.166,0.886,0.0,0.791,0.344,90.289,280173,21,tango
0.537,0.0831,-17.119,0.0752,0.943,0.0,0.106,0.13,96.526,243893,22,tango
0.569,0.436,-8.172,0.115,0.896,0.0,0.732,0.426,116.702,193346,20,tango
0.482,0.444,-6.729,0.0354,0.967,0.00891,0.0705,0.832,138.504,159146,21,tango
0.355,0.202,-13.376,0.0422,0.949,2.85e-06,0.157,0.207,62.604,238826,22,tango
0.476,0.48,-4.762,0.032,0.907,0.00217,0.121,0.573,117.494,186173,21,tango
0.522,0.232,-12.212,0.0483,0.886,0.0,0.224,0.608,121.87,177554,22,tango
0.712,0.343,-8.146,0.348,0.995,0.00028,0.13,0.703,124.813,127000,22,tango
0.777,0.423,-8.635,0.0482,0.828,0.463,0.0211,0.872,100.714,182183,21,tango
0.531,0.373,-7.389,0.0426,0.93,0.000518,0.105,0.597,98.468,183337,21,tango
0.551,0.434,-10.87,0.0292,0.833,0.963,0.0552,0.76,127.666,125906,21,tango
0.726,0.228,-16.387,0.278,0.96,5.02e-06,0.093,0.66,68.058,136040,20,tango
0.284,0.256,-13.297,0.0488,0.756,0.00199,0.121,0.214,73.155,243546,21,tango
0.365,0.353,-11.16,0.0473,0.992,0.000165,0.251,0.609,82.852,175599,21,tango
0.698,0.506,-9.284,0.0589,0.465,0.697,0.181,0.59,97.244,131400,21,tango
0.383,0.271,-12.524,0.0517,0.491,0.000829,0.616,0.789,167.925,148733,22,tango
0.493,0.408,-13.327,0.353,0.635,0.0,0.793,0.538,110.442,241453,21,tango
0.565,0.262,-9.991,0.0452,0.835,0.0,0.252,0.591,119.614,176653,21,tango
0.62,0.588,-6.162,0.065,0.823,0.00036,0.474,0.71,133.666,164440,20,tango
0.512,0.528,-6.366,0.0389,0.967,0.0191,0.68,0.767,124.385,188659,21,tango
0.199,0.374,-7.667,0.03,0.844,0.613,0.266,0.133,80.425,289520,21,tango
0.47,0.591,-6.042,0.0809,0.788,1.26e-05,0.21,0.651,81.005,159306,22,tango
0.615,0.379,-9.764,0.0625,0.995,0.000335,0.287,0.75,122.758,147617,22,tango
0.415,0.312,-9.239,0.0465,0.96,0.0148,0.143,0.476,82.36,185413,22,tango
0.448,0.188,-8.918,0.115,0.983,0.0,0.107,0.363,79.022,162586,22,tango
0.594,0.254,-12.33,0.0305,0.908,0.00126,0.117,0.311,111.675,273907,20,tango
0.548,0.445,-12.332,0.0534,0.841,1.76e-06,0.766,0.795,119.904,142082,22,tango
0.606,0.486,-4.318,0.0822,0.932,2.96e-05,0.284,0.514,121.019,183226,21,tango
0.294,0.326,-10.212,0.0447,0.806,1.61e-06,0.612,0.316,75.298,194640,22,tango
0.604,0.277,-12.755,0.0458,0.852,1.24e-06,0.0781,0.552,102.484,197299,20,tango
0.696,0.372,-6.071,0.0578,0.969,1.71e-06,0.107,0.552,122.484,216360,20,tango
0.412,0.438,-8.828,0.0316,0.945,0.00812,0.107,0.37,108.875,183626,22,tango
0.494,0.602,-10.39,0.188,0.926,7.75e-05,0.607,0.603,109.234,193586,21,tango
0.63,0.0932,-16.836,0.0617,0.965,1.78e-05,0.104,0.633,106.427,165051,21,tango
0.621,0.685,-6.286,0.101,0.789,0.0,0.497,0.717,118.526,176320,21,tango
0.655,0.329,-6.616,0.0471,0.956,0.000996,0.105,0.833,124.487,188586,21,tango
0.561,0.448,-7.884,0.0321,0.756,0.826,0.123,0.429,99.513,171175,21,tango
0.685,0.126,-18.033,0.0425,0.771,0.809,0.249,0.58,120.367,159400,20,tango
0.398,0.338,-11.001,0.0473,0.823,0.0,0.164,0.339,151.48,237882,21,tango
0.516,0.435,-8.166,0.0491,0.937,0.784,0.445,0.56,126.926,159053,21,tango
0.652,0.492,-4.729,0.0648,0.631,0.216,0.359,0.623,139.413,162586,20,tango
0.464,0.371,-10.784,0.0459,0.811,0.0,0.292,0.67,107.67,164373,20,tango
0.571,0.383,-8.25,0.0903,0.974,0.0,0.199,0.447,129.229,221500,20,tango
0.617,0.135,-18.764,0.148,0.992,0.00034,0.0978,0.641,141.521,121920,20,tango
0.552,0.342,-6.854,0.048,0.582,0.0,0.094,0.451,116.44,245733,21,tango
0.397,0.343,-13.172,0.121,0.883,8.32e-05,0.236,0.602,167.691,164560,20,tango
0.401,0.359,-16.39,0.0736,0.9,0.00213,0.862,0.507,104.221,365640,20,tango
0.64,0.458,-8.437,0.0923,0.978,0.712,0.129,0.87,141.642,150893,20,tango
0.551,0.538,-5.901,0.0352,0.598,0.455,0.0723,0.793,133.22,154028,21,tango
0.624,0.509,-10.39,0.0505,0.961,0.00888,0.33,0.824,104.787,174573,20,tango
0.656,0.224,-14.32,0.0772,0.884,1.15e-06,0.108,0.636,126.526,170187,21,tango
0.397,0.205,-15.469,0.0346,0.953,0.347,0.129,0.422,116.665,201386,20,tango
0.507,0.311,-5.669,0.0695,0.99,0.0,0.112,0.487,175.279,190227,21,tango
0.494,0.403,-15.05,0.156,0.987,1.77e-06,0.389,0.421,107.609,222053,21,tango
0.672,0.708,-4.987,0.0351,0.403,0.0,0.123,0.901,128.027,200226,22,tango
0.482,0.404,-5.913,0.0397,0.809,0.0,0.163,0.493,111.594,249240,20,tango
0.662,0.737,-4.339,0.033,0.677,0.0,0.188,0.864,109.47,191160,21,tango
0.691,0.29,-12.322,0.219,0.993,9.74e-05,0.11,0.676,126.028,137732,21,tango
0.391,0.636,-8.328,0.0485,0.864,6.36e-06,0.0959,0.498,109.843,190546,20,tango
0.612,0.277,-8.057,0.0462,0.98,0.216,0.15,0.724,121.822,189120,20,tango
0.625,0.492,-5.984,0.0372,0.953,0.537,0.42,0.894,127.909,142293,20,tango
0.63,0.199,-10.883,0.0523,0.977,0.608,0.146,0.692,123.387,191973,21,tango
0.823,0.326,-3.752,0.0503,0.96,0.00119,0.33,0.746,125.981,184546,20,tango
0.684,0.524,-8.544,0.0393,0.844,0.0988,0.209,0.96,104.771,139347,20,tango
0.713,0.224,-17.585,0.0687,0.87,0.838,0.15,0.824,109.733,152346,20,tango
0.678,0.26,-13.006,0.145,0.987,0.000187,0.0883,0.738,70.102,174204,21,tango
0.345,0.403,-12.998,0.0294,0.714,0.803,0.146,0.582,175.869,185000,20,tango
0.413,0.285,-10.857,0.0404,0.596,0.0,0.544,0.683,115.896,164530,20,tango
0.628,0.328,-10.799,0.254,0.99,0.00456,0.103,0.715,166.594,185131,21,tango
0.595,0.387,-9.832,0.0693,0.965,0.000897,0.167,0.647,117.042,123240,20,tango
0.551,0.246,-12.737,0.107,0.995,0.797,0.112,0.827,104.767,154044,20,tango
0.717,0.153,-13.439,0.144,0.983,0.00992,0.114,0.456,127.816,146253,21,tango
0.558,0.415,-7.777,0.0845,0.616,0.0,0.103,0.425,113.579,188466,21,tango
0.621,0.308,-9.357,0.369,0.823,0.0,0.0446,0.86,119.585,147480,20,tango
0.505,0.548,-7.706,0.123,0.719,0.0,0.2,0.763,104.28,165346,21,tango
0.529,0.177,-14.374,0.0425,0.987,3.55e-06,0.142,0.452,119.113,149546,20,tango
0.578,0.467,-8.933,0.037,0.699,0.0003,0.291,0.558,100.883,205520,20,tango
0.575,0.447,-9.0,0.0746,0.836,2.17e-06,0.235,0.692,99.799,216066,21,tango
0.395,0.552,-10.019,0.184,0.919,1.36e-06,0.633,0.633,84.181,193573,20,tango
0.24,0.207,-14.124,0.0475,0.681,0.0694,0.0947,0.351,185.062,179213,21,tango
0.707,0.237,-11.969,0.0849,0.927,0.000554,0.147,0.516,119.257,161853,20,tango
0.54,0.3,-9.762,0.116,0.836,0.0,0.232,0.451,111.098,167546,20,tango
0.584,0.356,-8.693,0.0363,0.942,0.00129,0.177,0.733,120.172,170186,20,tango
0.713,0.151,-13.226,0.0799,0.837,0.0,0.0874,0.63,111.129,154528,20,tango
0.707,0.57,-6.208,0.0499,0.89,0.551,0.261,0.922,113.989,146666,20,tango
0.445,0.533,-7.736,0.0443,0.974,0.00411,0.201,0.769,100.948,182666,20,tango
0.634,0.304,-11.793,0.236,0.985,0.0057,0.124,0.605,82.541,162228,19,tango
0.664,0.196,-6.904,0.0433,0.985,0.00933,0.434,0.566,125.903,179960,19,tango
0.52,0.156,-11.737,0.0468,0.959,0.000331,0.158,0.507,119.283,176986,20,tango
0.641,0.396,-13.058,0.0572,0.941,0.835,0.121,0.915,173.221,94000,20,tango
0.668,0.394,-7.381,0.0389,0.57,0.967,0.266,0.57,128.597,153813,21,tango
0.526,0.322,-8.721,0.038,0.895,0.476,0.258,0.583,125.002,144893,20,tango
0.569,0.368,-7.004,0.0487,0.99,0.15,0.315,0.638,123.181,208760,19,tango
0.529,0.377,-10.072,0.0652,0.976,0.00564,0.198,0.457,88.109,214093,20,tango
0.69,0.174,-17.868,0.33,0.989,0.000122,0.596,0.774,138.951,159216,21,tango
0.638,0.545,-7.456,0.153,0.861,0.0,0.692,0.504,98.407,230426,20,tango
0.442,0.334,-8.394,0.0326,0.981,0.00444,0.355,0.519,126.813,206720,20,tango
0.361,0.259,-13.516,0.0332,0.747,0.278,0.197,0.368,108.489,227453,20,tango
0.372,0.391,-11.341,0.0407,0.946,0.00312,0.0689,0.186,106.65,212200,19,tango
0.512,0.473,-11.429,0.109,0.708,0.0,0.863,0.519,108.895,243000,20,tango
0.483,0.402,-14.097,0.0627,0.868,5.66e-06,0.969,0.717,93.127,257866,20,tango
0.779,0.295,-9.111,0.0404,0.713,0.545,0.0871,0.496,118.361,162012,20,tango
0.542,0.176,-14.148,0.052,0.731,0.101,0.0659,0.33,104.558,236600,21,tango
0.676,0.675,-4.488,0.0466,0.449,1.55e-05,0.0503,0.685,104.634,155146,20,tango
0.452,0.182,-14.701,0.0747,0.864,0.0,0.0603,0.21,85.766,173880,20,tango
0.491,0.244,-12.917,0.0453,0.831,0.865,0.108,0.203,115.832,309186,20,tango
0.767,0.413,-8.07,0.0473,0.969,0.605,0.109,0.961,104.218,143813,20,tango
0.56,0.548,-8.799,0.0369,0.837,1.3e-05,0.597,0.725,106.683,153924,20,tango
0.558,0.298,-10.06,0.0356,0.805,1.87e-06,0.0786,0.603,120.311,199493,21,tango
0.438,0.242,-14.71,0.328,0.851,0.0,0.839,0.421,62.419,237026,20,tango
0.429,0.521,-10.71,0.0831,0.968,0.0488,0.127,0.76,112.475,195426,19,tango
0.431,0.328,-9.884,0.243,0.934,8.44e-06,0.233,0.372,78.395,266520,20,tango
0.796,0.493,-3.373,0.108,0.804,0.457,0.0465,0.723,136.729,171066,20,tango
0.489,0.497,-7.73,0.0678,0.692,0.0435,0.239,0.518,122.19,180299,20,tango
0.516,0.258,-10.737,0.0545,0.679,0.487,0.148,0.749,123.092,165982,20,tango
0.569,0.683,-5.685,0.0473,0.624,0.00755,0.0959,0.549,100.21,187933,20,tango
0.5,0.603,-8.818,0.0486,0.885,1.68e-06,0.563,0.773,120.533,164989,19,tango
0.678,0.411,-6.643,0.0678,0.871,6.04e-06,0.117,0.742,122.455,140066,20,tango
0.446,0.18,-12.174,0.0627,0.987,0.0,0.128,0.453,85.027,159759,20,tango
0.636,0.659,-3.769,0.15,0.659,0.0,0.0638,0.89,121.34,192680,19,tango
0.617,0.423,-8.195,0.102,0.781,0.0,0.329,0.769,132.578,139720,20,tango
0.496,0.418,-7.518,0.0417,0.902,0.0,0.111,0.791,119.487,170906,19,tango
0.713,0.234,-11.368,0.13,0.878,0.289,0.377,0.779,123.737,161013,20,tango
0.509,0.301,-12.082,0.0706,0.657,9.25e-05,0.0666,0.358,109.44,159466,21,tango
0.201,0.31,-11.791,0.0316,0.953,0.0048,0.22,0.0802,89.062,226626,21,tango
0.765,0.468,-6.784,0.057,0.689,0.0,0.0879,0.725,96.027,157666,20,tango
0.45,0.436,-6.514,0.0446,0.776,0.0292,0.298,0.473,60.419,197903,20,tango
0.568,0.439,-11.857,0.0694,0.948,0.0,0.384,0.809,123.061,154328,20,tango
0.447,0.517,-6.166,0.0505,0.45,0.000163,0.111,0.622,121.448,151360,20,tango
0.507,0.539,-9.017,0.208,0.821,0.0,0.173,0.64,106.356,192000,19,tango
0.462,0.605,-11.469,0.156,0.944,0.024,0.542,0.706,119.459,133373,19,tango
0.477,0.436,-8.97,0.0557,0.891,1.34e-05,0.357,0.572,117.414,171800,21,tango
0.458,0.373,-8.066,0.0343,0.866,0.0,0.18,0.692,128.32,173146,20,tango
0.533,0.467,-10.552,0.0377,0.944,0.837,0.117,0.835,110.171,137106,19,tango
0.446,0.308,-9.961,0.0432,0.835,0.000158,0.103,0.487,110.79,187693,20,tango
0.527,0.262,-9.912,0.0401,0.772,0.0,0.168,0.516,123.594,188160,19,tango
0.528,0.304,-6.074,0.0393,0.759,0.0506,0.22,0.501,118.294,187000,20,tango
0.367,0.29,-9.697,0.0356,0.85,0.000159,0.0996,0.273,89.494,231373,20,tango
0.459,0.207,-11.031,0.0468,0.965,0.845,0.144,0.436,133.033,138466,20,tango
0.735,0.524,-10.5,0.271,0.815,0.0218,0.261,0.895,136.685,109866,18,tango
0.548,0.44,-6.414,0.0328,0.759,0.0,0.321,0.535,106.412,238477,19,tango
0.419,0.228,-11.482,0.0758,0.902,1.88e-05,0.108,0.281,170.049,232089,20,tango
0.568,0.391,-8.827,0.0295,0.43,0.000156,0.111,0.343,97.943,225771,20,tango
0.514,0.248,-14.946,0.0386,0.794,0.92,0.0922,0.201,137.035,270120,19,tango
0.573,0.249,-14.947,0.0747,0.882,0.0,0.11,0.778,109.519,168906,20,tango
0.564,0.354,-3.258,0.0493,0.932,0.0,0.231,0.577,88.276,171226,20,tango
0.676,0.362,-9.342,0.0464,0.524,0.00864,0.116,0.65,106.014,135040,20,tango
0.552,0.385,-8.218,0.0652,0.933,0.000953,0.101,0.687,124.535,161733,19,tango
0.474,0.367,-10.784,0.0321,0.961,0.00205,0.14,0.522,126.02,170853,19,tango
0.714,0.216,-18.115,0.243,0.98,0.000175,0.109,0.696,126.645,126240,21,tango
0.721,0.304,-14.948,0.471,0.958,0.0,0.0911,0.722,75.857,138161,20,tango
0.659,0.134,-11.607,0.0509,0.834,0.513,0.259,0.749,120.64,163360,20,tango
0.488,0.432,-8.977,0.0442,0.934,0.000129,0.256,0.731,120.796,161200,20,tango
0.615,0.49,-8.426,0.0349,0.593,0.499,0.37,0.819,129.133,215546,19,tango
0.755,0.422,-4.6,0.0466,0.739,0.00183,0.241,0.815,124.867,192866,19,tango
0.761,0.281,-12.285,0.102,0.842,0.814,0.0916,0.842,104.245,132560,0,tango
0.47,0.651,-9.352,0.0707,0.923,0.000759,0.325,0.368,122.417,202706,19,tango
0.652,0.316,-8.412,0.174,0.956,0.000512,0.158,0.869,107.366,109876,21,tango
0.642,0.538,-8.312,0.136,0.995,0.486,0.159,0.91,96.521,193004,20,tango
0.611,0.391,-15.617,0.183,0.93,0.000289,0.139,0.725,100.894,200875,19,tango
0.631,0.261,-8.626,0.173,0.992,9.29e-05,0.0976,0.623,86.945,208430,19,tango
0.364,0.254,-11.015,0.0307,0.792,0.0,0.104,0.207,89.821,224214,20,tango
0.408,0.316,-12.107,0.0441,0.676,0.0,0.173,0.343,79.34,223166,19,tango
0.688,0.341,-12.204,0.185,0.987,0.000145,0.0873,0.618,129.914,124865,20,tango
0.629,0.403,-8.063,0.041,0.583,0.341,0.0955,0.799,123.139,168344,19,tango
0.746,0.47,-4.538,0.0424,0.962,0.0171,0.403,0.905,109.196,144880,19,tango
0.414,0.227,-8.563,0.0628,0.834,0.0,0.0959,0.273,166.193,258529,19,tango
0.557,0.278,-8.012,0.0387,0.978,0.875,0.166,0.659,121.675,161000,19,tango
0.291,0.253,-12.899,0.0368,0.749,0.13,0.274,0.263,116.725,197066,20,tango
0.34,0.379,-10.24,0.0357,0.995,0.0134,0.419,0.399,140.034,175466,20,tango
0.508,0.435,-5.93,0.0477,0.985,0.036,0.0634,0.808,138.331,144173,19,tango
0.499,0.472,-10.463,0.0713,0.918,0.000873,0.237,0.67,121.304,184508,19,tango
0.496,0.297,-11.884,0.0414,0.877,0.654,0.244,0.548,125.217,176773,19,tango
0.499,0.562,-9.072,0.127,0.768,0.0,0.461,0.645,110.176,170853,19,tango
0.785,0.538,-7.079,0.318,0.796,0.0,0.172,0.796,138.348,130066,19,tango
0.587,0.44,-7.782,0.0946,0.81,0.0,0.115,0.73,111.109,139226,19,tango
0.513,0.305,-12.174,0.0574,0.965,0.169,0.0787,0.631,106.091,154373,19,tango
0.471,0.387,-8.278,0.0577,0.853,9.14e-06,0.188,0.29,115.182,157160,20,tango
0.592,0.42,-4.601,0.0396,0.958,8.35e-06,0.048,0.87,125.396,183200,19,tango
0.411,0.635,-8.807,0.0834,0.89,0.0,0.356,0.516,85.096,162293,19,tango
0.537,0.432,-5.849,0.0337,0.937,0.000139,0.206,0.854,128.119,172400,19,tango
0.518,0.474,-9.327,0.09,0.893,2.09e-06,0.0653,0.715,122.558,190209,19,tango
0.398,0.356,-10.543,0.043,0.885,3.88e-06,0.39,0.632,113.292,169293,20,tango
0.427,0.412,-9.747,0.0636,0.946,0.000235,0.2,0.623,111.411,187933,20,tango
0.348,0.333,-13.36,0.156,0.843,0.0,0.814,0.505,74.683,232524,20,tango
0.613,0.515,-6.84,0.0359,0.972,0.105,0.133,0.828,109.646,169893,19,tango
0.325,0.234,-14.881,0.0427,0.797,0.322,0.703,0.162,68.826,628173,19,tango
0.615,0.253,-10.067,0.0673,0.986,0.0,0.398,0.5,116.031,174600,18,tango
0.581,0.495,-8.343,0.128,0.561,0.502,0.0452,0.661,157.844,135360,21,tango
0.434,0.332,-6.475,0.0352,0.992,0.0177,0.166,0.393,122.659,201093,19,tango
0.547,0.337,-13.559,0.0488,0.651,0.00221,0.245,0.683,122.188,151277,19,tango
0.669,0.233,-10.061,0.0413,0.982,0.0165,0.344,0.495,125.35,199520,18,tango
0.417,0.313,-9.524,0.0533,0.882,5.9e-05,0.648,0.335,63.269,236708,18,tango
0.725,0.203,-13.306,0.154,0.984,0.000106,0.102,0.72,71.888,140695,19,tango
0.559,0.281,-7.932,0.0378,0.979,0.83,0.174,0.635,121.408,161000,19,tango
0.438,0.373,-10.108,0.036,0.975,0.348,0.112,0.378,122.497,188600,19,tango
0.432,0.272,-11.047,0.0301,0.924,0.0,0.0938,0.333,83.079,256226,19,tango
0.589,0.365,-7.283,0.0326,0.591,0.0442,0.0717,0.622,126.396,161610,19,tango
0.557,0.406,-10.905,0.0518,0.97,0.895,0.32,0.747,95.919,157253,18,tango
0.415,0.527,-12.271,0.0651,0.872,0.291,0.714,0.509,157.862,249466,19,tango
0.486,0.403,-9.602,0.107,0.958,0.0,0.103,0.269,79.376,158487,19,tango
0.425,0.446,-8.763,0.047,0.485,0.613,0.687,0.255,135.1,352920,19,tango
0.609,0.426,-8.544,0.0574,0.763,0.302,0.117,0.606,107.878,196440,19,tango
0.543,0.493,-8.612,0.0523,0.881,0.0,0.783,0.389,114.702,204306,18,tango
0.694,0.313,-10.177,0.119,0.992,2.2e-05,0.0945,0.701,124.716,137320,19,tango
0.546,0.114,-14.482,0.0487,0.807,0.0,0.153,0.601,100.483,219422,18,tango
0.482,0.227,-14.173,0.0329,0.664,0.554,0.0791,0.621,118.783,168266,18,tango
0.407,0.523,-11.176,0.145,0.95,2.78e-06,0.718,0.649,137.451,132864,18,tango
0.633,0.219,-11.805,0.0887,0.72,0.692,0.113,0.537,118.814,175046,18,tango
0.653,0.376,-14.643,0.373,0.964,0.291,0.127,0.905,125.719,150840,19,tango
0.507,0.278,-17.178,0.115,0.645,0.906,0.285,0.405,124.417,164333,0,tango
0.389,0.341,-10.365,0.0839,0.86,1.9e-05,0.116,0.24,170.104,210746,20,tango
0.354,0.288,-14.186,0.0332,0.913,0.64,0.134,0.501,96.381,117400,18,tango
0.46,0.55,-9.058,0.0968,0.686,0.457,0.853,0.477,125.724,174706,19,tango
0.449,0.252,-12.946,0.0474,0.908,0.0,0.145,0.521,108.356,197654,18,tango
0.548,0.341,-7.015,0.0453,0.772,4.91e-06,0.253,0.418,114.007,152493,19,tango
0.567,0.432,-8.302,0.0368,0.942,0.0024,0.272,0.705,96.684,164440,19,tango
0.626,0.352,-12.031,0.0557,0.845,0.0,0.108,0.856,98.346,143706,19,tango
0.459,0.268,-12.841,0.0433,0.655,0.0609,0.321,0.601,119.944,156360,19,tango
0.523,0.512,-4.938,0.0716,0.859,1.31e-05,0.316,0.665,120.246,208186,18,tango
0.564,0.36,-11.541,0.037,0.815,0.304,0.249,0.603,115.416,134413,19,tango
0.569,0.327,-9.995,0.191,0.98,0.000121,0.13,0.602,179.608,173800,18,tango
0.434,0.39,-9.579,0.0349,0.976,0.0591,0.0999,0.741,125.387,178093,19,tango
0.48,0.101,-11.186,0.0516,0.949,1.24e-05,0.109,0.345,111.087,185733,19,tango
0.735,0.406,-6.367,0.0407,0.957,0.151,0.128,0.579,125.965,172599,19,tango
0.648,0.263,-9.945,0.0972,0.918,1.14e-05,0.107,0.589,119.472,147586,19,tango
0.48,0.544,-8.386,0.067,0.871,0.000219,0.413,0.491,115.293,228173,19,tango
0.673,0.372,-9.663,0.314,0.881,0.0,0.112,0.853,85.143,113733,18,tango
0.594,0.475,-11.088,0.311,0.856,0.0,0.413,0.454,128.281,208760,18,tango
0.64,0.395,-10.896,0.181,0.827,0.0,0.0918,0.81,131.45,137280,19,tango
0.56,0.365,-11.744,0.0755,0.717,0.0,0.088,0.65,129.52,191733,18,tango
0.516,0.652,-9.451,0.0932,0.918,0.0,0.11,0.934,107.407,138040,18,tango
0.546,0.337,-5.66,0.0445,0.935,5.6e-06,0.352,0.532,117.353,194386,19,tango
0.398,0.374,-9.96,0.0435,0.905,2.03e-06,0.119,0.339,108.59,204400,18,tango
0.423,0.321,-12.398,0.035,0.943,0.00803,0.256,0.705,99.846,175373,18,tango
0.676,0.313,-6.561,0.0524,0.943,0.000575,0.0553,0.835,126.92,160613,18,tango
0.649,0.493,-4.713,0.0648,0.644,0.106,0.363,0.613,139.569,162586,18,tango
0.548,0.343,-6.862,0.0324,0.755,0.000263,0.0823,0.34,121.67,161600,19,tango
0.503,0.151,-11.434,0.0437,0.924,1.9e-05,0.166,0.526,118.682,183960,21,tango
0.667,0.378,-13.023,0.0833,0.937,0.0696,0.246,0.866,129.429,111373,18,tango
0.455,0.493,-8.31,0.0743,0.933,0.664,0.685,0.84,173.936,127657,19,tango
0.415,0.176,-13.642,0.0358,0.995,0.229,0.1,0.481,123.994,158320,18,tango
0.147,0.265,-11.936,0.039,0.977,0.942,0.132,0.0905,96.769,248226,19,tango
0.553,0.359,-8.708,0.0357,0.678,0.0,0.109,0.297,100.616,161235,18,tango
0.617,0.352,-8.643,0.0463,0.926,0.00455,0.187,0.602,123.391,157880,18,tango
0.433,0.409,-11.161,0.0377,0.523,0.0683,0.104,0.443,119.332,167813,18,tango
0.721,0.438,-10.715,0.0924,0.959,0.459,0.0702,0.644,103.161,141053,18,tango
0.359,0.171,-13.964,0.041,0.924,1.01e-06,0.0968,0.421,84.685,221333,17,tango
0.335,0.502,-8.712,0.0498,0.867,0.000657,0.202,0.935,182.772,120812,19,tango
0.646,0.194,-8.878,0.0515,0.984,0.165,0.171,0.627,129.179,156813,18,tango
0.706,0.295,-11.261,0.261,0.983,0.0,0.247,0.607,129.245,138693,19,tango
0.644,0.33,-16.511,0.155,0.909,0.000171,0.115,0.856,107.733,169459,18,tango
0.484,0.549,-10.609,0.0334,0.937,0.922,0.174,0.627,134.273,152066,18,tango
0.389,0.448,-7.975,0.0368,0.94,6.23e-05,0.284,0.54,120.917,171640,18,tango
0.707,0.357,-7.582,0.046,0.741,0.0738,0.223,0.802,119.686,196284,19,tango
0.586,0.297,-11.311,0.0557,0.807,0.27,0.181,0.558,118.616,212373,18,tango
0.422,0.66,-6.819,0.0324,0.236,0.0,0.398,0.732,185.577,201000,20,tango
0.688,0.242,-11.545,0.0757,0.993,2.36e-06,0.0998,0.6,123.172,157839,19,tango
0.593,0.498,-3.331,0.0326,0.904,0.191,0.443,0.646,119.059,165213,18,tango
0.714,0.256,-11.366,0.115,0.988,1.7e-06,0.102,0.642,121.485,153680,19,tango
0.446,0.484,-9.006,0.0373,0.855,0.641,0.113,0.337,120.687,237293,18,tango
0.688,0.344,-10.341,0.0339,0.58,0.0,0.092,0.418,103.979,210800,19,tango
0.384,0.245,-11.112,0.0777,0.912,0.13,0.157,0.7,62.213,161773,18,tango
0.499,0.191,-11.283,0.0759,0.601,0.0,0.124,0.22,88.373,270791,18,tango
0.523,0.487,-6.812,0.0348,0.768,0.0706,0.115,0.754,118.468,119000,18,tango
0.519,0.361,-12.779,0.0685,0.812,0.743,0.134,0.654,79.191,201733,18,tango
0.519,0.422,-4.806,0.0463,0.933,0.000337,0.288,0.689,134.033,186942,19,tango
0.535,0.395,-6.463,0.0561,0.831,0.0,0.043,0.627,105.432,165106,18,tango
0.6,0.294,-11.898,0.042,0.728,0.017,0.371,0.501,116.533,183933,20,tango
0.412,0.474,-4.69,0.0732,0.848,1.65e-05,0.108,0.471,90.541,135986,19,tango
0.468,0.125,-17.881,0.192,0.93,0.724,0.091,0.603,204.198,140805,18,tango
0.681,0.575,-6.399,0.0922,0.703,0.0,0.0791,0.727,98.094,216125,19,tango
0.545,0.231,-11.959,0.0364,0.879,0.046,0.232,0.822,125.499,129933,19,tango
0.827,0.215,-11.353,0.0651,0.887,0.00037,0.055,0.85,123.942,187360,19,tango
0.741,0.278,-11.485,0.0538,0.66,0.775,0.0603,0.799,132.138,146200,18,tango
0.421,0.445,-9.341,0.0432,0.758,0.0,0.0894,0.356,112.16,210933,19,tango
0.321,0.474,-6.444,0.0375,0.839,0.00089,0.102,0.31,102.339,242200,19,tango
0.53,0.167,-14.068,0.0639,0.893,0.0,0.0966,0.486,85.912,217907,18,tango
0.499,0.675,-8.283,0.148,0.766,0.0,0.497,0.596,120.876,171560,19,tango
0.413,0.414,-10.774,0.0504,0.704,0.00324,0.0536,0.457,117.893,179640,19,tango
0.488,0.377,-10.59,0.0841,0.88,0.0,0.141,0.569,112.121,158426,18,tango
0.633,0.407,-10.004,0.0423,0.795,3.98e-06,0.302,0.744,126.744,207533,18,tango
0.526,0.489,-10.658,0.149,0.919,1.9e-05,0.16,0.76,117.944,208402,18,tango
0.645,0.585,-9.238,0.36,0.855,0.0,0.964,0.912,128.546,141154,19,tango
0.447,0.114,-17.659,0.0559,0.936,0.0,0.107,0.189,76.983,228054,19,tango
0.512,0.373,-7.808,0.051,0.904,3.64e-06,0.381,0.532,118.328,174066,18,tango
0.611,0.563,-7.59,0.0385,0.901,0.758,0.251,0.659,112.214,131480,18,tango
0.379,0.445,-6.36,0.033,0.745,0.000989,0.194,0.462,109.571,187413,18,tango
0.348,0.329,-9.694,0.0318,0.707,0.126,0.0455,0.362,115.459,169400,18,tango
0.576,0.303,-10.595,0.0373,0.971,0.103,0.125,0.521,128.381,197306,18,tango
0.59,0.446,-8.645,0.389,0.751,0.869,0.053,0.94,182.531,149173,18,tango
0.374,0.183,-14.959,0.0704,0.583,5.79e-06,0.115,0.101,78.688,195704,18,tango
0.493,0.204,-15.263,0.0512,0.9,0.000253,0.226,0.39,116.639,151858,18,tango
0.582,0.402,-9.492,0.0671,0.964,0.0161,0.174,0.632,124.566,197653,19,tango
0.588,0.164,-12.555,0.0854,0.993,0.00268,0.218,0.393,80.963,209866,19,tango
0.625,0.269,-7.531,0.0622,0.975,0.238,0.0901,0.557,126.49,170945,18,tango
0.509,0.441,-12.682,0.128,0.912,3.14e-06,0.0975,0.774,103.158,156133,18,tango
0.609,0.574,-6.309,0.113,0.755,0.0001,0.14,0.818,142.416,168000,18,tango
0.469,0.206,-5.587,0.0677,0.912,0.0461,0.102,0.579,177.934,203493,18,tango
0.502,0.274,-15.477,0.084,0.93,0.912,0.137,0.365,111.961,168320,18,tango
0.629,0.382,-6.666,0.0339,0.571,0.897,0.118,0.546,128.01,153626,18,tango
0.692,0.624,-6.0,0.0384,0.917,0.417,0.0727,0.85,117.016,154506,18,tango
0.615,0.293,-12.453,0.119,0.771,0.0,0.137,0.633,114.639,158119,19,tango
0.599,0.349,-12.463,0.26,0.996,0.689,0.244,0.379,127.754,137893,19,tango
0.657,0.214,-15.527,0.0459,0.95,0.826,0.131,0.267,125.554,300613,18,tango
0.772,0.277,-11.197,0.127,0.995,0.645,0.117,0.58,65.403,120973,18,tango
0.437,0.515,-5.193,0.0338,0.868,0.026,0.399,0.577,129.815,170647,18,tango
0.647,0.2,-11.81,0.062,0.949,0.683,0.125,0.724,122.321,176480,18,tango
0.502,0.376,-7.401,0.0698,0.832,4.37e-05,0.251,0.353,109.862,212933,18,tango
0.479,0.297,-13.663,0.0326,0.623,0.528,0.269,0.511,118.562,155893,18,tango
0.783,0.487,-7.685,0.057,0.916,0.52,0.189,0.863,110.251,144720,17,tango
0.6,0.367,-9.793,0.115,0.876,0.0,0.394,0.692,116.407,182995,19,tango
0.48,0.176,-8.768,0.0658,0.992,0.0013,0.102,0.765,71.419,232573,18,tango
0.568,0.534,-9.162,0.0334,0.735,0.488,0.292,0.57,125.335,212906,18,tango
0.708,0.17,-14.726,0.228,0.979,4.69e-05,0.134,0.771,97.226,179772,19,tango
0.74,0.612,-5.92,0.104,0.847,0.665,0.101,0.767,87.262,148626,18,tango
0.848,0.381,-7.647,0.0645,0.917,0.696,0.052,0.783,133.018,173640,17,tango
0.586,0.245,-9.243,0.0612,0.98,0.0,0.184,0.502,96.127,152813,18,tango
0.651,0.246,-11.784,0.101,0.947,1.11e-06,0.169,0.894,165.052,98293,18,tango
0.55,0.424,-7.525,0.0427,0.871,0.143,0.133,0.709,123.215,177866,18,tango
0.436,0.491,-8.5,0.0425,0.478,0.00193,0.223,0.504,112.474,210746,19,tango
0.317,0.327,-13.577,0.038,0.921,0.594,0.671,0.503,116.827,123133,18,tango
0.444,0.273,-10.855,0.0414,0.762,0.253,0.0892,0.457,108.973,197250,17,tango
0.592,0.323,-6.526,0.0535,0.964,2.41e-05,0.427,0.68,112.368,162373,18,tango
0.706,0.365,-9.915,0.178,0.975,0.000319,0.365,0.719,129.184,141571,19,tango
0.526,0.346,-9.547,0.0512,0.894,0.0274,0.309,0.844,124.398,158373,18,tango
0.666,0.166,-8.941,0.099,0.978,1.14e-05,0.0932,0.528,104.675,191333,19,tango
0.537,0.396,-11.472,0.0515,0.666,0.284,0.368,0.707,103.82,154733,18,tango
0.435,0.666,-8.122,0.089,0.761,0.0,0.326,0.722,111.044,182893,18,tango
0.47,0.596,-9.278,0.0399,0.867,1.86e-06,0.753,0.68,121.491,184505,19,tango
0.541,0.515,-10.131,0.0648,0.871,0.0,0.912,0.751,105.794,126850,19,tango
0.56,0.447,-5.644,0.0401,0.882,7.7e-06,0.272,0.725,129.855,182306,18,tango
0.439,0.337,-11.94,0.0346,0.81,0.000401,0.189,0.494,126.393,236066,18,tango
0.579,0.381,-11.846,0.0703,0.847,1.04e-06,0.0353,0.656,126.597,143360,18,tango
0.66,0.637,-4.601,0.0436,0.856,0.443,0.333,0.923,112.68,148493,18,tango
0.561,0.457,-9.834,0.0975,0.98,0.00059,0.14,0.826,58.066,168573,19,tango
0.349,0.134,-21.963,0.0505,0.821,0.0487,0.0464,0.429,118.069,231160,44,tango
0.501,0.354,-14.475,0.0953,0.84,0.0,0.173,0.577,109.941,140120,18,tango
0.405,0.257,-16.123,0.031,0.948,0.879,0.0941,0.332,153.389,153786,17,tango
0.491,0.198,-15.383,0.048,0.978,0.89,0.102,0.619,127.876,125520,18,tango
0.532,0.336,-7.537,0.0566,0.831,3.04e-06,0.277,0.332,110.986,186706,17,tango
0.516,0.372,-8.246,0.0572,0.975,0.909,0.108,0.353,75.955,285906,18,tango
0.339,0.42,-9.019,0.0843,0.473,2.42e-05,0.0856,0.208,173.932,193348,18,tango
0.529,0.745,-6.716,0.0339,0.000935,0.00153,0.594,0.277,126.043,215000,18,tango
0.506,0.318,-13.272,0.202,0.982,0.758,0.167,0.816,167.693,181329,17,tango
0.486,0.423,-8.201,0.031,0.92,0.191,0.0699,0.611,147.456,164373,17,tango
0.459,0.315,-9.797,0.0381,0.994,0.000396,0.227,0.322,113.349,171226,18,tango
0.543,0.301,-6.867,0.217,0.993,0.0,0.144,0.588,76.798,159680,17,tango
0.538,0.205,-18.053,0.223,0.948,5.53e-06,0.719,0.888,128.12,127059,18,tango
0.54,0.34,-9.832,0.0323,0.691,0.172,0.262,0.63,121.449,237052,18,tango
0.418,0.273,-9.578,0.0327,0.788,0.632,0.193,0.319,113.062,241346,18,tango
0.574,0.25,-13.015,0.043,0.64,0.748,0.116,0.306,119.592,335680,18,tango
0.358,0.341,-10.472,0.0341,0.961,0.0989,0.208,0.438,112.059,121559,18,tango
0.343,0.295,-6.204,0.0342,0.879,0.0,0.0772,0.194,83.565,265679,17,tango
0.559,0.177,-11.307,0.0436,0.978,0.0622,0.195,0.523,122.297,198933,17,tango
0.565,0.279,-13.731,0.038,0.85,0.0486,0.111,0.577,132.441,176599,18,tango
0.514,0.351,-12.495,0.055,0.939,0.00784,0.195,0.685,99.091,165853,17,tango
0.623,0.45,-8.347,0.0974,0.924,0.0,0.104,0.892,129.024,146050,18,tango
0.488,0.421,-6.73,0.0463,0.815,0.0,0.849,0.375,118.476,256240,17,tango
0.391,0.302,-9.798,0.0427,0.96,0.0227,0.109,0.445,62.586,202466,18,tango
0.511,0.346,-12.907,0.0284,0.779,0.885,0.247,0.624,55.846,165373,17,tango
0.558,0.251,-17.351,0.0385,0.847,0.588,0.114,0.602,127.199,140213,18,tango
0.268,0.0547,-25.052,0.0487,0.989,0.865,0.104,0.119,79.733,459520,19,tango
0.688,0.376,-12.8,0.0749,0.903,0.0,0.104,0.586,112.709,130586,17,tango
0.347,0.348,-10.555,0.033,0.768,0.0131,0.244,0.491,113.62,143933,17,tango
0.686,0.174,-12.42,0.0496,0.981,0.114,0.0836,0.784,119.439,177159,17,tango
0.6,0.0449,-20.085,0.0867,0.74,0.0549,0.127,0.259,135.75,154266,18,tango
0.883,0.341,-4.742,0.0583,0.965,0.76,0.0549,0.795,132.616,178240,18,tango
0.733,0.3,-11.938,0.107,0.988,0.00679,0.436,0.842,123.223,138166,18,tango
0.714,0.311,-10.464,0.181,0.98,2.74e-05,0.0792,0.826,70.578,146307,18,tango
0.597,0.394,-7.029,0.0457,0.975,0.117,0.151,0.602,127.968,155240,18,tango
0.303,0.254,-11.027,0.0372,0.979,1.95e-06,0.0699,0.699,82.059,174866,18,tango
0.49,0.458,-10.925,0.13,0.704,0.0,0.976,0.547,108.143,154226,17,tango
0.509,0.636,-8.064,0.0729,0.897,3.29e-06,0.437,0.871,119.611,200572,17,tango
0.531,0.469,-7.749,0.0792,0.817,0.0,0.209,0.793,99.868,163640,18,tango
0.495,0.422,-9.467,0.05,0.939,0.00332,0.215,0.752,100.594,165637,17,tango
0.412,0.441,-6.789,0.0306,0.751,0.0,0.123,0.549,158.98,206213,19,tango
0.743,0.206,-15.159,0.237,0.986,1.99e-05,0.114,0.785,62.799,144573,18,tango
0.413,0.457,-14.436,0.0585,0.938,0.00646,0.14,0.527,121.789,185973,17,tango
0.323,0.163,-14.019,0.0414,0.979,0.000438,0.249,0.504,90.269,173509,17,tango
0.495,0.233,-11.776,0.049,0.989,0.00315,0.137,0.263,120.807,136549,17,tango
0.685,0.435,-5.154,0.0498,0.912,0.918,0.125,0.754,119.901,149047,17,tango
0.479,0.365,-9.044,0.141,0.704,0.0,0.128,0.785,61.541,112386,17,tango
0.383,0.518,-9.199,0.0434,0.818,0.0,0.0723,0.408,107.994,211600,18,tango
0.43,0.357,-9.204,0.0764,0.792,3.05e-05,0.0799,0.525,168.599,135866,19,tango
0.868,0.542,-7.495,0.0759,0.98,0.0831,0.0439,0.944,95.609,154986,18,tango
0.295,0.0748,-20.087,0.0306,0.189,0.401,0.131,0.0837,95.602,214800,31,tango
0.402,0.244,-10.692,0.0386,0.912,0.0,0.0688,0.532,113.956,207160,17,tango
0.498,0.551,-8.225,0.0609,0.885,5.61e-05,0.0584,0.658,99.575,154013,17,tango
0.559,0.262,-10.374,0.0436,0.949,0.908,0.0988,0.705,122.469,136080,17,tango
0.447,0.156,-17.352,0.0545,0.822,0.0,0.27,0.412,119.352,171603,17,tango
0.64,0.283,-8.848,0.0376,0.505,0.0961,0.0845,0.618,120.089,161933,18,tango
0.522,0.467,-6.932,0.0331,0.76,0.00385,0.194,0.435,123.087,183207,18,tango
0.664,0.405,-10.656,0.0406,0.949,0.237,0.129,0.534,120.971,167733,17,tango
0.48,0.395,-7.051,0.0368,0.88,1.85e-05,0.0769,0.615,111.107,182935,17,tango
0.553,0.465,-6.315,0.0565,0.715,0.0,0.132,0.442,108.054,213476,16,tango
0.614,0.52,-7.234,0.0636,0.648,2.88e-05,0.105,0.329,84.993,226213,17,tango
0.594,0.369,-10.684,0.0474,0.914,0.000332,0.225,0.85,126.237,153369,17,tango
0.548,0.156,-14.413,0.257,0.992,8.7e-05,0.0995,0.674,80.833,208426,16,tango
0.454,0.448,-6.735,0.0437,0.887,0.0,0.0948,0.366,101.62,230160,18,tango
0.655,0.477,-5.411,0.0588,0.987,3.73e-05,0.117,0.569,122.732,130759,18,tango
0.487,0.364,-5.888,0.0337,0.404,0.0,0.132,0.12,113.59,126793,17,tango
0.546,0.402,-7.866,0.0466,0.843,0.884,0.158,0.829,130.27,152773,0,tango
0.682,0.53,-5.152,0.0336,0.82,0.0,0.0879,0.398,140.021,262093,18,tango
0.494,0.5,-4.026,0.0511,0.865,0.000449,0.205,0.719,99.227,155826,17,tango
0.474,0.373,-9.678,0.0373,0.79,0.0,0.098,0.669,112.903,181453,17,tango
0.669,0.293,-11.63,0.0696,0.966,0.00242,0.0861,0.801,139.792,142640,0,tango
0.703,0.373,-12.037,0.103,0.832,0.0,0.123,0.678,99.9,147800,17,tango
0.507,0.431,-8.312,0.0489,0.497,0.131,0.0785,0.673,115.884,190576,18,tango
0.687,0.334,-11.446,0.0728,0.978,0.00777,0.0768,0.964,93.028,139093,17,tango
0.684,0.455,-8.424,0.0358,0.63,0.0,0.344,0.568,109.008,239240,18,tango
0.651,0.501,-7.389,0.0434,0.903,0.609,0.0659,0.744,133.119,155968,17,tango
0.383,0.13,-15.727,0.0409,0.93,0.0,0.106,0.142,80.088,226213,17,tango
0.46,0.264,-10.962,0.0347,0.974,9.5e-05,0.133,0.367,114.739,168493,18,tango
0.584,0.445,-8.882,0.0346,0.737,0.0448,0.809,0.695,108.915,121786,16,tango
0.633,0.559,-7.443,0.0758,0.507,0.0,0.11,0.785,112.516,192906,18,tango
0.388,0.183,-16.192,0.0449,0.871,0.301,0.745,0.216,131.825,534653,17,tango
0.484,0.313,-11.723,0.0306,0.159,0.0,0.39,0.571,129.651,174213,19,tango
0.368,0.323,-12.511,0.0383,0.981,0.913,0.347,0.436,120.747,157727,17,tango
0.571,0.407,-9.408,0.0604,0.986,0.0134,0.351,0.718,133.682,202840,16,tango
0.718,0.472,-5.22,0.104,0.988,1.89e-05,0.105,0.552,124.447,148133,18,tango
0.605,0.681,-6.385,0.0288,0.248,0.0,0.347,0.56,141.052,234920,17,tango
0.512,0.393,-12.686,0.0635,0.802,1.42e-05,0.23,0.688,102.907,134333,17,tango
0.66,0.13,-15.896,0.133,0.912,0.516,0.194,0.659,124.481,183414,17,tango
0.444,0.121,-14.244,0.0366,0.968,0.000676,0.17,0.28,92.64,250133,17,tango
0.247,0.649,-5.401,0.0344,0.422,0.0422,0.112,0.417,183.691,235933,17,tango
0.511,0.12,-15.235,0.0429,0.951,0.0,0.367,0.737,113.009,192666,17,tango
0.582,0.224,-11.773,0.0434,0.635,0.27,0.119,0.489,110.998,172904,17,tango
0.481,0.505,-5.746,0.0413,0.786,0.00387,0.194,0.689,126.958,197951,18,tango
0.775,0.306,-11.614,0.216,0.992,0.00114,0.121,0.734,93.616,158842,17,tango
0.656,0.212,-8.716,0.0538,0.785,0.551,0.105,0.629,134.285,223097,18,tango
0.802,0.285,-10.043,0.0791,0.865,0.921,0.137,0.788,121.288,166948,17,tango
0.428,0.434,-10.734,0.0387,0.963,0.119,0.186,0.871,62.874,137360,18,tango
0.519,0.601,-8.953,0.189,0.841,0.0,0.676,0.601,114.599,162546,17,tango
0.53,0.36,-7.957,0.0441,0.974,0.0,0.122,0.669,132.247,155626,17,tango
0.569,0.523,-4.283,0.0854,0.772,0.0,0.0459,0.316,112.197,166613,17,tango
0.585,0.256,-17.089,0.08,0.546,0.0,0.617,0.793,115.227,188200,38,tango
0.715,0.262,-9.681,0.0512,0.4,0.755,0.0745,0.521,122.267,203026,17,tango
0.395,0.492,-5.148,0.0329,0.928,0.00904,0.21,0.582,112.292,163866,16,tango
0.454,0.414,-8.405,0.0389,0.92,0.577,0.151,0.644,149.324,139320,16,tango
0.286,0.276,-8.159,0.0338,0.732,4.69e-06,0.104,0.338,206.356,204889,16,tango
0.463,0.352,-7.673,0.0514,0.878,0.0,0.0824,0.134,72.28,219986,17,tango
0.712,0.261,-12.246,0.0952,0.976,0.0,0.0924,0.847,128.489,141949,18,tango
0.445,0.362,-8.871,0.0501,0.985,0.0385,0.122,0.308,115.115,183426,16,tango
0.39,0.445,-10.695,0.0485,0.449,0.0887,0.0885,0.325,112.468,216500,16,tango
0.651,0.398,-11.251,0.314,0.99,0.0,0.404,0.675,124.502,150466,18,tango
0.5,0.373,-5.399,0.0532,0.864,2.51e-05,0.0649,0.597,99.845,175293,17,tango
0.525,0.292,-14.041,0.0675,0.938,0.672,0.0845,0.412,170.983,356719,17,tango
0.783,0.334,-6.632,0.105,0.681,0.00999,0.0712,0.909,137.345,155904,17,tango
0.488,0.209,-13.31,0.0402,0.808,3.13e-05,0.0792,0.456,96.268,156096,17,tango
0.569,0.259,-8.314,0.0497,0.862,0.000974,0.54,0.632,122.35,185226,17,tango
0.455,0.458,-8.95,0.0325,0.884,0.681,0.282,0.668,144.347,148133,17,tango
0.701,0.375,-9.167,0.134,0.97,0.00045,0.0815,0.764,140.428,133333,17,tango
0.533,0.38,-6.411,0.061,0.714,0.0,0.104,0.521,111.42,175120,17,tango
0.47,0.109,-17.604,0.0669,0.992,1.26e-06,0.12,0.461,53.17,195426,16,tango
0.484,0.249,-17.28,0.0528,0.821,6.28e-05,0.969,0.481,84.737,248280,16,tango
0.626,0.609,-7.699,0.0717,0.971,0.00328,0.484,0.908,78.336,170186,16,tango
0.576,0.312,-11.496,0.039,0.851,0.298,0.106,0.749,121.601,182413,17,tango
0.468,0.337,-9.125,0.0481,0.558,0.0043,0.0857,0.408,129.974,168000,16,tango
0.538,0.324,-10.618,0.054,0.684,0.0,0.0647,0.821,115.973,176573,17,tango
0.726,0.125,-11.751,0.143,0.983,0.0,0.183,0.486,115.526,161732,17,tango
0.597,0.391,-10.728,0.137,0.995,0.402,0.169,0.773,62.639,138186,17,tango
0.58,0.187,-11.27,0.0605,0.618,0.0371,0.0785,0.523,108.842,214752,16,tango
0.469,0.441,-11.925,0.0315,0.713,3.96e-05,0.759,0.796,112.865,182813,16,tango
0.569,0.471,-8.971,0.0735,0.63,0.625,0.0909,0.417,101.855,270512,17,tango
0.446,0.648,-9.425,0.0609,0.979,0.293,0.0923,0.655,113.816,200306,17,tango
0.505,0.388,-6.802,0.0414,0.975,0.000173,0.0906,0.713,119.398,172026,16,tango
0.664,0.569,-6.122,0.153,0.675,0.0,0.0585,0.88,120.409,191013,17,tango
0.418,0.555,-7.045,0.0511,0.972,0.0157,0.243,0.795,104.336,181400,17,tango
0.685,0.15,-10.604,0.0549,0.934,0.0,0.133,0.444,107.254,202906,17,tango
0.448,0.133,-11.943,0.0324,0.866,0.654,0.107,0.365,99.782,240160,16,tango
0.745,0.255,-11.416,0.102,0.995,0.00197,0.135,0.549,123.598,149532,18,tango
0.416,0.402,-8.801,0.0491,0.916,0.000193,0.193,0.467,104.308,221226,18,tango
0.479,0.566,-3.135,0.044,0.94,0.0,0.173,0.723,118.532,200013,16,tango
0.606,0.69,-6.69,0.119,0.57,0.0,0.0928,0.626,104.918,196120,17,tango
0.394,0.41,-6.779,0.0564,0.993,0.00437,0.226,0.492,101.432,206733,17,tango
0.492,0.387,-13.426,0.0694,0.905,0.157,0.288,0.679,103.781,185293,17,tango
0.604,0.372,-15.684,0.0747,0.967,0.958,0.313,0.775,100.123,195182,17,tango
0.693,0.421,-9.639,0.108,0.311,0.472,0.0844,0.598,105.922,195760,17,tango
0.508,0.278,-10.312,0.064,0.658,0.0,0.0474,0.387,113.823,161613,17,tango
0.708,0.396,-11.278,0.0454,0.857,3.54e-06,0.0799,0.901,104.123,196493,16,tango
0.684,0.397,-10.193,0.0443,0.691,0.778,0.24,0.675,120.547,168626,17,tango
0.518,0.718,-4.931,0.103,0.814,2.63e-06,0.393,0.777,117.09,192200,16,tango
0.565,0.39,-10.167,0.0497,0.891,0.0367,0.32,0.615,104.778,130853,17,tango
0.433,0.489,-7.568,0.0529,0.907,0.0,0.122,0.494,122.512,225226,16,tango
0.469,0.452,-8.816,0.0367,0.851,1.43e-05,0.348,0.516,115.209,177106,16,tango
0.637,0.343,-5.885,0.0836,0.903,2.75e-05,0.0885,0.573,117.023,168493,17,tango
0.354,0.289,-8.267,0.0282,0.761,0.0,0.0731,0.338,105.108,239013,17,tango
0.559,0.376,-7.184,0.0478,0.934,0.000572,0.147,0.572,120.525,184064,16,tango
0.668,0.23,-16.238,0.118,0.995,0.561,0.22,0.805,70.912,140186,17,tango
0.589,0.274,-9.291,0.146,0.944,0.0,0.176,0.644,89.282,155693,16,tango
0.331,0.542,-8.006,0.0471,0.988,0.00195,0.276,0.592,188.773,194453,17,tango
0.437,0.266,-14.183,0.0413,0.835,4.16e-06,0.411,0.381,117.738,182901,17,tango
0.549,0.244,-11.421,0.043,0.93,0.00547,0.541,0.739,124.986,182973,17,tango
0.585,0.259,-9.131,0.0437,0.986,0.000304,0.526,0.842,99.378,179002,18,tango
0.446,0.213,-18.634,0.128,0.906,0.0,0.373,0.806,172.003,156666,17,tango
0.314,0.263,-9.81,0.0315,0.736,2.19e-05,0.113,0.318,132.166,198203,17,tango
0.427,0.428,-7.389,0.0351,0.542,0.236,0.06,0.628,113.231,220773,16,tango
0.529,0.319,-5.518,0.0407,0.804,0.75,0.243,0.615,136.395,178700,17,tango
0.447,0.282,-11.037,0.0415,0.968,0.0,0.57,0.456,105.066,166880,16,tango
0.706,0.338,-8.131,0.0872,0.988,0.00223,0.105,0.576,122.807,150266,17,tango
0.483,0.28,-8.324,0.0389,0.857,7.07e-06,0.167,0.455,117.863,204253,17,tango
0.613,0.105,-17.887,0.0445,0.875,0.156,0.0642,0.473,120.619,185390,17,tango
0.479,0.214,-13.639,0.034,0.713,0.82,0.116,0.588,112.304,167400,16,tango
0.718,0.216,-12.261,0.26,0.993,0.00368,0.0991,0.722,122.689,134959,17,tango
0.595,0.386,-11.447,0.328,0.995,0.493,0.232,0.852,177.603,146240,17,tango
0.407,0.376,-9.899,0.033,0.871,0.00034,0.0823,0.571,112.889,168746,17,tango
0.766,0.407,-8.344,0.0435,0.842,0.517,0.0288,0.893,100.913,182240,17,tango
0.651,0.2,-8.959,0.0819,0.956,0.326,0.262,0.456,125.822,156544,16,tango
0.619,0.161,-16.023,0.144,0.958,0.0,0.548,0.674,174.925,158092,17,tango
0.558,0.552,-9.254,0.0248,0.125,0.0,0.146,0.748,102.544,193293,18,tango
0.52,0.369,-14.704,0.0714,0.937,0.0041,0.165,0.794,125.166,148003,17,tango
0.479,0.369,-9.348,0.0432,0.75,1.38e-06,0.344,0.486,111.782,183346,16,tango
0.483,0.456,-6.482,0.0427,0.676,0.0,0.136,0.509,58.628,178866,16,tango
0.713,0.169,-13.517,0.275,0.993,9.94e-05,0.162,0.684,112.507,139425,17,tango
0.475,0.0977,-15.504,0.0458,0.944,0.043,0.0905,0.148,97.574,225306,16,tango
0.487,0.564,-8.634,0.0272,0.818,0.759,0.369,0.331,86.647,158960,16,tango
0.439,0.706,-4.388,0.0418,0.922,0.0,0.363,0.802,105.272,154240,17,tango
0.783,0.324,-7.549,0.0414,0.728,0.0,0.068,0.803,121.18,179960,18,tango
0.66,0.473,-7.11,0.0717,0.993,0.321,0.203,0.666,120.282,167493,17,tango
0.549,0.581,-6.559,0.0496,0.726,0.00147,0.111,0.555,112.784,168213,17,tango
0.706,0.287,-7.759,0.0601,0.937,0.28,0.0926,0.92,104.077,141305,16,tango
0.7,0.304,-7.406,0.0444,0.934,0.29,0.0984,0.513,121.063,150346,16,tango
0.468,0.247,-14.514,0.223,0.888,2.77e-05,0.285,0.367,90.136,266600,17,tango
0.71,0.291,-12.51,0.0506,0.929,0.0507,0.137,0.615,125.955,173680,17,tango
0.344,0.354,-12.328,0.0329,0.749,0.0,0.11,0.19,98.166,220733,17,tango
0.657,0.393,-3.518,0.0433,0.843,0.0473,0.14,0.527,118.783,178451,17,tango
0.447,0.53,-9.328,0.164,0.646,9.98e-05,0.901,0.523,90.329,112059,17,tango
0.455,0.567,-5.384,0.0383,0.852,1.59e-06,0.322,0.599,116.077,171160,17,tango
0.661,0.456,-5.671,0.1,0.931,0.343,0.129,0.765,139.476,141575,17,tango
0.485,0.39,-9.855,0.0467,0.899,0.0,0.5,0.663,116.008,160106,16,tango
0.41,0.424,-9.981,0.0561,0.88,4.86e-05,0.337,0.406,102.066,220706,17,tango
0.379,0.327,-7.349,0.0453,0.936,0.0538,0.113,0.381,135.117,201266,17,tango
0.31,0.445,-8.952,0.037,0.889,0.0239,0.076,0.428,61.462,184266,17,tango
0.561,0.461,-8.326,0.0603,0.797,1.27e-05,0.146,0.657,111.575,169866,17,tango
0.504,0.524,-8.036,0.0745,0.821,4.24e-06,0.0633,0.764,111.388,160173,17,tango
0.574,0.727,-3.44,0.0362,0.804,0.662,0.331,0.806,120.046,162413,16,tango
0.43,0.533,-4.311,0.0365,0.527,0.043,0.237,0.432,130.646,192329,17,tango
0.408,0.621,-3.924,0.0356,0.749,0.0368,0.354,0.571,130.771,166234,17,tango
0.607,0.332,-7.752,0.0458,0.725,1.47e-05,0.502,0.662,128.272,186389,17,tango
0.702,0.371,-6.554,0.0723,0.924,0.000517,0.141,0.895,116.033,202240,16,tango
0.783,0.432,-12.045,0.0665,0.835,0.836,0.264,0.721,91.864,110602,16,tango
0.482,0.192,-15.351,0.0365,0.927,0.748,0.125,0.198,120.941,243784,16,tango
0.444,0.467,-5.681,0.039,0.826,0.096,0.448,0.496,129.43,222870,16,tango
0.494,0.244,-12.605,0.0505,0.939,0.0,0.305,0.321,111.962,189253,15,tango
0.749,0.399,-9.51,0.0731,0.934,0.912,0.108,0.829,108.921,159560,16,tango
0.63,0.298,-11.179,0.0455,0.861,9.62e-06,0.314,0.917,126.043,175200,0,tango
0.476,0.47,-5.835,0.0345,0.71,0.0817,0.0805,0.626,131.66,176899,17,tango
0.545,0.339,-8.627,0.0408,0.96,6.58e-05,0.122,0.452,60.748,146720,16,tango
0.557,0.395,-9.514,0.0645,0.693,0.665,0.164,0.376,123.529,256186,16,tango
0.59,0.201,-13.623,0.056,0.719,0.0,0.213,0.566,125.26,125805,16,tango
0.601,0.543,-4.388,0.0418,0.747,3.02e-05,0.0592,0.829,98.151,152906,16,tango
0.313,0.338,-10.253,0.0358,0.99,0.912,0.402,0.44,73.609,160493,16,tango
0.656,0.294,-10.341,0.0751,0.859,6.22e-05,0.0645,0.53,111.967,185173,16,tango
0.603,0.397,-10.222,0.0346,0.927,0.787,0.0856,0.473,81.794,258187,17,tango
0.606,0.375,-9.717,0.187,0.685,0.00018,0.0486,0.844,162.371,135826,16,tango
0.595,0.315,-12.752,0.0344,0.699,0.85,0.325,0.471,119.658,169160,16,tango
0.492,0.32,-11.911,0.0407,0.801,0.288,0.315,0.488,117.914,225512,16,tango
0.448,0.342,-10.666,0.0391,0.923,0.0115,0.259,0.714,100.526,173573,16,tango
0.634,0.383,-7.707,0.0355,0.845,0.647,0.307,0.405,119.2,194293,16,tango
0.327,0.161,-15.362,0.0437,0.938,0.0,0.159,0.277,164.744,198693,16,tango
0.505,0.471,-8.727,0.181,0.98,6.68e-05,0.156,0.83,173.66,125160,16,tango
0.41,0.403,-10.563,0.0419,0.894,0.0,0.121,0.658,108.927,174613,19,tango
0.673,0.276,-12.624,0.0568,0.717,0.693,0.123,0.5,106.989,195466,16,tango
0.748,0.276,-11.203,0.0403,0.879,0.00148,0.0615,0.964,126.201,199573,15,tango
0.623,0.271,-6.979,0.043,0.895,1.59e-05,0.0944,0.557,120.308,178853,16,tango
0.491,0.339,-10.439,0.0433,0.837,0.239,0.117,0.449,119.086,164040,16,tango
0.528,0.493,-7.262,0.0501,0.708,0.121,0.148,0.669,146.301,159194,16,tango
0.564,0.219,-11.311,0.0489,0.801,0.0274,0.0632,0.62,117.286,172016,16,tango
0.611,0.448,-7.083,0.0461,0.649,1.06e-05,0.0464,0.402,99.404,211053,16,tango
0.545,0.272,-12.519,0.0318,0.798,0.73,0.211,0.367,115.015,142866,16,tango
0.636,0.659,-3.769,0.15,0.659,0.0,0.0638,0.89,121.34,192680,16,tango
0.675,0.436,-7.846,0.135,0.984,0.00197,0.357,0.777,102.689,150133,16,tango
0.58,0.268,-11.921,0.173,0.753,0.0,0.128,0.533,124.531,185415,16,tango
0.499,0.279,-15.411,0.0563,0.926,0.000234,0.682,0.381,127.877,269626,16,tango
0.542,0.25,-8.023,0.0444,0.883,0.0,0.135,0.539,124.561,162920,16,tango
0.542,0.332,-6.409,0.0606,0.98,0.000708,0.136,0.546,83.173,166320,15,tango
0.661,0.121,-18.448,0.0522,0.755,0.0,0.115,0.515,102.764,123306,16,tango
0.554,0.296,-9.12,0.048,0.873,0.000647,0.0694,0.718,131.227,166320,16,tango
0.475,0.661,-8.63,0.222,0.871,2e-06,0.319,0.567,110.572,185240,16,tango
0.433,0.187,-13.219,0.0429,0.988,0.000574,0.252,0.182,120.456,151625,15,tango
0.602,0.467,-7.099,0.13,0.871,0.0,0.159,0.621,125.237,124853,16,tango
0.623,0.658,-6.829,0.0681,0.736,0.0,0.0464,0.608,121.849,170306,15,tango
0.406,0.306,-11.731,0.106,0.939,8.51e-06,0.381,0.446,99.928,187586,16,tango
0.571,0.485,-8.417,0.192,0.91,0.0,0.07,0.6,116.956,138013,15,tango
0.313,0.563,-5.546,0.108,0.819,0.0,0.308,0.605,63.78,166346,16,tango
0.366,0.116,-18.619,0.0434,0.455,0.745,0.145,0.224,202.564,110706,34,tango
0.755,0.445,-9.359,0.203,0.742,8.86e-05,0.0769,0.662,108.408,173786,16,tango
0.697,0.362,-6.539,0.0823,0.917,0.000468,0.135,0.857,115.993,202266,16,tango
0.494,0.409,-4.616,0.0515,0.908,0.0855,0.369,0.446,117.768,210093,16,tango
0.396,0.465,-8.557,0.0369,0.954,7.37e-05,0.192,0.574,104.122,143413,16,tango
0.663,0.595,-8.718,0.0385,0.772,0.202,0.163,0.905,104.594,133746,15,tango
0.366,0.465,-4.685,0.0296,0.626,0.00416,0.161,0.353,116.53,305680,16,tango
0.421,0.426,-5.294,0.046,0.764,8.8e-05,0.207,0.505,86.934,190880,15,tango
0.676,0.196,-13.303,0.0404,0.902,0.108,0.0878,0.527,117.112,141906,16,tango
0.49,0.416,-9.692,0.0337,0.893,0.62,0.128,0.548,72.907,153293,15,tango
0.653,0.256,-8.31,0.0384,0.58,0.0,0.109,0.452,88.106,213838,16,tango
0.562,0.18,-7.932,0.048,0.97,0.00936,0.157,0.476,122.657,194973,15,tango
0.725,0.173,-18.364,0.105,0.99,0.00823,0.155,0.726,125.855,149613,15,tango
0.489,0.256,-10.127,0.0431,0.932,0.00157,0.245,0.511,96.323,194893,16,tango
0.307,0.151,-15.097,0.0287,0.121,0.546,0.126,0.0716,95.448,214920,16,tango
0.556,0.262,-8.346,0.0519,0.873,0.00151,0.5,0.64,122.973,185200,15,tango
0.649,0.499,-7.288,0.0471,0.896,0.635,0.119,0.722,133.125,154053,16,tango
0.488,0.432,-8.987,0.0436,0.93,0.000159,0.327,0.733,120.719,161160,16,tango
0.496,0.167,-11.095,0.0445,0.985,0.017,0.398,0.505,119.436,194653,16,tango
0.467,0.537,-6.059,0.127,0.679,2.64e-06,0.144,0.7,174.701,173400,16,tango
0.422,0.26,-12.354,0.042,0.89,0.0,0.137,0.372,112.741,199933,16,tango
0.453,0.273,-12.637,0.0295,0.133,0.115,0.065,0.519,97.848,186520,16,tango
0.586,0.264,-12.504,0.0727,0.738,0.0,0.171,0.552,120.7,145879,16,tango
0.326,0.2,-12.065,0.0351,0.91,0.0,0.123,0.216,107.911,221506,16,tango
0.606,0.213,-11.128,0.0445,0.76,0.0144,0.0962,0.541,125.749,164906,16,tango
0.451,0.648,-9.679,0.0654,0.912,1.25e-06,0.084,0.832,125.399,160391,16,tango
0.793,0.302,-9.826,0.0874,0.913,0.915,0.18,0.833,121.067,167626,16,tango
0.41,0.607,-6.66,0.0505,0.728,4.8e-06,0.121,0.481,87.179,178826,18,tango
0.415,0.574,-10.903,0.128,0.969,3.27e-05,0.311,0.547,116.054,187486,16,tango
0.794,0.128,-13.13,0.163,0.94,0.0,0.258,0.642,129.111,154070,15,tango
0.587,0.332,-12.494,0.044,0.66,0.0,0.0901,0.359,105.254,178816,17,tango
0.791,0.401,-10.314,0.12,0.973,0.819,0.326,0.843,101.504,154973,16,tango
0.746,0.253,-10.689,0.19,0.982,0.851,0.0648,0.537,136.46,134506,16,tango
0.595,0.136,-9.528,0.0634,0.793,0.0,0.155,0.158,117.857,165546,15,tango
0.623,0.618,-7.138,0.0268,0.29,0.00515,0.161,0.543,118.738,229160,18,tango
0.367,0.265,-13.41,0.0342,0.966,9.31e-05,0.379,0.522,108.35,180453,16,tango
0.482,0.293,-13.456,0.0379,0.79,0.71,0.19,0.275,110.978,182853,16,tango
0.514,0.347,-12.554,0.072,0.871,2.18e-05,0.107,0.647,125.956,163893,16,tango
0.625,0.267,-12.184,0.125,0.533,0.0,0.0857,0.714,129.045,128615,16,tango
0.439,0.479,-15.558,0.122,0.93,0.0363,0.413,0.77,96.379,134687,16,tango
0.539,0.401,-10.062,0.0487,0.927,3.81e-05,0.451,0.683,62.075,171266,16,tango
0.45,0.564,-11.546,0.0573,0.979,0.226,0.404,0.696,117.162,196306,16,tango
0.518,0.718,-4.931,0.103,0.814,2.63e-06,0.393,0.777,117.09,192200,16,tango
0.413,0.554,-10.044,0.129,0.92,1.82e-06,0.617,0.64,80.729,193853,16,tango
0.649,0.547,-6.188,0.14,0.866,0.0,0.115,0.826,120.649,189066,15,tango
0.48,0.598,-8.329,0.0725,0.82,0.000149,0.168,0.683,114.317,183426,15,tango
0.506,0.525,-9.088,0.0406,0.756,0.0269,0.306,0.964,113.328,132760,16,tango
0.459,0.611,-7.4,0.0638,0.851,2.44e-05,0.302,0.525,115.397,231733,15,tango
0.543,0.566,-9.189,0.0766,0.798,0.0,0.43,0.841,121.075,184240,16,tango
0.551,0.524,-7.759,0.0465,0.761,7.31e-05,0.151,0.96,97.979,130840,16,tango
0.592,0.642,-6.21,0.0331,0.777,0.000395,0.238,0.913,108.542,164266,16,tango
0.393,0.402,-6.515,0.0597,0.878,3.91e-05,0.367,0.507,79.334,183413,16,tango
0.517,0.404,-7.134,0.0332,0.859,0.00127,0.42,0.604,122.721,194317,16,tango
0.622,0.567,-5.4,0.139,0.623,4.45e-05,0.17,0.548,144.164,137500,16,tango
0.347,0.402,-7.059,0.131,0.966,0.0102,0.287,0.421,52.446,209106,15,tango
0.383,0.109,-21.162,0.0473,0.769,0.000962,0.0818,0.287,142.643,230480,15,tango
0.707,0.499,-5.449,0.0445,0.688,0.922,0.125,0.688,125.963,188840,15,tango
0.664,0.146,-10.656,0.197,0.993,0.0,0.143,0.329,74.55,153693,15,tango
0.677,0.269,-15.776,0.0991,0.958,0.909,0.113,0.695,82.744,233119,16,tango
0.312,0.114,-17.273,0.0513,0.939,0.907,0.101,0.185,74.227,398679,16,tango
0.518,0.109,-13.64,0.0507,0.989,0.0144,0.0992,0.333,109.344,238625,15,tango
0.31,0.214,-15.613,0.0464,0.747,1.25e-05,0.155,0.461,102.138,183533,17,tango
0.768,0.3,-11.007,0.0455,0.973,0.00877,0.159,0.851,107.925,135076,16,tango
0.368,0.154,-16.568,0.0468,0.955,0.925,0.113,0.295,83.158,335586,16,tango
0.717,0.194,-11.699,0.0495,0.898,0.693,0.0973,0.523,122.587,164586,16,tango
0.635,0.542,-7.661,0.0884,0.94,3.19e-05,0.102,0.849,133.361,166760,15,tango
0.689,0.224,-18.986,0.109,0.965,0.000133,0.298,0.766,131.883,185346,16,tango
0.558,0.215,-12.708,0.0399,0.934,0.00681,0.282,0.614,102.601,152413,15,tango
0.375,0.472,-16.077,0.0425,0.934,0.889,0.106,0.856,100.393,134986,16,tango
0.251,0.408,-8.803,0.0297,0.776,0.0902,0.213,0.411,95.736,143046,16,tango
0.587,0.325,-11.782,0.192,0.926,0.94,0.15,0.538,153.292,174839,16,tango
0.492,0.219,-16.98,0.0588,0.891,0.0,0.208,0.779,118.251,173612,16,tango
0.33,0.416,-16.877,0.0555,0.946,0.935,0.123,0.337,96.601,76613,16,tango
0.419,0.221,-9.697,0.0372,0.841,0.166,0.101,0.234,114.347,250506,15,tango
0.712,0.155,-16.215,0.115,0.994,0.63,0.116,0.478,122.587,166533,16,tango
0.657,0.569,-4.336,0.339,0.989,0.0395,0.144,0.78,74.796,183568,16,tango
0.664,0.538,-6.037,0.0808,0.942,0.0,0.131,0.704,124.515,183333,16,tango
0.563,0.369,-10.736,0.0812,0.747,0.0,0.26,0.848,118.165,157210,16,tango
0.687,0.46,-6.536,0.0785,0.985,0.0,0.048,0.799,137.994,132600,16,tango
0.33,0.357,-8.439,0.0334,0.918,0.0194,0.0983,0.139,115.09,199120,16,tango
0.288,0.506,-7.385,0.0466,0.472,0.228,0.199,0.136,54.33,433080,16,tango
0.37,0.285,-18.554,0.139,0.924,4.86e-06,0.0746,0.433,77.413,279893,16,tango
0.33,0.254,-13.383,0.0594,0.923,9.58e-06,0.0974,0.383,142.047,218213,16,tango
0.537,0.285,-10.356,0.0351,0.794,1.05e-05,0.339,0.565,114.508,174000,18,tango
0.406,0.443,-7.358,0.0423,0.913,0.000257,0.192,0.449,100.686,221426,16,tango
0.682,0.412,-7.066,0.0422,0.794,0.811,0.292,0.676,118.419,176717,15,tango
0.501,0.359,-10.089,0.0438,0.817,0.0,0.245,0.438,102.897,184653,17,tango
0.499,0.561,-6.236,0.0537,0.854,0.00134,0.0965,0.749,105.417,138600,16,tango
0.563,0.233,-10.207,0.0582,0.938,0.0,0.0645,0.536,118.558,152866,16,tango
0.672,0.346,-9.903,0.092,0.995,0.0755,0.123,0.561,123.76,137760,16,tango
0.624,0.417,-6.23,0.0502,0.994,1.77e-06,0.102,0.533,121.481,158840,17,tango
0.544,0.183,-11.293,0.0416,0.981,0.256,0.109,0.559,126.741,196506,14,tango
0.636,0.242,-9.97,0.0776,0.828,0.815,0.182,0.657,142.934,138320,16,tango
0.581,0.155,-19.407,0.0544,0.89,0.935,0.104,0.257,141.114,201760,16,tango
0.621,0.221,-12.15,0.0658,0.875,0.009,0.0851,0.532,119.132,204466,15,tango
0.343,0.0469,-22.113,0.0441,0.897,0.0716,0.178,0.167,97.274,251933,16,tango
0.441,0.557,-8.839,0.229,0.587,0.0,0.975,0.445,106.146,170376,16,tango
0.481,0.299,-7.951,0.05,0.959,6.04e-06,0.108,0.566,125.092,165146,16,tango
0.474,0.444,-8.896,0.0544,0.768,0.0,0.127,0.441,103.051,184733,17,tango
0.718,0.347,-9.492,0.0505,0.873,0.729,0.124,0.815,110.649,157480,16,tango
